# Blender v2.81 (sub 16) OBJ File: 'Free Fire T Shirt 3D Character Model.blend'
# www.blender.org
mtllib Free Fire T Shirt 3D Character Model.mtl
o male_lobby_head_cos_Djmale.001_male_lobby_head_cos_Djmale.016
v -0.010388 1.786981 0.108792
v -0.005356 1.795946 0.113225
v -0.008848 1.793366 0.103601
v -0.005860 1.789183 0.117945
v -0.005136 1.806829 0.104889
v -0.008658 1.804344 0.097059
v -0.015296 1.790346 0.097059
v -0.014226 1.801072 0.090611
v -0.024449 1.793241 0.086113
v -0.000103 1.796449 0.114862
v -0.000073 1.807364 0.106589
v -0.020989 1.783616 0.091679
v -0.011993 1.777483 0.115774
v -0.018379 1.776978 0.105424
v -0.014478 1.784496 0.098569
v -0.013943 1.772355 0.112785
v -0.018096 1.771003 0.106842
v -0.012213 1.769713 0.109767
v -0.008723 1.769900 0.116152
v -0.008848 1.773488 0.099701
v -0.004916 1.763893 0.111150
v -0.010231 1.772920 0.117975
v -0.007276 1.777701 0.124612
v -0.006803 1.773235 0.123795
v -0.005671 1.769745 0.121247
v -0.000010 1.773205 0.126688
v -0.000010 1.768423 0.123700
v 0.000147 1.777796 0.127003
v -0.000010 1.764648 0.119327
v -0.000010 1.763705 0.112439
v 0.000055 1.789529 0.120585
v 0.005810 1.769493 0.122190
v 0.006690 1.773298 0.124770
v 0.010308 1.772575 0.118447
v 0.006785 1.777765 0.124895
v 0.013233 1.777261 0.112785
v 0.013830 1.772198 0.112565
v 0.008263 1.769587 0.116435
v 0.012888 1.769523 0.109860
v 0.009080 1.773048 0.099984
v 0.004897 1.763893 0.111150
v 0.005590 1.789026 0.117472
v 0.011188 1.786508 0.106589
v 0.005620 1.795441 0.112407
v 0.009427 1.793241 0.101871
v 0.005778 1.806892 0.104072
v 0.009522 1.804217 0.095076
v 0.016128 1.790976 0.095329
v 0.016033 1.800789 0.087496
v 0.025311 1.792171 0.086143
v 0.015058 1.784433 0.098726
v 0.020561 1.784056 0.091994
v 0.026223 1.778740 0.088754
v 0.036384 1.789529 0.081961
v 0.036164 1.768832 0.083188
v 0.027546 1.762163 0.087056
v 0.037234 1.753262 0.082148
v 0.043366 1.758295 0.076236
v 0.041824 1.743764 0.076645
v 0.047047 1.745619 0.069128
v 0.036571 1.729576 0.074915
v 0.041574 1.722436 0.062930
v 0.027986 1.719103 0.078753
v 0.030816 1.710705 0.073563
v 0.038584 1.710390 0.053557
v 0.030721 1.701835 0.065855
v 0.020876 1.708565 0.085231
v 0.022796 1.698029 0.083031
v 0.012603 1.704037 0.091616
v 0.012950 1.695449 0.087716
v 0.053117 1.765215 0.069285
v 0.045599 1.777828 0.078721
v 0.053242 1.786698 0.072588
v 0.055539 1.751280 0.060005
v 0.056985 1.735868 0.048964
v 0.068593 1.749017 0.030156
v 0.067743 1.766755 0.042674
v 0.062900 1.777198 0.059785
v 0.066610 1.788176 0.053589
v 0.070353 1.784276 0.034811
v 0.071360 1.764555 0.019146
v 0.072240 1.779213 0.017793
v 0.074348 1.795724 0.015403
v 0.072588 1.807521 0.030848
v 0.075575 1.811704 0.007918
v 0.068120 1.805791 0.048399
v 0.066610 1.820952 0.053337
v 0.071265 1.833123 0.029054
v 0.064597 1.844668 0.051072
v 0.061137 1.833123 0.062427
v 0.063685 1.814314 0.066108
v 0.061705 1.823782 0.073783
v 0.062867 1.804784 0.062522
v 0.060352 1.794059 0.064440
v 0.054877 1.840043 0.076110
v 0.055632 1.829223 0.084413
v 0.041919 1.842341 0.090674
v 0.044719 1.831300 0.092811
v 0.034969 1.830355 0.097089
v 0.026349 1.839446 0.098631
v 0.025501 1.829098 0.099449
v 0.073215 1.861716 0.024933
v 0.076425 1.829255 0.007288
v 0.077273 1.855489 -0.002903
v 0.075073 1.879707 -0.000575
v 0.069505 1.882067 0.021066
v 0.065478 1.901851 -0.000920
v 0.060822 1.900781 0.021286
v 0.057772 1.893390 0.042329
v 0.063277 1.868194 0.048052
v 0.050727 1.885150 0.059785
v 0.047674 1.870492 0.071990
v 0.035503 1.898548 0.066265
v 0.042831 1.908488 0.047109
v 0.021820 1.916289 0.053495
v 0.018768 1.905971 0.069128
v 0.031476 1.880430 0.081928
v 0.029558 1.858664 0.092874
v 0.044184 1.855519 0.083188
v 0.055790 1.852846 0.068780
v 0.015153 1.860899 0.096241
v 0.016378 1.885590 0.085829
v 0.048147 1.914371 0.023046
v 0.052142 1.916824 -0.002903
v 0.054502 1.911224 -0.032722
v 0.068498 1.895875 -0.030519
v 0.055382 1.896723 -0.058985
v 0.076425 1.876467 -0.027311
v 0.078343 1.850959 -0.026809
v 0.073720 1.852374 -0.051750
v 0.074725 1.828090 -0.045209
v 0.061295 1.827997 -0.076978
v 0.059755 1.853506 -0.078109
v 0.056985 1.800601 -0.071096
v 0.067020 1.790504 -0.049047
v 0.071203 1.874770 -0.051940
v 0.058150 1.876845 -0.071723
v 0.078846 1.820952 -0.003500
v 0.052362 1.775595 -0.062603
v 0.034306 1.798084 -0.087357
v 0.031508 1.772260 -0.079839
v -0.000388 1.797171 -0.098492
v -0.000040 1.826173 -0.105255
v 0.036571 1.826142 -0.095284
v 0.036384 1.853506 -0.096069
v -0.000103 1.853979 -0.104657
v 0.033206 1.880997 -0.087641
v -0.000073 1.883985 -0.096197
v -0.000040 1.771190 -0.087924
v 0.030848 1.905153 -0.071503
v 0.000022 1.910061 -0.077544
v -0.000073 1.928084 -0.040994
v 0.029778 1.922484 -0.037659
v 0.029054 1.741341 -0.076851
v -0.000010 1.742284 -0.081444
v 0.050600 1.739421 -0.058640
v 0.061767 1.755935 -0.031652
v 0.028079 1.929404 -0.004068
v 0.025123 1.927360 0.025941
v -0.000010 1.934344 -0.005828
v -0.000230 1.931387 0.028426
v -0.000166 1.919717 0.056387
v 0.059250 1.732471 -0.020801
v 0.061987 1.739202 -0.000418
v 0.051827 1.720141 0.007163
v 0.059975 1.729451 0.019650
v 0.036571 1.707402 0.032954
v 0.046794 1.718913 0.039371
v -0.000103 1.909589 0.071485
v 0.000275 1.887603 0.087496
v 0.000212 1.861842 0.097624
v -0.016428 1.885370 0.085483
v -0.019321 1.906696 0.069820
v -0.036747 1.899366 0.067020
v -0.021869 1.916854 0.053935
v -0.044455 1.909149 0.048272
v -0.059205 1.893390 0.043901
v -0.053230 1.886533 0.061075
v -0.065276 1.869454 0.048872
v -0.031714 1.880588 0.082181
v -0.014824 1.861936 0.096146
v -0.029199 1.860237 0.092434
v -0.048920 1.872064 0.075513
v -0.058105 1.853286 0.070198
v -0.065151 1.844228 0.051922
v -0.071756 1.882695 0.022763
v -0.063421 1.901286 0.022921
v -0.067888 1.901883 -0.000418
v -0.077386 1.879960 -0.000388
v -0.073076 1.858414 0.025028
v -0.078486 1.855049 0.001595
v -0.075028 1.826015 0.010025
v -0.069963 1.833093 0.031131
v -0.065906 1.819505 0.055697
v -0.062100 1.828248 0.065698
v -0.061156 1.812774 0.068183
v -0.058860 1.818937 0.077808
v -0.071191 1.806199 0.032043
v -0.066818 1.805067 0.051984
v -0.060528 1.805224 0.063968
v -0.067636 1.783931 0.035126
v -0.075814 1.795379 0.011880
v -0.072479 1.778803 0.020656
v -0.064648 1.790378 0.055790
v -0.057790 1.795976 0.066705
v -0.061596 1.779526 0.061390
v -0.064238 1.766567 0.041731
v -0.054425 1.787736 0.070950
v -0.053607 1.765088 0.068530
v -0.056910 1.749992 0.057080
v -0.067383 1.749677 0.026853
v -0.070278 1.763642 0.020688
v -0.058798 1.735459 0.046637
v -0.046372 1.778425 0.078218
v -0.043322 1.754740 0.077431
v -0.034924 1.767260 0.083973
v -0.035899 1.790221 0.082086
v -0.038162 1.751187 0.083564
v -0.027657 1.761817 0.087528
v -0.026997 1.776948 0.088376
v -0.017781 1.773423 0.093031
v -0.017371 1.777891 0.094259
v -0.040427 1.740397 0.079663
v -0.046812 1.740901 0.070480
v -0.037849 1.729514 0.076456
v -0.043007 1.722436 0.064377
v -0.030049 1.719228 0.080011
v -0.031809 1.711145 0.074853
v -0.022059 1.708440 0.086396
v -0.019259 1.717090 0.088534
v -0.023316 1.698217 0.083721
v -0.012528 1.703440 0.092781
v -0.013251 1.695984 0.088408
v -0.010106 1.714573 0.093159
v -0.008691 1.722123 0.092969
v -0.017371 1.725488 0.092939
v -0.027122 1.732281 0.088346
v 0.000400 1.702905 0.095486
v 0.000212 1.713693 0.094541
v -0.012151 1.692022 0.082276
v -0.022341 1.693877 0.076645
v -0.009853 1.690007 0.065635
v 0.000085 1.689472 0.067523
v -0.000040 1.692052 0.049782
v -0.020109 1.695607 0.045944
v -0.022154 1.693909 0.060415
v 0.000147 1.692367 0.083343
v -0.029764 1.700985 0.066075
v -0.000010 1.692304 0.042297
v -0.017498 1.695795 0.037484
v -0.038414 1.707275 0.029746
v -0.038604 1.708345 0.022576
v -0.000040 1.695544 0.089793
v 0.000147 1.692367 0.083343
v 0.012070 1.691644 0.081866
v 0.000085 1.689472 0.067523
v 0.010623 1.690449 0.065320
v -0.000040 1.692052 0.049782
v 0.019933 1.697210 0.045379
v 0.022701 1.695260 0.060792
v 0.022638 1.693972 0.077148
v -0.000010 1.692304 0.042297
v 0.017323 1.695637 0.037579
v 0.039026 1.707717 0.022543
v 0.066642 1.742944 0.013863
v 0.072240 1.764050 0.004583
v 0.070763 1.761535 -0.001235
v 0.080136 1.766095 -0.005168
v 0.075543 1.764963 -0.010451
v 0.083093 1.769745 -0.013063
v 0.080231 1.769713 -0.016333
v 0.072430 1.776758 0.006785
v 0.088093 1.784308 -0.024009
v 0.085671 1.784433 -0.026369
v 0.089509 1.798839 -0.029009
v 0.075008 1.794594 -0.026651
v 0.077713 1.814220 -0.023066
v 0.072083 1.771850 -0.016176
v 0.092591 1.814660 -0.027029
v 0.092844 1.798619 -0.026839
v 0.095801 1.813874 -0.024041
v 0.096524 1.811892 -0.020738
v 0.093473 1.798556 -0.022246
v 0.090359 1.785881 -0.019983
v 0.081268 1.780596 -0.006488
v 0.091208 1.790346 -0.014951
v 0.089321 1.803022 -0.013848
v 0.087401 1.815384 -0.019826
v 0.077305 1.791226 -0.004758
v 0.078878 1.807834 -0.005230
v 0.086993 1.819127 -0.012716
v 0.084036 1.817207 -0.007433
v 0.091931 1.820857 -0.009256
v 0.093944 1.818277 -0.015264
v 0.094226 1.823027 -0.017121
v 0.091114 1.825575 -0.008878
v 0.087088 1.827148 -0.011396
v 0.090768 1.824348 -0.019668
v 0.079663 1.821957 -0.012088
v 0.085326 1.820982 -0.001268
v 0.089101 1.817742 -0.003313
v 0.077431 1.818090 0.003325
v 0.080483 1.809187 0.002760
v 0.076518 1.800632 0.006375
v 0.075700 1.793114 0.005905
v 0.075040 1.783709 0.003073
v -0.058388 1.728256 0.022008
v -0.048040 1.718631 0.037169
v -0.037942 1.708660 0.053589
v -0.052128 1.720235 0.006093
v -0.062635 1.741781 0.001407
v -0.059425 1.733414 -0.021964
v -0.066408 1.760875 -0.030362
v -0.050650 1.739359 -0.057475
v -0.065183 1.744139 0.015278
v -0.071946 1.763893 0.006282
v -0.068421 1.762510 -0.002273
v -0.070561 1.773455 -0.010861
v -0.078236 1.765120 -0.003846
v -0.075781 1.763767 -0.008061
v -0.082544 1.770090 -0.013031
v -0.079336 1.769053 -0.016616
v -0.073298 1.775248 0.006880
v -0.088394 1.784023 -0.022719
v -0.084779 1.784213 -0.025769
v -0.089402 1.798839 -0.029764
v -0.074744 1.793649 -0.027846
v -0.079461 1.812144 -0.026241
v -0.067888 1.790346 -0.047820
v -0.050555 1.774903 -0.066535
v -0.052443 1.798744 -0.074336
v -0.070718 1.827210 -0.057665
v -0.054990 1.826078 -0.079021
v -0.057665 1.852971 -0.079179
v -0.073581 1.851714 -0.056533
v -0.079526 1.850864 -0.026556
v -0.071191 1.874802 -0.052790
v -0.078361 1.877160 -0.026871
v -0.068831 1.895843 -0.029764
v -0.058578 1.899146 -0.059773
v -0.054583 1.911949 -0.032974
v -0.058703 1.876940 -0.071788
v -0.078801 1.820290 -0.005263
v -0.052192 1.917547 -0.003060
v -0.049077 1.916099 0.023896
v -0.024041 1.928084 0.026098
v -0.000230 1.931387 0.028426
v -0.000010 1.934344 -0.005828
v -0.027249 1.929279 -0.004255
v -0.000166 1.919717 0.056387
v -0.028727 1.924184 -0.038227
v -0.000103 1.909589 0.071485
v -0.000073 1.928084 -0.040994
v -0.032689 1.907009 -0.071913
v 0.000022 1.910061 -0.077544
v -0.000073 1.883985 -0.096197
v -0.035427 1.881877 -0.088394
v -0.000103 1.853979 -0.104657
v -0.036654 1.854419 -0.096510
v -0.034704 1.825732 -0.095377
v -0.000040 1.826173 -0.105255
v -0.032282 1.796322 -0.089559
v -0.000388 1.797171 -0.098492
v -0.030017 1.771978 -0.080909
v -0.000040 1.771190 -0.087924
v -0.000010 1.742284 -0.081444
v -0.030362 1.740334 -0.076914
v -0.045210 1.857029 0.085294
v -0.054078 1.837653 0.079633
v -0.041592 1.839950 0.090861
v -0.025141 1.839100 0.098316
v -0.044107 1.826267 0.093221
v -0.053073 1.824537 0.087433
v -0.035332 1.826960 0.096901
v -0.025204 1.825607 0.099354
v -0.011426 1.838000 0.100299
v -0.009918 1.825890 0.101902
v -0.049487 1.817680 0.085766
v -0.042724 1.820668 0.091334
v -0.034639 1.821235 0.094951
v -0.053733 1.814409 0.078343
v -0.055085 1.809314 0.071203
v -0.054928 1.806357 0.068655
v -0.048165 1.797361 0.073813
v -0.026084 1.820102 0.097844
v -0.016366 1.817114 0.096492
v -0.051153 1.807961 0.072525
v -0.044989 1.802394 0.078343
v -0.048825 1.809030 0.073940
v -0.043447 1.805884 0.079883
v -0.034892 1.800159 0.083188
v -0.034419 1.804909 0.085168
v -0.026336 1.802079 0.083848
v -0.026997 1.806482 0.084446
v -0.049110 1.810382 0.075670
v -0.022751 1.806954 0.081583
v -0.020109 1.803462 0.082621
v -0.051530 1.811672 0.078155
v -0.046120 1.812962 0.083658
v -0.047317 1.809754 0.074253
v -0.044360 1.812364 0.080766
v -0.041842 1.810352 0.069315
v -0.034672 1.811107 0.075386
v -0.042724 1.806797 0.079318
v -0.033917 1.805854 0.083343
v -0.027374 1.807457 0.081866
v -0.047725 1.815037 0.084886
v -0.041812 1.817207 0.089761
v -0.040397 1.815164 0.087244
v -0.034012 1.815762 0.089416
v -0.033792 1.814755 0.086458
v -0.028034 1.814189 0.085421
v -0.026997 1.815352 0.089478
v -0.039390 1.814314 0.084916
v -0.034294 1.817680 0.092591
v -0.026336 1.817145 0.092309
v -0.021839 1.812930 0.086364
v -0.019228 1.814724 0.089729
v -0.014478 1.808779 0.087119
v -0.023851 1.811577 0.083691
v -0.016208 1.806609 0.083691
v -0.017529 1.806954 0.079601
v -0.020361 1.808024 0.079256
v -0.023034 1.807489 0.079916
v -0.017591 1.806074 0.080198
v -0.011836 1.811767 0.093756
v -0.006866 1.814535 0.100864
v 0.000180 1.814849 0.102626
v 0.000085 1.826298 0.101777
v -0.000260 1.837653 0.101587
v 0.007917 1.814787 0.100204
v 0.010653 1.826078 0.102091
v 0.017196 1.818247 0.099071
v 0.012383 1.837591 0.100927
v 0.026161 1.820920 0.097781
v 0.018833 1.816107 0.091806
v 0.026506 1.818655 0.092404
v 0.034213 1.822745 0.095424
v 0.033646 1.820260 0.092246
v 0.011378 1.812270 0.094636
v 0.044624 1.823688 0.093001
v 0.053682 1.822210 0.086176
v 0.058055 1.818120 0.077431
v 0.056702 1.809942 0.070198
v 0.056860 1.805256 0.066988
v 0.048744 1.795569 0.073436
v 0.053777 1.807049 0.070290
v 0.045379 1.801324 0.077713
v 0.050914 1.808369 0.072965
v 0.043019 1.806167 0.080891
v 0.051827 1.811642 0.073185
v 0.054815 1.813717 0.076393
v 0.050727 1.818120 0.081928
v 0.035566 1.798619 0.082401
v 0.026946 1.800317 0.083501
v 0.019241 1.804092 0.082526
v 0.023078 1.806922 0.082401
v 0.026946 1.806829 0.083911
v 0.018266 1.806766 0.081111
v 0.016505 1.807584 0.084036
v 0.035094 1.805477 0.084666
v 0.042109 1.807142 0.079758
v 0.049814 1.808842 0.073750
v 0.046259 1.809817 0.070103
v 0.032231 1.811389 0.074098
v 0.046354 1.812270 0.078658
v 0.040409 1.815667 0.084163
v 0.048147 1.815195 0.078248
v 0.041101 1.817962 0.084571
v 0.033458 1.817522 0.087686
v 0.033773 1.815510 0.086491
v 0.028363 1.814314 0.085798
v 0.027418 1.815857 0.086898
v 0.023613 1.811767 0.083786
v 0.022103 1.808747 0.075386
v 0.027073 1.807552 0.082966
v 0.023298 1.807739 0.081393
v 0.017858 1.807897 0.080703
v 0.021913 1.813150 0.084981
v 0.034464 1.806482 0.083564
v 0.014145 1.810352 0.088596
v 0.042329 1.820668 0.088629
v -0.031369 1.748229 0.086269
v -0.034577 1.741467 0.081991
v -0.027059 1.743417 0.085703
v -0.019889 1.746752 0.094071
v -0.022844 1.752979 0.092654
v -0.011616 1.749079 0.099764
v -0.011773 1.757067 0.097939
v -0.005420 1.756722 0.101902
v -0.005168 1.749644 0.102249
v -0.004885 1.762478 0.102939
v -0.011648 1.764365 0.096901
v -0.018724 1.745304 0.093661
v -0.007683 1.746437 0.100519
v -0.007873 1.742819 0.096461
v -0.017749 1.743039 0.092214
v -0.017718 1.740366 0.094196
v -0.008943 1.736779 0.099259
v -0.017121 1.733886 0.094449
v -0.008848 1.731086 0.098222
v 0.000367 1.736026 0.100519
v 0.000305 1.729954 0.099449
v 0.000212 1.722186 0.093159
v 0.000147 1.742002 0.097939
v 0.000242 1.744769 0.102406
v 0.000117 1.747852 0.103004
v 0.000055 1.756439 0.101462
v 0.009333 1.730961 0.097059
v 0.009145 1.736309 0.097876
v 0.018455 1.733729 0.092654
v 0.018486 1.739327 0.092341
v 0.029966 1.744109 0.082841
v 0.007635 1.742787 0.095957
v 0.018045 1.743071 0.089949
v 0.020248 1.744612 0.092686
v 0.008420 1.746027 0.099732
v 0.017133 1.725268 0.091334
v 0.010150 1.722123 0.091301
v 0.017858 1.718128 0.087244
v 0.026381 1.731244 0.086711
v 0.036541 1.742442 0.080136
v 0.010370 1.714920 0.091679
v 0.033331 1.747852 0.084193
v 0.023456 1.752162 0.091806
v 0.021568 1.746217 0.092939
v 0.011283 1.748417 0.099197
v 0.011723 1.756377 0.097624
v 0.005400 1.749487 0.101839
v 0.005747 1.756282 0.101619
v 0.005243 1.762447 0.102972
v 0.011880 1.764805 0.096366
v 0.016441 1.767920 0.092811
v 0.018013 1.772953 0.093096
v 0.019083 1.769303 0.100707
v 0.019398 1.774116 0.099574
v 0.015088 1.766410 0.102279
v 0.018580 1.771003 0.106842
v 0.018863 1.777418 0.105142
v 0.017165 1.778300 0.094889
v 0.000055 1.762038 0.103192
v -0.014636 1.766787 0.102154
v -0.018221 1.769587 0.099826
v -0.016396 1.768108 0.092811
v -0.018756 1.775060 0.097939
v -0.091132 1.814252 -0.026934
v -0.090566 1.822870 -0.020801
v -0.094844 1.821172 -0.019133
v -0.094402 1.813057 -0.025172
v -0.094372 1.816517 -0.018001
v -0.094907 1.810257 -0.021271
v -0.093397 1.798367 -0.027564
v -0.092957 1.798744 -0.023884
v -0.089464 1.785346 -0.019826
v -0.091477 1.809344 -0.019636
v -0.087829 1.800664 -0.016901
v -0.086571 1.787548 -0.014636
v -0.080374 1.781068 -0.006803
v -0.075593 1.781288 0.006470
v -0.076914 1.792329 -0.005136
v -0.083614 1.803337 -0.007275
v -0.088049 1.817114 -0.013031
v -0.084716 1.813812 -0.006458
v -0.092107 1.819410 -0.011301
v -0.087357 1.815950 -0.003720
v -0.085534 1.820795 -0.002871
v -0.091384 1.823940 -0.010986
v -0.078739 1.817460 0.002412
v -0.078834 1.810572 0.005685
v -0.086949 1.825230 -0.012496
v -0.081506 1.822147 -0.017026
v -0.082294 1.809157 0.000147
v -0.079431 1.801104 0.003293
v -0.079431 1.792486 0.005023
vt 0.466046 0.593040
vt 0.486250 0.628637
vt 0.466046 0.621902
vt 0.485288 0.603623
vt 0.484326 0.659423
vt 0.462198 0.654613
vt 0.443919 0.616130
vt 0.439108 0.645954
vt 0.417943 0.622864
vt 0.499719 0.629599
vt 0.499719 0.659423
vt 0.428526 0.591116
vt 0.467009 0.577647
vt 0.449691 0.572837
vt 0.443919 0.590154
vt 0.464122 0.564178
vt 0.452577 0.559367
vt 0.465084 0.551671
vt 0.478553 0.557443
vt 0.467971 0.538202
vt 0.486250 0.537240
vt 0.474705 0.567064
vt 0.486250 0.577647
vt 0.487212 0.568988
vt 0.488174 0.561292
vt 0.499719 0.568026
vt 0.499719 0.560329
vt 0.499719 0.577647
vt 0.499719 0.544936
vt 0.499719 0.536278
vt 0.499719 0.604585
vt 0.512226 0.561292
vt 0.512226 0.568988
vt 0.524733 0.567064
vt 0.513188 0.577647
vt 0.533391 0.577647
vt 0.536278 0.564178
vt 0.521847 0.557443
vt 0.535316 0.551671
vt 0.532429 0.538202
vt 0.514150 0.537240
vt 0.514150 0.603623
vt 0.533391 0.593040
vt 0.513188 0.628637
vt 0.534354 0.621902
vt 0.516074 0.659423
vt 0.538202 0.654613
vt 0.556481 0.616130
vt 0.561292 0.645954
vt 0.582457 0.622864
vt 0.556481 0.590154
vt 0.570912 0.591116
vt 0.585343 0.571874
vt 0.602661 0.616130
vt 0.600737 0.545898
vt 0.587268 0.532429
vt 0.602661 0.504529
vt 0.617092 0.518960
vt 0.617092 0.478553
vt 0.636333 0.489136
vt 0.618054 0.449691
vt 0.653651 0.435260
vt 0.596888 0.421791
vt 0.608433 0.404474
vt 0.667120 0.401588
vt 0.622864 0.381384
vt 0.562254 0.396777
vt 0.570912 0.378498
vt 0.534354 0.379460
vt 0.542050 0.360218
vt 0.647878 0.551671
vt 0.620940 0.582457
vt 0.639220 0.613244
vt 0.673854 0.517036
vt 0.707527 0.470857
vt 0.741199 0.517998
vt 0.707527 0.562254
vt 0.666157 0.588230
vt 0.680588 0.618054
vt 0.719071 0.605547
vt 0.759478 0.553595
vt 0.759478 0.591116
vt 0.769099 0.633447
vt 0.723882 0.658461
vt 0.778720 0.676740
vt 0.690209 0.654613
vt 0.688285 0.691171
vt 0.733503 0.724844
vt 0.692133 0.752744
vt 0.667120 0.718109
vt 0.659423 0.676740
vt 0.646916 0.700792
vt 0.661347 0.658461
vt 0.656537 0.634409
vt 0.636333 0.741199
vt 0.624788 0.716185
vt 0.595926 0.748896
vt 0.602661 0.721958
vt 0.580533 0.722920
vt 0.558405 0.747934
vt 0.553595 0.722920
vt 0.749858 0.796037
vt 0.770061 0.720034
vt 0.802772 0.785455
vt 0.799886 0.836444
vt 0.750820 0.840293
vt 0.796999 0.887434
vt 0.744085 0.889358
vt 0.700792 0.869155
vt 0.696944 0.807582
vt 0.662309 0.847989
vt 0.630561 0.816241
vt 0.628637 0.888396
vt 0.676740 0.906676
vt 0.647878 0.940348
vt 0.603623 0.920145
vt 0.590154 0.846065
vt 0.568988 0.791227
vt 0.608433 0.782568
vt 0.651726 0.774872
vt 0.534354 0.796999
vt 0.549747 0.868193
vt 0.734465 0.920145
vt 0.795075 0.919182
vt 0.845103 0.900903
vt 0.847989 0.869155
vt 0.886472 0.868193
vt 0.846065 0.828748
vt 0.847989 0.774872
vt 0.893206 0.774872
vt 0.894169 0.718109
vt 0.923993 0.724844
vt 0.923993 0.783530
vt 0.925917 0.665195
vt 0.895131 0.631523
vt 0.886472 0.824899
vt 0.906676 0.829710
vt 0.807582 0.714261
vt 0.924955 0.604585
vt 0.959589 0.673854
vt 0.959589 0.606509
vt 0.992300 0.674816
vt 0.992300 0.743123
vt 0.958628 0.738313
vt 0.951893 0.795075
vt 0.992300 0.804696
vt 0.935538 0.848951
vt 0.973059 0.871079
vt 0.992300 0.602661
vt 0.909562 0.896093
vt 0.939386 0.923993
vt 0.867231 0.973059
vt 0.853762 0.935538
vt 0.959589 0.536278
vt 0.992300 0.537240
vt 0.924955 0.525695
vt 0.871079 0.543012
vt 0.794113 0.958628
vt 0.720996 0.956703
vt 0.796037 0.991338
vt 0.704640 0.992300
vt 0.626713 0.982679
vt 0.880700 0.496833
vt 0.807582 0.499719
vt 0.807582 0.431412
vt 0.753706 0.464122
vt 0.719071 0.390043
vt 0.705602 0.429488
vt 0.574761 0.955741
vt 0.499719 0.881662
vt 0.499719 0.798923
vt 0.450653 0.868193
vt 0.396777 0.919182
vt 0.370801 0.887434
vt 0.351560 0.939386
vt 0.322698 0.904751
vt 0.299608 0.864344
vt 0.338091 0.847027
vt 0.302494 0.807582
vt 0.409284 0.846065
vt 0.466046 0.796999
vt 0.430450 0.791227
vt 0.368877 0.815279
vt 0.347712 0.774872
vt 0.307305 0.752744
vt 0.249580 0.840293
vt 0.256315 0.889358
vt 0.203401 0.887434
vt 0.200514 0.836444
vt 0.249580 0.796037
vt 0.197628 0.785455
vt 0.229377 0.720034
vt 0.265935 0.725806
vt 0.311153 0.691171
vt 0.332318 0.718109
vt 0.340977 0.676740
vt 0.352522 0.701754
vt 0.275556 0.658461
vt 0.310191 0.654613
vt 0.338091 0.658461
vt 0.281328 0.605547
vt 0.231301 0.632485
vt 0.239959 0.590154
vt 0.319811 0.618054
vt 0.342901 0.635371
vt 0.334242 0.588230
vt 0.292873 0.562254
vt 0.354446 0.609395
vt 0.354446 0.553595
vt 0.326546 0.517036
vt 0.260163 0.517998
vt 0.240921 0.552633
vt 0.293835 0.469895
vt 0.373688 0.578609
vt 0.383308 0.518960
vt 0.399663 0.545898
vt 0.393891 0.613244
vt 0.396777 0.504529
vt 0.413132 0.532429
vt 0.415057 0.571874
vt 0.429488 0.560329
vt 0.433336 0.580533
vt 0.385232 0.481440
vt 0.364067 0.489136
vt 0.384270 0.452577
vt 0.347712 0.435260
vt 0.405436 0.423715
vt 0.392929 0.405436
vt 0.438146 0.397739
vt 0.441995 0.416981
vt 0.430450 0.379460
vt 0.466046 0.379460
vt 0.459312 0.360218
vt 0.471819 0.405436
vt 0.472781 0.427563
vt 0.443919 0.438146
vt 0.419867 0.448729
vt 0.499719 0.367915
vt 0.499719 0.396777
vt 0.447767 0.346750
vt 0.419867 0.362143
vt 0.403512 0.328470
vt 0.425639 0.305380
vt 0.384270 0.288063
vt 0.343863 0.338091
vt 0.372725 0.356370
vt 0.472781 0.326546
vt 0.379460 0.382346
vt 0.365029 0.281328
vt 0.319811 0.321736
vt 0.283253 0.390043
vt 0.250542 0.384270
vt 0.499719 0.342901
vt 0.526657 0.326546
vt 0.553595 0.346750
vt 0.577647 0.306342
vt 0.599774 0.328470
vt 0.623826 0.289025
vt 0.661347 0.339053
vt 0.631523 0.356370
vt 0.582457 0.362143
vt 0.642106 0.282291
vt 0.688285 0.323660
vt 0.750820 0.380422
vt 0.768137 0.504529
vt 0.799886 0.550709
vt 0.813355 0.546861
vt 0.811430 0.573798
vt 0.816241 0.571874
vt 0.814317 0.591116
vt 0.822013 0.591116
vt 0.787378 0.578609
vt 0.834520 0.622864
vt 0.843179 0.620940
vt 0.854724 0.645954
vt 0.869155 0.628637
vt 0.867231 0.688285
vt 0.840293 0.576685
vt 0.853762 0.676740
vt 0.841255 0.645954
vt 0.842217 0.674816
vt 0.829710 0.669044
vt 0.830672 0.644992
vt 0.822975 0.622864
vt 0.802772 0.604585
vt 0.815279 0.625750
vt 0.812392 0.648840
vt 0.822013 0.667120
vt 0.795075 0.627675
vt 0.794113 0.663271
vt 0.811430 0.679627
vt 0.802772 0.682513
vt 0.815279 0.688285
vt 0.822013 0.679627
vt 0.834520 0.688285
vt 0.822013 0.697906
vt 0.829710 0.704640
vt 0.842217 0.694058
vt 0.837406 0.715223
vt 0.803734 0.699830
vt 0.801810 0.691171
vt 0.790265 0.700792
vt 0.788341 0.669044
vt 0.781606 0.651726
vt 0.780644 0.629599
vt 0.786416 0.595926
vt 0.248618 0.463160
vt 0.296722 0.429488
vt 0.335205 0.401588
vt 0.195704 0.433336
vt 0.196666 0.499719
vt 0.132207 0.491060
vt 0.136056 0.542050
vt 0.082180 0.525695
vt 0.234187 0.503567
vt 0.201476 0.552633
vt 0.188970 0.550709
vt 0.160107 0.576685
vt 0.188970 0.573798
vt 0.184159 0.571874
vt 0.185121 0.590154
vt 0.176463 0.591116
vt 0.213021 0.578609
vt 0.167804 0.621902
vt 0.160107 0.619978
vt 0.149525 0.644992
vt 0.133169 0.628637
vt 0.134132 0.690209
vt 0.105269 0.631523
vt 0.072559 0.605547
vt 0.073521 0.665195
vt 0.105269 0.718109
vt 0.076407 0.722920
vt 0.082180 0.776796
vt 0.106231 0.774872
vt 0.151449 0.774872
vt 0.125473 0.816241
vt 0.162032 0.821051
vt 0.162032 0.858572
vt 0.121624 0.863382
vt 0.161069 0.895131
vt 0.098535 0.825862
vt 0.191856 0.715223
vt 0.204363 0.919182
vt 0.265935 0.920145
vt 0.279404 0.956703
vt 0.295760 0.992300
vt 0.203401 0.991338
vt 0.206287 0.958628
vt 0.373688 0.981717
vt 0.149525 0.933613
vt 0.424677 0.955741
vt 0.134132 0.974021
vt 0.094687 0.894169
vt 0.061976 0.924955
vt 0.027341 0.872041
vt 0.064862 0.843179
vt 0.008100 0.797961
vt 0.049469 0.784492
vt 0.042735 0.730616
vt 0.008100 0.736389
vt 0.039848 0.669044
vt 0.008100 0.673854
vt 0.039848 0.606509
vt 0.008100 0.603623
vt 0.008100 0.537240
vt 0.040810 0.536278
vt 0.391005 0.782568
vt 0.363105 0.741199
vt 0.403512 0.748896
vt 0.441995 0.747934
vt 0.397739 0.721958
vt 0.375612 0.716185
vt 0.419867 0.722920
vt 0.445843 0.722920
vt 0.473743 0.746010
vt 0.478553 0.720034
vt 0.383308 0.702716
vt 0.399663 0.705602
vt 0.417943 0.707527
vt 0.365991 0.689247
vt 0.354446 0.671930
vt 0.353484 0.661347
vt 0.367915 0.639220
vt 0.439108 0.705602
vt 0.460274 0.700792
vt 0.365991 0.669044
vt 0.383308 0.656537
vt 0.383308 0.672892
vt 0.392929 0.668082
vt 0.400625 0.650764
vt 0.407360 0.666157
vt 0.416981 0.653651
vt 0.416981 0.666157
vt 0.378498 0.676740
vt 0.424677 0.667120
vt 0.428526 0.658461
vt 0.375612 0.680588
vt 0.391005 0.684437
vt 0.386194 0.673854
vt 0.393891 0.678664
vt 0.394853 0.673854
vt 0.405436 0.673854
vt 0.394853 0.670006
vt 0.408322 0.669044
vt 0.417943 0.670006
vt 0.390043 0.689247
vt 0.401588 0.693096
vt 0.401588 0.687323
vt 0.413132 0.690209
vt 0.411208 0.685399
vt 0.423715 0.683475
vt 0.427563 0.687323
vt 0.401588 0.681551
vt 0.416019 0.696944
vt 0.432374 0.694058
vt 0.433336 0.679627
vt 0.440071 0.684437
vt 0.443919 0.670968
vt 0.426601 0.677702
vt 0.437184 0.669044
vt 0.432374 0.671930
vt 0.423715 0.672892
vt 0.423715 0.670006
vt 0.432374 0.669044
vt 0.456426 0.674816
vt 0.478553 0.681551
vt 0.499719 0.681551
vt 0.499719 0.717147
vt 0.499719 0.745047
vt 0.521847 0.681551
vt 0.520885 0.720996
vt 0.540126 0.700792
vt 0.526657 0.746971
vt 0.561292 0.706564
vt 0.560329 0.685399
vt 0.568988 0.694058
vt 0.582457 0.707527
vt 0.584381 0.695020
vt 0.543012 0.676740
vt 0.600737 0.705602
vt 0.617092 0.701754
vt 0.634409 0.689247
vt 0.644992 0.670968
vt 0.645954 0.660385
vt 0.627675 0.641144
vt 0.633447 0.668082
vt 0.617092 0.655575
vt 0.617092 0.671930
vt 0.605547 0.667120
vt 0.621902 0.675778
vt 0.624788 0.680588
vt 0.610357 0.688285
vt 0.598812 0.649802
vt 0.583419 0.652688
vt 0.571874 0.658461
vt 0.575723 0.667120
vt 0.582457 0.666157
vt 0.568026 0.670006
vt 0.562254 0.670006
vt 0.593040 0.665195
vt 0.604585 0.670006
vt 0.614205 0.673854
vt 0.605547 0.673854
vt 0.594964 0.673854
vt 0.607471 0.676740
vt 0.600737 0.678664
vt 0.610357 0.682513
vt 0.600737 0.684437
vt 0.588230 0.687323
vt 0.590154 0.680588
vt 0.577647 0.680588
vt 0.573798 0.685399
vt 0.572837 0.677702
vt 0.576685 0.672892
vt 0.582457 0.670006
vt 0.575723 0.670006
vt 0.567064 0.671930
vt 0.567064 0.679627
vt 0.592078 0.669044
vt 0.555519 0.671930
vt 0.598812 0.691171
vt 0.413132 0.487212
vt 0.404474 0.468933
vt 0.418905 0.473743
vt 0.440071 0.487212
vt 0.433336 0.500681
vt 0.466046 0.492022
vt 0.454502 0.515112
vt 0.483364 0.508378
vt 0.485288 0.494909
vt 0.481440 0.520885
vt 0.449691 0.534354
vt 0.441995 0.479515
vt 0.475667 0.481440
vt 0.473743 0.470857
vt 0.444881 0.473743
vt 0.447767 0.463160
vt 0.472781 0.459312
vt 0.447767 0.453539
vt 0.473743 0.447767
vt 0.499719 0.458350
vt 0.499719 0.447767
vt 0.499719 0.424677
vt 0.499719 0.467971
vt 0.499719 0.481440
vt 0.499719 0.491060
vt 0.499719 0.506454
vt 0.525695 0.447767
vt 0.527619 0.459312
vt 0.551671 0.453539
vt 0.552633 0.463160
vt 0.581495 0.473743
vt 0.525695 0.470857
vt 0.554557 0.473743
vt 0.557443 0.479515
vt 0.523771 0.481440
vt 0.556481 0.438146
vt 0.527619 0.427563
vt 0.558405 0.416981
vt 0.581495 0.447767
vt 0.596888 0.467971
vt 0.528581 0.405436
vt 0.587268 0.487212
vt 0.567064 0.500681
vt 0.559367 0.487212
vt 0.534354 0.492022
vt 0.545898 0.515112
vt 0.515112 0.494909
vt 0.516074 0.508378
vt 0.518960 0.520885
vt 0.549747 0.534354
vt 0.564178 0.543974
vt 0.570912 0.560329
vt 0.556481 0.551671
vt 0.561292 0.567064
vt 0.547823 0.543974
vt 0.546861 0.559367
vt 0.551671 0.573798
vt 0.567064 0.580533
vt 0.499719 0.519922
vt 0.452577 0.543974
vt 0.443919 0.551671
vt 0.435260 0.543974
vt 0.441032 0.568988
vt 0.149525 0.677702
vt 0.160107 0.695020
vt 0.167804 0.688285
vt 0.162032 0.675778
vt 0.178387 0.679627
vt 0.171652 0.669044
vt 0.162032 0.644992
vt 0.170690 0.644030
vt 0.178387 0.622864
vt 0.178387 0.667120
vt 0.188008 0.647878
vt 0.186083 0.625750
vt 0.197628 0.604585
vt 0.213021 0.594964
vt 0.205325 0.627675
vt 0.205325 0.663271
vt 0.188970 0.679627
vt 0.197628 0.682513
vt 0.185121 0.688285
vt 0.197628 0.691171
vt 0.195704 0.700792
vt 0.179349 0.698868
vt 0.209173 0.701754
vt 0.221680 0.676740
vt 0.171652 0.704640
vt 0.161069 0.717147
vt 0.212059 0.669044
vt 0.217832 0.650764
vt 0.218794 0.629599
vn -0.8457 0.4022 0.3508
vn -0.6580 0.4832 0.5776
vn -0.8693 0.2938 0.3975
vn -0.6267 0.4863 0.6089
vn -0.6580 0.3409 0.6714
vn -0.8691 0.1345 0.4759
vn -0.7675 0.2782 0.5776
vn -0.7284 0.3142 0.6089
vn -0.4703 0.2595 0.8435
vn 0.0458 0.6130 0.7887
vn 0.0380 0.5233 0.8513
vn -0.6189 0.0845 0.7809
vn -0.8613 0.1975 0.4681
vn -0.9317 0.2644 0.2491
vn -0.8613 0.2595 0.4368
vn -0.7518 -0.3692 0.5463
vn -0.8222 -0.4219 0.3821
vn 0.0067 -0.9793 0.2022
vn -0.6501 -0.7030 0.2883
vn -0.1656 -0.8457 0.5073
vn -0.5641 -0.8124 0.1475
vn -0.7831 -0.3809 0.4916
vn -0.6345 0.1537 0.7575
vn -0.6111 -0.3489 0.7105
vn -0.5563 -0.6329 0.5385
vn -0.0480 -0.3231 0.9452
vn -0.0558 -0.6682 0.7419
vn -0.0011 0.2158 0.9764
vn -0.0323 -0.8911 0.4526
vn -0.0011 -0.9879 0.1552
vn 0.0302 0.5601 0.8279
vn 0.5229 -0.6543 0.5463
vn 0.5932 -0.2934 0.7497
vn 0.8200 -0.3178 0.4760
vn 0.6245 0.2191 0.7496
vn 0.8357 0.2741 0.4759
vn 0.7575 -0.3323 0.5620
vn 0.6714 -0.6951 0.2570
vn 0.0849 -0.9647 0.2491
vn 0.1788 -0.8523 0.4916
vn 0.5542 -0.8178 0.1553
vn 0.6480 0.4872 0.5854
vn 0.8200 0.4189 0.3899
vn 0.7028 0.4462 0.5541
vn 0.8513 0.3231 0.4134
vn 0.6949 0.2950 0.6558
vn 0.8591 0.1117 0.4994
vn 0.7340 0.3306 0.5932
vn 0.6714 0.3298 0.6636
vn 0.4603 0.2517 0.8513
vn 0.8513 0.3128 0.4212
vn 0.6402 0.0672 0.7653
vn 0.5072 0.0679 0.8591
vn 0.4525 0.0492 0.8904
vn 0.5229 -0.0433 0.8513
vn 0.5142 -0.0000 0.8577
vn 0.6323 -0.0493 0.7731
vn 0.6558 -0.1400 0.7418
vn 0.7262 -0.2063 0.6558
vn 0.7731 -0.2621 0.5776
vn 0.7418 -0.2973 0.6011
vn 0.8122 -0.3953 0.4290
vn 0.7184 -0.2087 0.6636
vn 0.8279 -0.2702 0.4916
vn 0.7653 -0.6283 0.1397
vn 0.7966 -0.5900 0.1319
vn 0.6480 -0.0797 0.7575
vn 0.6793 -0.4320 0.5932
vn 0.4134 -0.1905 0.8904
vn 0.3274 -0.6317 0.7027
vn 0.7262 -0.1796 0.6636
vn 0.5541 -0.0871 0.8279
vn 0.6558 0.0891 0.7497
vn 0.8279 -0.2555 0.4993
vn 0.8357 -0.4159 0.3587
vn 0.9452 -0.2734 0.1787
vn 0.9451 -0.1536 0.2883
vn 0.8670 -0.1198 0.4838
vn 0.9366 -0.0000 0.3505
vn 0.9764 -0.0937 0.1944
vn 0.9921 -0.0926 0.0849
vn 0.9921 -0.0200 0.1240
vn 0.9843 -0.0680 0.1631
vn 0.9810 0.0000 0.1938
vn 0.9111 -0.0000 0.4121
vn 0.9666 -0.0000 0.2564
vn 0.9685 0.0000 0.2491
vn 0.9686 0.0595 0.2413
vn 0.9373 0.0613 0.3430
vn 0.9373 0.1837 0.2961
vn 0.8904 -0.1520 0.4290
vn 0.9210 -0.0000 0.3896
vn 0.8279 -0.1272 0.5463
vn 0.7497 -0.0891 0.6558
vn 0.7888 0.1875 0.5854
vn 0.5620 0.2941 0.7731
vn 0.5228 0.1681 0.8357
vn 0.3343 -0.0000 0.9425
vn 0.2883 0.1957 0.9373
vn 0.2491 -0.0000 0.9685
vn 0.9608 0.1041 0.2570
vn 0.9921 0.0635 0.1084
vn 0.9608 0.2584 0.1006
vn 0.9217 0.2973 0.2492
vn 0.8357 0.5426 0.0849
vn 0.8044 0.5429 0.2413
vn 0.7966 0.4552 0.3977
vn 0.8826 0.2239 0.4134
vn 0.7418 0.3776 0.5541
vn 0.7184 0.3364 0.6089
vn 0.5307 0.5730 0.6245
vn 0.5854 0.6830 0.4368
vn 0.3196 0.8239 0.4681
vn 0.2961 0.6870 0.6636
vn 0.4838 0.4384 0.7575
vn 0.4056 0.3121 0.8591
vn 0.6636 0.2958 0.6871
vn 0.8435 0.2165 0.4916
vn 0.1788 0.2990 0.9373
vn 0.2492 0.4894 0.8357
vn 0.6011 0.7619 0.2413
vn 0.6089 0.7929 0.0224
vn 0.6010 0.7637 -0.2357
vn 0.8435 0.5111 -0.1653
vn 0.6324 0.6033 -0.4859
vn 0.9686 0.2328 -0.0871
vn 0.9921 0.0905 -0.0871
vn 0.9373 0.0871 -0.3374
vn 0.9530 -0.0537 -0.2983
vn 0.7731 -0.0977 -0.6267
vn 0.7497 0.0713 -0.6580
vn 0.7418 -0.2582 -0.6189
vn 0.8826 -0.2594 -0.3921
vn 0.8982 0.2510 -0.3608
vn 0.6949 0.3384 -0.6345
vn 0.5932 0.7169 0.3664
vn 0.7574 -0.2497 -0.6033
vn 0.4447 -0.2952 -0.8457
vn 0.4447 -0.2458 -0.8613
vn 0.0146 -0.2958 -0.9551
vn 0.0067 -0.1069 -0.9942
vn 0.4368 -0.1116 -0.8926
vn 0.4212 0.1609 -0.8926
vn 0.0067 0.1069 -0.9942
vn 0.3977 0.4226 -0.8144
vn 0.0224 0.4345 -0.9004
vn 0.0146 -0.2692 -0.9630
vn 0.3665 0.7084 -0.6032
vn 0.0302 0.7524 -0.6580
vn 0.0224 0.9492 -0.3139
vn 0.3352 0.8937 -0.2983
vn 0.4368 -0.1623 -0.8848
vn 0.0067 -0.1641 -0.9864
vn 0.8357 -0.1612 -0.5250
vn 0.9295 -0.2459 -0.2748
vn 0.3274 0.9446 -0.0246
vn 0.3274 0.9156 0.2335
vn 0.0067 0.9988 -0.0480
vn 0.0067 0.9704 0.2413
vn 0.0145 0.8794 0.4759
vn 0.9608 -0.2542 -0.1106
vn 0.9139 -0.3884 -0.1184
vn 0.8044 -0.5940 -0.0089
vn 0.8278 -0.5597 0.0380
vn 0.6324 -0.7716 0.0693
vn 0.7653 -0.6247 0.1554
vn 0.0146 0.7264 0.6871
vn 0.0067 0.4983 0.8670
vn -0.0089 0.2771 0.9608
vn -0.2278 0.4726 0.8513
vn -0.2670 0.6836 0.6793
vn -0.4859 0.5950 0.6402
vn -0.2904 0.8389 0.4603
vn -0.5563 0.7069 0.4368
vn -0.7909 0.4582 0.4056
vn -0.7284 0.4135 0.5463
vn -0.9082 0.1872 0.3743
vn -0.4078 0.4463 0.7966
vn -0.1809 0.2719 0.9452
vn -0.3452 0.2967 0.8904
vn -0.6736 0.3408 0.6558
vn -0.8535 0.1730 0.4916
vn -0.9551 0.0057 0.2961
vn -0.9317 0.2568 0.2570
vn -0.7988 0.5511 0.2414
vn -0.8222 0.5667 0.0537
vn -0.9708 0.2178 0.1006
vn -0.9630 -0.0816 0.2570
vn -0.9864 0.0863 0.1397
vn -0.9686 0.0000 0.2486
vn -0.9708 0.0551 0.2335
vn -0.9630 0.0508 0.2648
vn -0.9395 0.1008 0.3274
vn -0.8378 -0.2674 0.4760
vn -0.8300 -0.2319 0.5072
vn -0.9708 -0.0551 0.2335
vn -0.9529 0.0000 0.3032
vn -0.7988 -0.1684 0.5776
vn -0.9395 -0.0706 0.3352
vn -0.9630 -0.1348 0.2335
vn -0.9317 -0.0578 0.3586
vn -0.7440 0.0778 0.6636
vn -0.8848 -0.1395 0.4447
vn -0.9473 -0.1221 0.2961
vn -0.7043 -0.0000 0.7099
vn -0.8144 -0.1448 0.5620
vn -0.8769 -0.2004 0.4368
vn -0.9630 -0.2352 0.1319
vn -0.9708 -0.1683 0.1709
vn -0.8848 -0.3599 0.2961
vn -0.5798 -0.0646 0.8122
vn -0.7205 -0.0934 0.6871
vn -0.5094 0.0491 0.8591
vn -0.4468 0.0866 0.8904
vn -0.5949 0.0000 0.8038
vn -0.5016 0.1015 0.8591
vn -0.4938 0.0678 0.8669
vn -0.8613 -0.1285 0.4916
vn -0.8848 0.0729 0.4603
vn -0.6189 -0.2582 0.7418
vn -0.8066 -0.2439 0.5385
vn -0.7284 -0.2819 0.6245
vn -0.8144 -0.4151 0.4056
vn -0.7205 -0.2253 0.6558
vn -0.8222 -0.3453 0.4525
vn -0.6345 -0.1082 0.7653
vn -0.5250 -0.1134 0.8435
vn -0.6736 -0.4890 0.5542
vn -0.3530 -0.2334 0.9061
vn -0.3139 -0.6553 0.6871
vn -0.2670 -0.0748 0.9608
vn -0.2044 -0.2237 0.9530
vn -0.4234 -0.2630 0.8669
vn -0.6032 -0.1182 0.7888
vn 0.0458 -0.2443 0.9686
vn 0.0615 0.1096 0.9921
vn -0.1888 -0.9312 0.3117
vn -0.5485 -0.8151 0.1866
vn -0.1340 -0.9905 -0.0324
vn 0.0068 -0.9999 0.0146
vn 0.0302 -0.9934 -0.1106
vn -0.3765 -0.9198 -0.1106
vn -0.4546 -0.8864 -0.0871
vn -0.0011 -0.9422 0.3352
vn -0.7831 -0.6061 0.1397
vn 0.0302 -0.9995 -0.0089
vn -0.3139 -0.9439 -0.1028
vn -0.5954 -0.8028 -0.0324
vn -0.5407 -0.8339 -0.1106
vn 0.0146 -0.7189 0.6949
vn -0.0011 -0.9421 0.3352
vn 0.2022 -0.9310 0.3039
vn 0.0067 -0.9999 0.0145
vn 0.1710 -0.9832 -0.0637
vn 0.4290 -0.9016 -0.0558
vn 0.4760 -0.8692 -0.1340
vn 0.5776 -0.7909 0.2023
vn 0.3899 -0.9197 0.0459
vn 0.7262 -0.6731 0.1397
vn 0.9217 -0.3797 -0.0793
vn 0.9295 -0.3345 0.1553
vn 0.7653 -0.6327 -0.1184
vn 0.8357 -0.4934 0.2413
vn 0.0067 -0.9059 -0.4234
vn 0.8200 -0.5718 -0.0245
vn 0.1866 -0.7077 -0.6814
vn 0.9608 -0.0822 0.2648
vn 0.7340 -0.4663 -0.4938
vn 0.1944 -0.4395 -0.8769
vn 0.2257 -0.0815 -0.9708
vn 0.5541 -0.2059 -0.8066
vn 0.6089 0.2530 -0.7518
vn 0.4681 -0.5719 -0.6736
vn 0.2570 0.3510 -0.9004
vn 0.8122 -0.1986 -0.5485
vn 0.8826 0.1682 -0.4390
vn 0.8357 -0.2106 0.5072
vn 0.9843 -0.1396 0.1084
vn 0.9295 -0.3675 0.0302
vn 0.7966 -0.0648 0.6011
vn 0.8513 -0.1608 0.4994
vn 0.8513 0.1000 0.5150
vn 0.6480 -0.3738 0.6636
vn 0.8486 -0.0000 0.5290
vn 0.9295 -0.2089 0.3039
vn 0.5933 -0.7245 0.3508
vn 0.7418 -0.6604 0.1162
vn 0.8279 -0.3956 0.3977
vn 0.7184 -0.4498 0.5307
vn 0.8357 0.5395 -0.1027
vn 0.5776 0.7039 0.4134
vn -0.1340 0.9910 0.0067
vn 0.1238 0.8268 -0.5487
vn 0.5072 0.8244 -0.2513
vn 0.3274 0.6046 0.7262
vn 0.8279 -0.4313 0.3586
vn 0.7418 0.3271 0.5854
vn 0.8904 -0.2348 0.3899
vn 0.9452 -0.1197 0.3039
vn 0.9764 -0.1317 0.1710
vn 0.9452 -0.0676 0.3195
vn -0.8457 -0.5328 0.0303
vn -0.7676 -0.6272 0.1319
vn -0.7440 -0.6551 0.1319
vn -0.8300 -0.5575 -0.0167
vn -0.9239 -0.3760 -0.0715
vn -0.9395 -0.3268 -0.1027
vn -0.9395 -0.2557 -0.2279
vn -0.8222 -0.1521 -0.5485
vn -0.9317 -0.3601 -0.0480
vn -0.9239 -0.3670 0.1084
vn -0.7518 -0.6216 -0.2201
vn -0.3921 -0.6265 -0.6736
vn -0.7596 -0.6039 0.2414
vn -0.0324 -0.9054 -0.4234
vn -0.8613 -0.5080 -0.0089
vn -0.0480 -0.7303 -0.6815
vn -0.9395 -0.1580 0.3039
vn -0.7753 -0.4824 -0.4077
vn -0.1262 -0.4922 -0.8613
vn -0.2200 -0.0957 -0.9708
vn -0.5876 -0.2787 -0.7596
vn -0.5798 0.1957 -0.7909
vn -0.8769 -0.2274 -0.4234
vn -0.7362 -0.2354 -0.6345
vn -0.7049 -0.2446 -0.6658
vn -0.8926 -0.1028 -0.4390
vn -0.7205 -0.1283 -0.6815
vn -0.7284 0.0716 -0.6814
vn -0.9160 0.0305 -0.3999
vn -0.9943 0.0303 -0.1027
vn -0.9004 0.2181 -0.3764
vn -0.9630 0.2383 -0.1262
vn -0.8378 0.5250 -0.1497
vn -0.6736 0.5765 -0.4625
vn -0.5954 0.7790 -0.1966
vn -0.7049 0.2836 -0.6502
vn -0.6111 0.7171 0.3351
vn -0.5798 0.8148 -0.0011
vn -0.5720 0.7886 0.2257
vn -0.2904 0.9318 0.2179
vn -0.3061 0.9515 -0.0324
vn -0.2983 0.9141 -0.2748
vn 0.0145 0.7264 0.6871
vn -0.3452 0.7124 -0.6111
vn -0.3999 0.3887 -0.8300
vn 0.0068 0.1069 -0.9942
vn -0.4390 0.1028 -0.8926
vn -0.4468 -0.1324 -0.8848
vn -0.4312 -0.2688 -0.8613
vn -0.4234 -0.2557 -0.8691
vn 0.0145 -0.2692 -0.9630
vn -0.4390 -0.1564 -0.8848
vn -0.5954 0.2446 0.7653
vn -0.8144 0.1448 0.5620
vn -0.5251 0.1975 0.8278
vn -0.2670 0.1434 0.9530
vn -0.4938 -0.0678 0.8669
vn -0.7121 0.0000 0.7021
vn -0.3524 0.0000 0.9358
vn -0.2122 -0.1294 0.9686
vn -0.1262 0.1237 0.9843
vn -0.1497 -0.0940 0.9843
vn -0.5172 -0.4996 0.6949
vn -0.3843 -0.4389 0.8122
vn -0.2904 -0.4799 0.8279
vn -0.6032 -0.5581 0.5698
vn -0.5250 -0.6026 0.6011
vn -0.6033 -0.2723 0.7496
vn -0.6086 -0.0000 0.7934
vn -0.1966 -0.5824 0.7888
vn -0.3295 -0.6127 0.7184
vn -0.5485 -0.4531 0.7027
vn -0.6110 -0.1294 0.7809
vn -0.3295 -0.3353 0.8826
vn -0.5016 0.2978 0.8122
vn -0.3374 -0.1490 0.9295
vn -0.2279 0.2899 0.9295
vn -0.0714 0.1033 0.9921
vn 0.1084 0.5261 0.8435
vn -0.0011 -0.8708 0.4916
vn 0.2492 0.6902 0.6793
vn -0.2122 0.5315 0.8200
vn -0.4312 -0.7239 0.5385
vn -0.0950 -0.8785 0.4681
vn 0.0928 -0.2613 0.9608
vn 0.1240 -0.9471 0.2961
vn -0.0245 -0.0000 0.9997
vn -0.3061 -0.2057 0.9295
vn -0.2200 0.8134 0.5385
vn -0.1497 0.8579 0.4916
vn 0.0224 0.9067 0.4212
vn -0.3999 -0.6559 0.6402
vn -0.2826 -0.6444 0.7105
vn -0.0715 -0.8723 0.4838
vn -0.0636 -0.8934 0.4447
vn -0.0323 -0.9496 0.3118
vn -0.1731 -0.9044 0.3899
vn -0.0949 -0.8785 0.4681
vn 0.0458 -0.9438 0.3274
vn -0.1731 -0.7417 0.6480
vn -0.1340 -0.8418 0.5229
vn -0.2983 -0.7657 0.5698
vn -0.3295 -0.7755 0.5385
vn -0.7518 -0.3180 0.5776
vn -0.3374 -0.8212 0.4603
vn -0.8378 -0.0896 0.5385
vn -0.6501 0.0595 0.7575
vn -0.2122 -0.2481 0.9452
vn 0.1240 0.8791 0.4603
vn -0.4468 0.7260 0.5228
vn -0.7284 -0.3806 0.5698
vn -0.4859 -0.1107 0.8670
vn 0.0224 0.2146 0.9764
vn -0.0089 0.0113 0.9999
vn -0.0167 0.1245 0.9921
vn 0.4525 -0.1733 0.8748
vn 0.1240 -0.0200 0.9921
vn 0.3274 -0.5542 0.7653
vn 0.1162 0.1332 0.9843
vn 0.2883 -0.5755 0.7653
vn 0.4056 -0.8071 0.4291
vn 0.2491 -0.8604 0.4446
vn 0.2961 -0.5387 0.7888
vn 0.2335 -0.8389 0.4916
vn 0.7184 -0.4404 0.5385
vn 0.4056 -0.4341 0.8044
vn 0.5932 -0.4064 0.6949
vn 0.6871 -0.4408 0.5776
vn 0.6245 -0.4792 0.6167
vn 0.6167 -0.1844 0.7653
vn 0.6011 0.0647 0.7966
vn 0.5933 -0.3126 0.7418
vn 0.6089 -0.1393 0.7809
vn 0.6246 -0.1107 0.7731
vn 0.4994 0.2796 0.8200
vn 0.1788 -0.5666 0.8044
vn 0.2961 -0.7159 0.6323
vn 0.2257 -0.7787 0.5854
vn 0.3430 -0.1355 0.9295
vn 0.1319 0.1177 0.9843
vn 0.3039 0.3774 0.8748
vn -0.2044 0.4394 0.8747
vn -0.0949 0.4123 0.9061
vn 0.3664 0.5718 0.7340
vn 0.8199 -0.1707 0.5465
vn 0.2179 0.2719 0.9373
vn 0.2335 0.8343 0.4994
vn 0.3742 0.1975 0.9060
vn -0.2273 0.0000 0.9738
vn 0.2570 -0.1041 0.9608
vn 0.3039 -0.6984 0.6480
vn 0.3039 -0.6346 0.7105
vn 0.3352 -0.6362 0.6949
vn 0.3274 -0.6486 0.6871
vn 0.2101 -0.7107 0.6714
vn 0.1866 -0.7172 0.6714
vn 0.1318 -0.7698 0.6245
vn 0.1319 -0.7433 0.6558
vn 0.2727 -0.7809 0.5620
vn 0.4368 0.1278 0.8904
vn -0.0715 0.8679 0.4916
vn -0.1497 0.8709 0.4681
vn 0.7339 -0.0000 0.6793
vn 0.2805 -0.6538 0.7027
vn 0.1241 0.8284 0.5462
vn 0.7340 -0.3696 0.5698
vn 0.2179 -0.8290 0.5150
vn -0.4703 -0.2018 0.8591
vn -0.4547 -0.2349 0.8591
vn -0.5172 -0.1847 0.8357
vn -0.5172 -0.2923 0.8044
vn -0.5249 -0.0000 0.8511
vn -0.4624 -0.1445 0.8748
vn -0.5250 0.1134 0.8435
vn -0.2904 0.0865 0.9530
vn -0.2435 -0.0499 0.9686
vn -0.6032 -0.4180 0.6793
vn -0.5328 -0.2374 0.8122
vn -0.4312 -0.5755 0.6949
vn -0.3217 -0.4995 0.8044
vn -0.3139 -0.1936 0.9295
vn -0.5094 0.2349 0.8279
vn -0.2826 0.1637 0.9452
vn -0.4938 -0.1345 0.8591
vn -0.2591 -0.3125 0.9139
vn 0.0693 0.1048 0.9921
vn 0.0614 -0.3830 0.9217
vn 0.0693 -0.2685 0.9608
vn 0.0537 -0.2427 0.9686
vn 0.0302 -0.5484 0.8357
vn 0.0302 0.0000 0.9995
vn 0.0224 -0.1236 0.9921
vn 0.3352 -0.3079 0.8904
vn 0.3665 0.1272 0.9217
vn 0.5229 -0.1230 0.8435
vn 0.5072 0.2396 0.8278
vn 0.4759 -0.2968 0.8279
vn 0.3664 -0.2945 0.8826
vn 0.4681 -0.2634 0.8435
vn 0.3899 -0.6908 0.6089
vn 0.3430 -0.5447 0.7653
vn 0.4603 -0.3206 0.8278
vn 0.3039 -0.2411 0.9217
vn 0.5541 -0.1431 0.8200
vn 0.6323 -0.1624 0.7575
vn 0.5541 -0.2142 0.8044
vn 0.3586 0.0859 0.9295
vn 0.5307 -0.2671 0.8044
vn 0.5385 0.1080 0.8357
vn 0.5541 -0.2660 0.7888
vn 0.4681 -0.1250 0.8748
vn 0.3038 -0.0000 0.9527
vn 0.3352 -0.0952 0.9373
vn 0.6088 -0.4224 0.6715
vn 0.5385 -0.3165 0.7809
vn 0.7497 -0.2594 0.6089
vn 0.8748 -0.0908 0.4759
vn 0.8670 -0.4982 0.0146
vn 0.9921 0.0723 -0.1027
vn 0.0224 -0.9619 0.2726
vn 0.8200 -0.3698 0.4368
vn 0.9138 0.3078 0.2648
vn 0.9139 0.1131 0.3899
vn -0.0011 -0.7266 0.6871
vn -0.0480 -0.9515 0.3039
vn -0.8848 -0.4660 -0.0011
vn -0.7440 -0.2159 0.6324
vn -0.9864 0.1392 -0.0871
vn -0.2044 0.3840 -0.9004
vn -0.1419 0.8188 -0.5563
vn -0.8457 0.5048 -0.1731
vn -0.8378 0.1746 -0.5173
vn -0.8848 -0.2296 0.4056
vn -0.8848 -0.2152 0.4134
vn -0.8300 -0.1881 -0.5250
vn -0.9551 -0.1472 0.2570
vn -0.9395 -0.2431 0.2414
vn -0.6345 -0.2646 0.7262
vn -0.8535 -0.1195 0.5072
vn -0.8066 -0.0820 0.5854
vn -0.8839 -0.0000 0.4677
vn -0.9473 -0.1801 0.2648
vn -0.9239 -0.1104 0.3665
vn -0.8613 -0.1975 0.4681
vn -0.6971 -0.6067 0.3821
vn -0.8691 -0.4788 0.1241
vn -0.8379 -0.3376 0.4290
vn -0.8222 -0.3348 0.4603
vn -0.3686 0.6740 0.6402
vn -0.6189 0.6906 0.3743
vn -0.7596 0.4346 0.4838
vn -0.8997 -0.0000 0.4365
vn 0.0615 0.9930 0.1006
vn -0.5798 0.7519 -0.3139
vn -0.9708 -0.1160 0.2101
vn -0.9786 -0.1510 0.1396
usemtl Default_OBJ.149
s 1
f 1/1/1 2/2/2 3/3/3
f 4/4/4 2/2/2 1/1/1
f 3/3/3 2/2/2 5/5/5
f 5/5/5 6/6/6 3/3/3
f 7/7/7 3/3/3 6/6/6
f 6/6/6 8/8/8 7/7/7
f 9/9/9 7/7/7 8/8/8
f 5/5/5 2/2/2 10/10/10
f 10/10/10 11/11/11 5/5/5
f 7/7/7 9/9/9 12/12/12
f 13/13/13 4/4/4 1/1/1
f 14/14/14 13/13/13 1/1/1
f 1/1/1 15/15/15 14/14/14
f 3/3/3 7/7/7 15/15/15
f 15/15/15 1/1/1 3/3/3
f 7/7/7 12/12/12 15/15/15
f 14/14/14 16/16/16 13/13/13
f 14/14/14 17/17/17 16/16/16
f 16/16/16 17/17/17 18/18/18
f 19/19/19 16/16/16 18/18/18
f 19/19/19 18/18/18 20/20/20
f 21/21/21 19/19/19 20/20/20
f 16/16/16 19/19/19 22/22/22
f 22/22/22 13/13/13 16/16/16
f 23/23/23 13/13/13 22/22/22
f 22/22/22 24/24/24 23/23/23
f 22/22/22 25/25/25 24/24/24
f 22/22/22 19/19/19 25/25/25
f 25/25/25 19/19/19 21/21/21
f 26/26/26 24/24/24 25/25/25
f 25/25/25 27/27/27 26/26/26
f 23/23/23 4/4/4 13/13/13
f 24/24/24 26/26/26 28/28/28
f 28/28/28 23/23/23 24/24/24
f 4/4/4 23/23/23 28/28/28
f 29/29/29 27/27/27 25/25/25
f 21/21/21 29/29/29 25/25/25
f 30/30/30 29/29/29 21/21/21
f 28/28/28 31/31/31 4/4/4
f 2/2/2 4/4/4 31/31/31
f 31/31/31 10/10/10 2/2/2
f 27/27/27 32/32/32 26/26/26
f 27/27/27 29/29/29 32/32/32
f 26/26/26 32/32/32 33/33/33
f 28/28/28 26/26/26 33/33/33
f 33/33/33 32/32/32 34/34/34
f 33/33/33 34/34/34 35/35/35
f 33/33/33 35/35/35 28/28/28
f 35/35/35 34/34/34 36/36/36
f 36/36/36 34/34/34 37/37/37
f 34/34/34 38/38/38 37/37/37
f 38/38/38 34/34/34 32/32/32
f 39/39/39 37/37/37 38/38/38
f 39/39/39 38/38/38 40/40/40
f 38/38/38 41/41/41 40/40/40
f 29/29/29 30/30/30 41/41/41
f 29/29/29 41/41/41 32/32/32
f 38/38/38 32/32/32 41/41/41
f 42/42/42 35/35/35 36/36/36
f 42/42/42 36/36/36 43/43/43
f 42/42/42 43/43/43 44/44/44
f 31/31/31 42/42/42 44/44/44
f 44/44/44 10/10/10 31/31/31
f 44/44/44 43/43/43 45/45/45
f 46/46/46 44/44/44 45/45/45
f 10/10/10 44/44/44 46/46/46
f 46/46/46 45/45/45 47/47/47
f 45/45/45 48/48/48 47/47/47
f 49/49/49 47/47/47 48/48/48
f 48/48/48 50/50/50 49/49/49
f 51/51/51 48/48/48 45/45/45
f 45/45/45 43/43/43 51/51/51
f 48/48/48 51/51/51 52/52/52
f 52/52/52 50/50/50 48/48/48
f 50/50/50 52/52/52 53/53/53
f 50/50/50 53/53/53 54/54/54
f 54/54/54 53/53/53 55/55/55
f 55/55/55 53/53/53 56/56/56
f 55/55/55 56/56/56 57/57/57
f 57/57/57 58/58/58 55/55/55
f 58/58/58 57/57/57 59/59/59
f 60/60/60 58/58/58 59/59/59
f 60/60/60 59/59/59 61/61/61
f 60/60/60 61/61/61 62/62/62
f 62/62/62 61/61/61 63/63/63
f 63/63/63 64/64/64 62/62/62
f 65/65/65 62/62/62 64/64/64
f 64/64/64 66/66/66 65/65/65
f 64/64/64 63/63/63 67/67/67
f 64/64/64 67/67/67 68/68/68
f 66/66/66 64/64/64 68/68/68
f 68/68/68 67/67/67 69/69/69
f 69/69/69 70/70/70 68/68/68
f 55/55/55 58/58/58 71/71/71
f 58/58/58 60/60/60 71/71/71
f 71/71/71 72/72/72 55/55/55
f 73/73/73 72/72/72 71/71/71
f 60/60/60 74/74/74 71/71/71
f 75/75/75 60/60/60 62/62/62
f 75/75/75 76/76/76 74/74/74
f 77/77/77 74/74/74 76/76/76
f 74/74/74 77/77/77 78/78/78
f 78/78/78 73/73/73 71/71/71
f 71/71/71 74/74/74 78/78/78
f 79/79/79 78/78/78 77/77/77
f 80/80/80 79/79/79 77/77/77
f 80/80/80 77/77/77 81/81/81
f 76/76/76 81/81/81 77/77/77
f 81/81/81 82/82/82 80/80/80
f 80/80/80 82/82/82 83/83/83
f 83/83/83 84/84/84 80/80/80
f 84/84/84 83/83/83 85/85/85
f 86/86/86 80/80/80 84/84/84
f 79/79/79 80/80/80 86/86/86
f 87/87/87 86/86/86 84/84/84
f 84/84/84 88/88/88 87/87/87
f 88/88/88 89/89/89 87/87/87
f 89/89/89 90/90/90 87/87/87
f 91/91/91 87/87/87 90/90/90
f 90/90/90 92/92/92 91/91/91
f 87/87/87 91/91/91 93/93/93
f 93/93/93 86/86/86 87/87/87
f 79/79/79 86/86/86 93/93/93
f 78/78/78 79/79/79 94/94/94
f 95/95/36 92/92/92 90/90/90
f 95/95/36 96/96/95 92/92/92
f 95/95/36 97/97/96 96/96/95
f 98/98/97 96/96/95 97/97/96
f 97/97/96 99/99/98 98/98/97
f 100/100/99 99/99/98 97/97/96
f 100/100/99 101/101/100 99/99/98
f 88/88/88 102/102/101 89/89/89
f 88/88/88 103/103/84 102/102/101
f 104/104/102 102/102/101 103/103/84
f 102/102/101 104/104/102 105/105/103
f 105/105/103 106/106/104 102/102/101
f 106/106/104 105/105/103 107/107/105
f 107/107/105 108/108/106 106/106/104
f 109/109/107 106/106/104 108/108/106
f 102/102/101 106/106/104 110/110/108
f 106/106/104 109/109/107 110/110/108
f 110/110/108 109/109/107 111/111/109
f 110/110/108 111/111/109 112/112/110
f 113/113/111 111/111/109 109/109/107
f 109/109/107 114/114/112 113/113/111
f 114/114/112 109/109/107 108/108/106
f 113/113/111 114/114/112 115/115/113
f 115/115/113 116/116/114 113/113/111
f 111/111/109 117/117/115 112/112/110
f 113/113/111 117/117/115 111/111/109
f 112/112/110 117/117/115 118/118/116
f 118/118/116 119/119/117 112/112/110
f 119/119/117 120/120/118 112/112/110
f 110/110/108 112/112/110 120/120/118
f 121/121/119 118/118/116 117/117/115
f 122/122/120 121/121/119 117/117/115
f 116/116/114 122/122/120 113/113/111
f 122/122/120 117/117/115 113/113/111
f 89/89/89 110/110/108 120/120/118
f 108/108/106 123/123/121 114/114/112
f 123/123/121 108/108/106 107/107/105
f 107/107/105 124/124/122 123/123/121
f 124/124/122 107/107/105 125/125/123
f 107/107/105 126/126/124 125/125/123
f 127/127/125 125/125/123 126/126/124
f 107/107/105 105/105/103 126/126/124
f 105/105/103 128/128/126 126/126/124
f 105/105/103 104/104/102 128/128/126
f 104/104/102 129/129/127 128/128/126
f 129/129/127 130/130/128 128/128/126
f 130/130/128 129/129/127 131/131/129
f 130/130/128 131/131/129 132/132/130
f 132/132/130 133/133/131 130/130/128
f 134/134/132 132/132/130 131/131/129
f 135/135/133 134/134/132 131/131/129
f 128/128/126 130/130/128 136/136/134
f 136/136/134 126/126/124 128/128/126
f 127/127/125 126/126/124 136/136/134
f 137/137/135 127/127/125 136/136/134
f 137/137/135 136/136/134 130/130/128
f 130/130/128 133/133/131 137/137/135
f 129/129/127 104/104/102 138/138/136
f 139/139/137 134/134/132 135/135/133
f 139/139/137 140/140/138 134/134/132
f 139/139/137 141/141/139 140/140/138
f 142/142/140 140/140/138 141/141/139
f 140/140/138 142/142/140 143/143/141
f 143/143/141 144/144/142 140/140/138
f 134/134/132 144/144/142 132/132/130
f 134/134/132 140/140/138 144/144/142
f 144/144/142 143/143/141 145/145/143
f 132/132/130 144/144/142 145/145/143
f 145/145/143 133/133/131 132/132/130
f 137/137/135 133/133/131 145/145/143
f 145/145/143 143/143/141 146/146/144
f 147/147/145 145/145/143 146/146/144
f 145/145/143 147/147/145 137/137/135
f 146/146/144 148/148/146 147/147/145
f 141/141/139 149/149/147 142/142/140
f 150/150/148 147/147/145 148/148/146
f 148/148/146 151/151/149 150/150/148
f 151/151/149 152/152/150 150/150/148
f 152/152/150 153/153/151 150/150/148
f 141/141/139 154/154/152 149/149/147
f 154/154/152 155/155/153 149/149/147
f 156/156/154 154/154/152 141/141/139
f 156/156/154 141/141/139 139/139/137
f 156/156/154 139/139/137 157/157/155
f 147/147/145 150/150/148 127/127/125
f 153/153/151 127/127/125 150/150/148
f 127/127/125 137/137/135 147/147/145
f 153/153/151 125/125/123 127/127/125
f 125/125/123 153/153/151 158/158/156
f 158/158/156 124/124/122 125/125/123
f 158/158/156 123/123/121 124/124/122
f 159/159/157 123/123/121 158/158/156
f 160/160/158 159/159/157 158/158/156
f 160/160/158 153/153/151 152/152/150
f 160/160/158 158/158/156 153/153/151
f 161/161/159 159/159/157 160/160/158
f 114/114/112 123/123/121 159/159/157
f 159/159/157 115/115/113 114/114/112
f 115/115/113 159/159/157 161/161/159
f 161/161/159 162/162/160 115/115/113
f 156/156/154 157/157/155 163/163/161
f 164/164/162 163/163/161 157/157/155
f 165/165/163 163/163/161 164/164/162
f 164/164/162 166/166/164 165/165/163
f 167/167/165 165/165/163 166/166/164
f 167/167/165 166/166/164 168/168/166
f 168/168/166 166/166/164 75/75/75
f 162/162/160 116/116/114 115/115/113
f 169/169/167 116/116/114 162/162/160
f 169/169/167 170/170/168 116/116/114
f 170/170/168 122/122/120 116/116/114
f 171/171/169 122/122/120 170/170/168
f 171/171/169 170/170/168 172/172/170
f 173/173/171 172/172/170 170/170/168
f 174/174/172 172/172/170 173/173/171
f 174/174/172 173/173/171 175/175/173
f 176/176/174 174/174/172 175/175/173
f 174/174/172 176/176/174 177/177/175
f 177/177/175 178/178/176 174/174/172
f 177/177/175 179/179/177 178/178/176
f 174/174/172 178/178/176 180/180/178
f 180/180/178 172/172/170 174/174/172
f 180/180/178 181/181/179 172/172/170
f 172/172/170 181/181/179 171/171/169
f 182/182/180 181/181/179 180/180/178
f 183/183/181 180/180/178 178/178/176
f 182/182/180 180/180/178 183/183/181
f 183/183/181 178/178/176 179/179/177
f 183/183/181 179/179/177 184/184/182
f 179/179/177 185/185/183 184/184/182
f 177/177/175 186/186/184 179/179/177
f 186/186/184 177/177/175 187/187/185
f 187/187/185 177/177/175 176/176/174
f 186/186/184 187/187/185 188/188/186
f 188/188/186 189/189/187 186/186/184
f 179/179/177 190/190/188 185/185/183
f 190/190/188 186/186/184 189/189/187
f 186/186/184 190/190/188 179/179/177
f 189/189/187 191/191/189 190/190/188
f 190/190/188 191/191/189 192/192/190
f 192/192/190 193/193/191 190/190/188
f 190/190/188 193/193/191 185/185/183
f 194/194/192 185/185/183 193/193/191
f 185/185/183 194/194/192 195/195/193
f 184/184/182 185/185/183 195/195/193
f 195/195/193 194/194/192 196/196/194
f 196/196/194 197/197/195 195/195/193
f 198/198/196 193/193/191 192/192/190
f 193/193/191 198/198/196 194/194/192
f 198/198/196 199/199/197 194/194/192
f 200/200/198 196/196/194 194/194/192
f 194/194/192 199/199/197 200/200/198
f 198/198/196 201/201/188 199/199/197
f 201/201/188 198/198/196 202/202/199
f 202/202/199 203/203/200 201/201/188
f 204/204/201 199/199/197 201/201/188
f 204/204/201 200/200/198 199/199/197
f 205/205/202 200/200/198 204/204/201
f 206/206/203 204/204/201 201/201/188
f 206/206/203 201/201/188 207/207/204
f 207/207/204 201/201/188 203/203/200
f 208/208/205 205/205/202 204/204/201
f 204/204/201 206/206/203 208/208/205
f 209/209/206 206/206/203 207/207/204
f 206/206/203 209/209/206 208/208/205
f 210/210/207 209/209/206 207/207/204
f 210/210/207 207/207/204 211/211/208
f 212/212/209 211/211/208 207/207/204
f 203/203/200 212/212/209 207/207/204
f 211/211/208 213/213/210 210/210/207
f 208/208/205 209/209/206 214/214/211
f 209/209/206 210/210/207 215/215/212
f 209/209/206 215/215/212 214/214/211
f 215/215/212 216/216/213 214/214/211
f 216/216/213 217/217/214 214/214/211
f 216/216/213 215/215/212 218/218/215
f 219/219/216 216/216/213 218/218/215
f 220/220/217 216/216/213 219/219/216
f 220/220/217 217/217/214 216/216/213
f 220/220/217 219/219/216 221/221/218
f 220/220/217 221/221/218 222/222/219
f 222/222/219 12/12/12 220/220/217
f 217/217/214 220/220/217 12/12/12
f 223/223/220 218/218/215 215/215/212
f 215/215/212 224/224/221 223/223/220
f 215/215/212 210/210/207 224/224/221
f 210/210/207 213/213/210 224/224/221
f 225/225/222 223/223/220 224/224/221
f 226/226/223 225/225/222 224/224/221
f 224/224/221 213/213/210 226/226/223
f 227/227/224 225/225/222 226/226/223
f 226/226/223 228/228/225 227/227/224
f 229/229/226 227/227/224 228/228/225
f 227/227/224 229/229/226 230/230/227
f 228/228/225 231/231/228 229/229/226
f 229/229/226 231/231/228 232/232/229
f 231/231/228 233/233/230 232/232/229
f 229/229/226 232/232/229 234/234/231
f 234/234/231 230/230/227 229/229/226
f 230/230/227 234/234/231 235/235/232
f 236/236/233 230/230/227 235/235/232
f 237/237/234 230/230/227 236/236/233
f 237/237/234 225/225/222 227/227/224
f 227/227/224 230/230/227 237/237/234
f 234/234/231 232/232/229 238/238/235
f 238/238/235 239/239/236 234/234/231
f 234/234/231 239/239/236 235/235/232
f 240/240/237 233/233/230 231/231/228
f 240/240/237 231/231/228 241/241/238
f 242/242/239 240/240/237 241/241/238
f 242/242/239 243/243/240 240/240/237
f 244/244/241 243/243/240 242/242/239
f 244/244/241 242/242/239 245/245/242
f 245/245/242 242/242/239 246/246/243
f 246/246/243 242/242/239 241/241/238
f 240/240/237 243/243/240 247/247/244
f 241/241/238 248/248/245 246/246/243
f 245/245/242 249/249/246 244/244/241
f 249/249/246 245/245/242 250/250/247
f 250/250/247 245/245/242 251/251/248
f 250/250/247 251/251/248 252/252/249
f 248/248/245 241/241/238 231/231/228
f 231/231/228 228/228/225 248/248/245
f 240/240/237 247/247/244 253/253/250
f 253/253/250 233/233/230 240/240/237
f 233/233/230 253/253/250 232/232/229
f 232/232/229 253/253/250 238/238/235
f 238/238/235 253/253/250 70/70/70
f 253/253/250 254/254/251 70/70/70
f 254/254/251 255/255/252 70/70/70
f 256/256/253 255/255/252 254/254/251
f 256/256/253 257/257/254 255/255/252
f 256/256/253 258/258/241 257/257/254
f 258/258/241 259/259/255 257/257/254
f 260/260/256 257/257/254 259/259/255
f 65/65/65 260/260/256 259/259/255
f 255/255/252 257/257/254 261/261/257
f 257/257/254 260/260/256 261/261/257
f 260/260/256 65/65/65 66/66/66
f 66/66/66 261/261/257 260/260/256
f 258/258/241 262/262/246 259/259/255
f 262/262/246 263/263/258 259/259/255
f 259/259/255 263/263/258 167/167/165
f 167/167/165 65/65/65 259/259/255
f 264/264/259 167/167/165 263/263/258
f 70/70/70 255/255/252 68/68/68
f 255/255/252 261/261/257 68/68/68
f 68/68/68 261/261/257 66/66/66
f 65/65/65 167/167/165 168/168/166
f 65/65/65 168/168/166 62/62/62
f 75/75/75 62/62/62 168/168/166
f 167/167/165 264/264/259 165/165/163
f 75/75/75 74/74/74 60/60/60
f 75/75/75 166/166/164 76/76/76
f 166/166/164 265/265/260 76/76/76
f 76/76/76 265/265/260 81/81/81
f 265/265/260 166/166/164 164/164/162
f 265/265/260 266/266/261 81/81/81
f 265/265/260 164/164/162 266/266/261
f 266/266/261 164/164/162 267/267/262
f 268/268/263 266/266/261 267/267/262
f 268/268/263 267/267/262 269/269/264
f 270/270/265 268/268/263 269/269/264
f 269/269/264 271/271/266 270/270/265
f 270/270/265 272/272/267 268/268/263
f 266/266/261 272/272/267 81/81/81
f 272/272/267 266/266/261 268/268/263
f 82/82/82 81/81/81 272/272/267
f 273/273/268 270/270/265 271/271/266
f 274/274/269 273/273/268 271/271/266
f 275/275/270 273/273/268 274/274/269
f 275/275/270 274/274/269 276/276/271
f 275/275/270 276/276/271 277/277/272
f 277/277/272 276/276/271 135/135/133
f 157/157/155 135/135/133 276/276/271
f 267/267/262 164/164/162 157/157/155
f 135/135/133 131/131/129 277/277/272
f 278/278/273 267/267/262 157/157/155
f 271/271/266 278/278/273 274/274/269
f 278/278/273 276/276/271 274/274/269
f 269/269/264 278/278/273 271/271/266
f 267/267/262 278/278/273 269/269/264
f 276/276/271 278/278/273 157/157/155
f 275/275/270 277/277/272 279/279/274
f 273/273/268 275/275/270 280/280/275
f 275/275/270 279/279/274 280/280/275
f 280/280/275 279/279/274 281/281/276
f 282/282/277 280/280/275 281/281/276
f 273/273/268 280/280/275 283/283/278
f 282/282/277 283/283/278 280/280/275
f 283/283/278 284/284/279 273/273/268
f 270/270/265 273/273/268 284/284/279
f 284/284/279 285/285/280 270/270/265
f 283/283/278 286/286/281 284/284/279
f 285/285/280 284/284/279 286/286/281
f 286/286/281 283/283/278 287/287/282
f 287/287/282 283/283/278 288/288/283
f 283/283/278 282/282/277 288/288/283
f 285/285/280 286/286/281 289/289/284
f 290/290/285 289/289/284 286/286/281
f 286/286/281 287/287/282 290/290/285
f 290/290/285 287/287/282 291/291/286
f 287/287/282 288/288/283 291/291/286
f 291/291/286 292/292/287 290/290/285
f 291/291/286 293/293/288 292/292/287
f 294/294/289 293/293/288 291/291/286
f 294/294/289 288/288/283 282/282/277
f 294/294/289 282/282/277 281/281/276
f 294/294/289 291/291/286 288/288/283
f 293/293/288 294/294/289 295/295/290
f 281/281/276 295/295/290 294/294/289
f 296/296/291 293/293/288 295/295/290
f 295/295/290 297/297/292 296/296/291
f 297/297/292 295/295/290 298/298/293
f 299/299/294 297/297/292 298/298/293
f 277/277/272 299/299/294 298/298/293
f 293/293/288 296/296/291 300/300/295
f 300/300/295 301/301/296 293/293/288
f 301/301/296 292/292/287 293/293/288
f 297/297/292 299/299/294 138/138/136
f 296/296/291 297/297/292 138/138/136
f 296/296/291 138/138/136 300/300/295
f 138/138/136 302/302/297 300/300/295
f 103/103/84 302/302/297 138/138/136
f 85/85/85 302/302/297 103/103/84
f 85/85/85 300/300/295 302/302/297
f 303/303/298 301/301/296 300/300/295
f 303/303/298 292/292/287 301/301/296
f 300/300/295 85/85/85 303/303/298
f 303/303/298 290/290/285 292/292/287
f 290/290/285 303/303/298 289/289/284
f 298/298/293 295/295/290 281/281/276
f 281/281/276 279/279/274 298/298/293
f 298/298/293 279/279/274 277/277/272
f 85/85/85 103/103/84 84/84/84
f 104/104/102 103/103/84 138/138/136
f 103/103/84 88/88/88 84/84/84
f 303/303/298 304/304/299 289/289/284
f 304/304/299 303/303/298 85/85/85
f 304/304/299 85/85/85 83/83/83
f 83/83/83 305/305/300 304/304/299
f 304/304/299 305/305/300 289/289/284
f 306/306/301 305/305/300 83/83/83
f 306/306/301 289/289/284 305/305/300
f 306/306/301 285/285/280 289/289/284
f 83/83/83 82/82/82 306/306/301
f 82/82/82 272/272/267 306/306/301
f 306/306/301 272/272/267 270/270/265
f 285/285/280 306/306/301 270/270/265
f 213/213/210 307/307/302 308/308/303
f 213/213/210 308/308/303 226/226/223
f 226/226/223 308/308/303 309/309/304
f 251/251/248 309/309/304 308/308/303
f 308/308/303 307/307/302 251/251/248
f 226/226/223 309/309/304 248/248/245
f 248/248/245 228/228/225 226/226/223
f 248/248/245 309/309/304 246/246/243
f 309/309/304 251/251/248 245/245/242
f 246/246/243 309/309/304 245/245/242
f 213/213/210 211/211/208 307/307/302
f 310/310/305 251/251/248 307/307/302
f 307/307/302 311/311/306 310/310/305
f 312/312/307 310/310/305 311/311/306
f 313/313/308 312/312/307 311/311/306
f 313/313/308 314/314/309 312/312/307
f 315/315/310 311/311/306 307/307/302
f 211/211/208 315/315/310 307/307/302
f 212/212/209 315/315/310 211/211/208
f 315/315/310 316/316/311 311/311/306
f 315/315/310 212/212/209 316/316/311
f 311/311/306 316/316/311 317/317/312
f 317/317/312 313/313/308 311/311/306
f 317/317/312 318/318/313 313/313/308
f 317/317/312 316/316/311 319/319/314
f 317/317/312 319/319/314 320/320/315
f 318/318/313 317/317/312 320/320/315
f 321/321/316 320/320/315 319/319/314
f 320/320/315 321/321/316 322/322/317
f 318/318/313 320/320/315 322/322/317
f 316/316/311 323/323/318 319/319/314
f 316/316/311 212/212/209 323/323/318
f 323/323/318 321/321/316 319/319/314
f 323/323/318 212/212/209 203/203/200
f 322/322/317 321/321/316 324/324/319
f 322/322/317 324/324/319 325/325/320
f 325/325/320 318/318/313 322/322/317
f 326/326/321 325/325/320 324/324/319
f 325/325/320 326/326/321 327/327/322
f 318/318/313 325/325/320 327/327/322
f 327/327/322 326/326/321 328/328/323
f 329/329/324 327/327/322 328/328/323
f 327/327/322 329/329/324 313/313/308
f 313/313/308 318/318/313 327/327/322
f 313/313/308 329/329/324 330/330/325
f 331/331/326 330/330/325 329/329/324
f 331/331/326 329/329/324 332/332/327
f 329/329/324 328/328/323 332/332/327
f 331/331/326 332/332/327 333/333/328
f 333/333/328 332/332/327 334/334/329
f 334/334/329 332/332/327 335/335/330
f 336/336/331 335/335/330 332/332/327
f 335/335/330 336/336/331 337/337/332
f 337/337/332 336/336/331 338/338/333
f 339/339/334 337/337/332 338/338/333
f 339/339/334 340/340/335 337/337/332
f 341/341/336 340/340/335 339/339/334
f 335/335/330 337/337/332 342/342/337
f 342/342/337 334/334/329 335/335/330
f 340/340/335 342/342/337 337/337/332
f 189/189/187 339/339/334 338/338/333
f 339/339/334 189/189/187 188/188/186
f 188/188/186 341/341/336 339/339/334
f 191/191/189 189/189/187 338/338/333
f 338/338/333 336/336/331 191/191/189
f 343/343/338 191/191/189 336/336/331
f 341/341/336 188/188/186 344/344/339
f 345/345/340 344/344/339 188/188/186
f 188/188/186 187/187/185 345/345/340
f 176/176/174 345/345/340 187/187/185
f 345/345/340 176/176/174 346/346/341
f 176/176/174 175/175/173 346/346/341
f 175/175/173 347/347/159 346/346/341
f 346/346/341 347/347/159 348/348/158
f 349/349/342 346/346/341 348/348/158
f 349/349/342 344/344/339 345/345/340
f 345/345/340 346/346/341 349/349/342
f 341/341/336 344/344/339 349/349/342
f 175/175/173 350/350/160 347/347/159
f 349/349/342 351/351/343 341/341/336
f 349/349/342 348/348/158 351/351/343
f 192/192/190 191/191/189 343/343/338
f 173/173/171 350/350/160 175/175/173
f 173/173/171 352/352/344 350/350/160
f 170/170/168 352/352/344 173/173/171
f 351/351/343 348/348/158 353/353/150
f 351/351/343 353/353/150 354/354/345
f 354/354/345 353/353/150 355/355/149
f 355/355/149 356/356/146 354/354/345
f 356/356/146 357/357/346 354/354/345
f 357/357/346 356/356/146 358/358/347
f 358/358/347 359/359/348 357/357/346
f 358/358/347 360/360/349 359/359/348
f 361/361/141 360/360/349 358/358/347
f 362/362/350 360/360/349 361/361/141
f 361/361/141 363/363/140 362/362/350
f 364/364/351 362/362/350 363/363/140
f 363/363/140 365/365/352 364/364/351
f 364/364/351 365/365/352 366/366/153
f 366/366/153 367/367/353 364/364/351
f 364/364/351 367/367/353 314/314/309
f 314/314/309 330/330/325 364/364/351
f 362/362/350 364/364/351 330/330/325
f 330/330/325 331/331/326 362/362/350
f 362/362/350 331/331/326 360/360/349
f 360/360/349 331/331/326 333/333/328
f 360/360/349 333/333/328 359/359/348
f 359/359/348 333/333/328 334/334/329
f 359/359/348 334/334/329 342/342/337
f 342/342/337 357/357/346 359/359/348
f 357/357/346 342/342/337 340/340/335
f 340/340/335 354/354/345 357/357/346
f 351/351/343 354/354/345 340/340/335
f 340/340/335 341/341/336 351/351/343
f 314/314/309 313/313/308 330/330/325
f 368/368/354 184/184/182 369/369/355
f 369/369/355 370/370/356 368/368/354
f 182/182/180 368/368/354 370/370/356
f 370/370/356 371/371/357 182/182/180
f 372/372/358 370/370/356 369/369/355
f 369/369/355 373/373/359 372/372/358
f 197/197/195 373/373/359 369/369/355
f 369/369/355 195/195/193 197/197/195
f 195/195/193 369/369/355 184/184/182
f 374/374/360 370/370/356 372/372/358
f 370/370/356 374/374/360 371/371/357
f 374/374/360 375/375/361 371/371/357
f 371/371/357 375/375/361 376/376/362
f 375/375/361 377/377/363 376/376/362
f 372/372/358 373/373/359 378/378/364
f 378/378/364 373/373/359 197/197/195
f 378/378/364 379/379/365 372/372/358
f 374/374/360 372/372/358 379/379/365
f 379/379/365 380/380/366 374/374/360
f 374/374/360 380/380/366 375/375/361
f 197/197/195 381/381/367 378/378/364
f 197/197/195 382/382/368 381/381/367
f 196/196/194 382/382/368 197/197/195
f 382/382/368 196/196/194 200/200/198
f 200/200/198 383/383/369 382/382/368
f 205/205/202 383/383/369 200/200/198
f 384/384/370 383/383/369 205/205/202
f 205/205/202 208/208/205 384/384/370
f 384/384/370 208/208/205 214/214/211
f 380/380/366 385/385/371 375/375/361
f 375/375/361 386/386/372 377/377/363
f 375/375/361 385/385/371 386/386/372
f 384/384/370 387/387/373 383/383/369
f 383/383/369 387/387/373 382/382/368
f 387/387/373 384/384/370 388/388/374
f 389/389/375 387/387/373 388/388/374
f 390/390/376 389/389/375 388/388/374
f 388/388/374 391/391/377 390/390/376
f 391/391/377 388/388/374 384/384/370
f 390/390/376 391/391/377 392/392/378
f 392/392/378 391/391/377 393/393/379
f 393/393/379 394/394/380 392/392/378
f 389/389/375 395/395/381 387/387/373
f 384/384/370 217/217/214 391/391/377
f 217/217/214 384/384/370 214/214/211
f 396/396/382 394/394/380 393/393/379
f 393/393/379 397/397/383 396/396/382
f 397/397/383 393/393/379 9/9/9
f 391/391/377 217/217/214 9/9/9
f 9/9/9 393/393/379 391/391/377
f 8/8/8 397/397/383 9/9/9
f 12/12/12 9/9/9 217/217/214
f 395/395/381 398/398/384 387/387/373
f 399/399/385 398/398/384 395/395/381
f 395/395/381 400/400/386 399/399/385
f 390/390/376 400/400/386 389/389/375
f 389/389/375 400/400/386 395/395/381
f 399/399/385 400/400/386 401/401/387
f 400/400/386 402/402/388 401/401/387
f 401/401/387 402/402/388 403/403/389
f 404/404/390 402/402/388 400/400/386
f 404/404/390 403/403/389 402/402/388
f 404/404/390 405/405/391 403/403/389
f 403/403/389 405/405/391 406/406/392
f 398/398/384 399/399/385 407/407/393
f 408/408/394 407/407/393 399/399/385
f 399/399/385 409/409/395 408/408/394
f 408/408/394 409/409/395 410/410/396
f 411/411/397 410/410/396 409/409/395
f 410/410/396 411/411/397 412/412/398
f 403/403/389 412/412/398 411/411/397
f 412/412/398 413/413/399 410/410/396
f 411/411/397 414/414/400 403/403/389
f 409/409/395 414/414/400 411/411/397
f 414/414/400 399/399/385 401/401/387
f 414/414/400 409/409/395 399/399/385
f 414/414/400 401/401/387 403/403/389
f 410/410/396 415/415/401 408/408/394
f 413/413/399 415/415/401 410/410/396
f 415/415/401 413/413/399 416/416/402
f 416/416/402 413/413/399 417/417/403
f 413/413/399 412/412/398 417/417/403
f 417/417/403 418/418/404 416/416/402
f 419/419/405 418/418/404 417/417/403
f 417/417/403 412/412/398 420/420/406
f 421/421/407 417/417/403 420/420/406
f 419/419/405 417/417/403 421/421/407
f 420/420/406 422/422/408 421/421/407
f 420/420/406 423/423/409 422/422/408
f 403/403/389 423/423/409 420/420/406
f 420/420/406 412/412/398 403/403/389
f 422/422/408 423/423/409 424/424/410
f 403/403/389 424/424/410 423/423/409
f 425/425/411 422/422/408 424/424/410
f 422/422/408 425/425/411 421/421/407
f 424/424/410 396/396/382 425/425/411
f 403/403/389 406/406/392 424/424/410
f 396/396/382 424/424/410 406/406/392
f 396/396/382 406/406/392 394/394/380
f 394/394/380 406/406/392 405/405/391
f 405/405/391 392/392/378 394/394/380
f 392/392/378 405/405/391 404/404/390
f 404/404/390 390/390/376 392/392/378
f 400/400/386 390/390/376 404/404/390
f 396/396/382 397/397/383 425/425/411
f 425/425/411 397/397/383 421/421/407
f 397/397/383 8/8/8 421/421/407
f 419/419/405 421/421/407 8/8/8
f 419/419/405 8/8/8 6/6/6
f 6/6/6 426/426/412 419/419/405
f 6/6/6 427/427/413 426/426/412
f 426/426/412 427/427/413 386/386/372
f 5/5/5 427/427/413 6/6/6
f 428/428/414 427/427/413 5/5/5
f 427/427/413 428/428/414 429/429/415
f 377/377/363 427/427/413 429/429/415
f 427/427/413 377/377/363 386/386/372
f 377/377/363 429/429/415 430/430/416
f 377/377/363 430/430/416 376/376/362
f 376/376/362 430/430/416 171/171/169
f 376/376/362 171/171/169 181/181/179
f 376/376/362 181/181/179 371/371/357
f 371/371/357 181/181/179 182/182/180
f 5/5/5 11/11/11 428/428/414
f 429/429/415 428/428/414 431/431/417
f 431/431/417 432/432/418 429/429/415
f 429/429/415 432/432/418 430/430/416
f 432/432/418 431/431/417 433/433/419
f 432/432/418 433/433/419 101/101/100
f 434/434/420 432/432/418 101/101/100
f 171/171/169 430/430/416 434/434/420
f 430/430/416 432/432/418 434/434/420
f 101/101/100 100/100/99 434/434/420
f 433/433/419 435/435/421 101/101/100
f 433/433/419 436/436/422 435/435/421
f 436/436/422 437/437/423 435/435/421
f 435/435/421 437/437/423 438/438/424
f 435/435/421 438/438/424 101/101/100
f 437/437/423 439/439/425 438/438/424
f 101/101/100 438/438/424 99/99/98
f 121/121/119 434/434/420 100/100/99
f 100/100/99 118/118/116 121/121/119
f 434/434/420 121/121/119 171/171/169
f 171/171/169 121/121/119 122/122/120
f 436/436/422 433/433/419 440/440/426
f 438/438/424 441/441/427 99/99/98
f 99/99/98 441/441/427 98/98/97
f 96/96/95 98/98/97 441/441/427
f 441/441/427 442/442/428 96/96/95
f 92/92/92 96/96/95 442/442/428
f 442/442/428 443/443/429 92/92/92
f 91/91/91 92/92/92 443/443/429
f 443/443/429 444/444/430 91/91/91
f 444/444/430 93/93/93 91/91/91
f 445/445/431 93/93/93 444/444/430
f 93/93/93 445/445/431 94/94/94
f 446/446/432 94/94/94 445/445/431
f 445/445/431 447/447/433 446/446/432
f 445/445/431 444/444/430 447/447/433
f 447/447/433 448/448/434 446/446/432
f 447/447/433 449/449/435 448/448/434
f 449/449/435 450/450/436 448/448/434
f 451/451/437 449/449/435 447/447/433
f 73/73/73 94/94/94 446/446/432
f 73/73/73 446/446/432 54/54/54
f 54/54/54 72/72/72 73/73/73
f 444/444/430 443/443/429 452/452/438
f 444/444/430 452/452/438 447/447/433
f 452/452/438 451/451/437 447/447/433
f 453/453/439 452/452/438 443/443/429
f 454/454/440 448/448/434 450/450/436
f 446/446/432 448/448/434 454/454/440
f 454/454/440 54/54/54 446/446/432
f 50/50/50 54/54/54 454/454/440
f 454/454/440 455/455/441 50/50/50
f 50/50/50 455/455/441 49/49/49
f 456/456/442 49/49/49 455/455/441
f 456/456/442 455/455/441 457/457/443
f 458/458/444 457/457/443 455/455/441
f 459/459/445 456/456/442 457/457/443
f 460/460/446 456/456/442 459/459/445
f 49/49/49 456/456/442 460/460/446
f 458/458/444 455/455/441 461/461/447
f 455/455/441 454/454/440 461/461/447
f 450/450/436 461/461/447 454/454/440
f 461/461/447 450/450/436 462/462/448
f 463/463/449 462/462/448 450/450/436
f 464/464/450 462/462/448 463/463/449
f 465/465/451 462/462/448 464/464/450
f 464/464/450 466/466/452 465/465/451
f 464/464/450 463/463/449 466/466/452
f 466/466/452 467/467/453 465/465/451
f 467/467/453 466/466/452 468/468/454
f 463/463/449 468/468/454 466/466/452
f 463/463/449 451/451/437 468/468/454
f 468/468/454 469/469/455 467/467/453
f 467/467/453 469/469/455 470/470/456
f 470/470/456 471/471/457 467/467/453
f 467/467/453 471/471/457 465/465/451
f 472/472/458 471/471/457 470/470/456
f 472/472/458 465/465/451 471/471/457
f 473/473/459 472/472/458 470/470/456
f 465/465/451 472/472/458 474/474/460
f 472/472/458 473/473/459 474/474/460
f 474/474/460 475/475/461 465/465/451
f 475/475/461 476/476/462 465/465/451
f 475/475/461 477/477/463 476/476/462
f 475/475/461 478/478/464 477/477/463
f 475/475/461 474/474/460 478/478/464
f 479/479/465 474/474/460 473/473/459
f 474/474/460 479/479/465 460/460/446
f 460/460/446 478/478/464 474/474/460
f 476/476/462 477/477/463 457/457/443
f 457/457/443 458/458/444 476/476/462
f 476/476/462 458/458/444 480/480/466
f 476/476/462 480/480/466 465/465/451
f 462/462/448 465/465/451 480/480/466
f 462/462/448 480/480/466 461/461/447
f 461/461/447 480/480/466 458/458/444
f 479/479/465 481/481/467 460/460/446
f 49/49/49 460/460/446 481/481/467
f 49/49/49 481/481/467 47/47/47
f 440/440/426 47/47/47 481/481/467
f 46/46/46 47/47/47 440/440/426
f 440/440/426 431/431/417 46/46/46
f 428/428/414 46/46/46 431/431/417
f 11/11/11 46/46/46 428/428/414
f 46/46/46 11/11/11 10/10/10
f 431/431/417 440/440/426 433/433/419
f 436/436/422 440/440/426 481/481/467
f 479/479/465 436/436/422 481/481/467
f 437/437/423 436/436/422 479/479/465
f 479/479/465 473/473/459 437/437/423
f 439/439/425 437/437/423 473/473/459
f 473/473/459 470/470/456 439/439/425
f 439/439/425 470/470/456 482/482/468
f 439/439/425 482/482/468 438/438/424
f 438/438/424 482/482/468 441/441/427
f 441/441/427 482/482/468 442/442/428
f 453/453/439 442/442/428 482/482/468
f 442/442/428 453/453/439 443/443/429
f 470/470/456 469/469/455 482/482/468
f 482/482/468 469/469/455 453/453/439
f 468/468/454 453/453/439 469/469/455
f 453/453/439 468/468/454 452/452/438
f 451/451/437 452/452/438 468/468/454
f 451/451/437 463/463/449 449/449/435
f 449/449/435 463/463/449 450/450/436
f 483/483/469 484/484/470 485/485/471
f 486/486/472 483/483/469 485/485/471
f 483/483/469 218/218/215 484/484/470
f 219/219/216 218/218/215 483/483/469
f 483/483/469 487/487/473 219/219/216
f 486/486/472 487/487/473 483/483/469
f 487/487/473 486/486/472 488/488/474
f 488/488/474 489/489/475 487/487/473
f 219/219/216 487/487/473 489/489/475
f 489/489/475 488/488/474 490/490/476
f 488/488/474 491/491/477 490/490/476
f 489/489/475 490/490/476 492/492/478
f 489/489/475 492/492/478 493/493/479
f 223/223/220 484/484/470 218/218/215
f 223/223/220 225/225/222 484/484/470
f 237/237/234 484/484/470 225/225/222
f 485/485/471 484/484/470 237/237/234
f 486/486/472 494/494/480 488/488/474
f 495/495/481 488/488/474 494/494/480
f 488/488/474 495/495/481 491/491/477
f 494/494/480 496/496/482 495/495/481
f 494/494/480 497/497/358 496/496/482
f 497/497/358 498/498/483 496/496/482
f 498/498/483 499/499/484 496/496/482
f 498/498/483 500/500/485 499/499/484
f 500/500/485 498/498/483 485/485/471
f 485/485/471 498/498/483 497/497/358
f 497/497/358 494/494/480 485/485/471
f 500/500/485 485/485/471 237/237/234
f 500/500/485 501/501/486 499/499/484
f 499/499/484 501/501/486 502/502/487
f 501/501/486 503/503/488 502/502/487
f 236/236/233 501/501/486 500/500/485
f 236/236/233 500/500/485 237/237/234
f 236/236/233 235/235/232 501/501/486
f 235/235/232 503/503/488 501/501/486
f 235/235/232 504/504/489 503/503/488
f 505/505/490 495/495/481 496/496/482
f 496/496/482 499/499/484 505/505/490
f 499/499/484 502/502/487 505/505/490
f 495/495/481 505/505/490 506/506/491
f 495/495/481 506/506/491 491/491/477
f 491/491/477 506/506/491 507/507/492
f 491/491/477 507/507/492 508/508/493
f 491/491/477 508/508/493 490/490/476
f 235/235/232 239/239/236 504/504/489
f 509/509/494 502/502/487 503/503/488
f 502/502/487 509/509/494 510/510/495
f 510/510/495 509/509/494 511/511/496
f 511/511/496 512/512/497 510/510/495
f 512/512/497 511/511/496 513/513/498
f 514/514/499 510/510/495 512/512/497
f 512/512/497 515/515/500 514/514/499
f 512/512/497 513/513/498 515/515/500
f 515/515/500 516/516/501 514/514/499
f 516/516/501 515/515/500 513/513/498
f 517/517/502 514/514/499 516/516/501
f 506/506/491 505/505/490 517/517/502
f 505/505/490 514/514/499 517/517/502
f 509/509/494 518/518/503 511/511/496
f 519/519/504 518/518/503 509/509/494
f 520/520/505 518/518/503 519/519/504
f 520/520/505 521/521/506 518/518/503
f 513/513/498 511/511/496 521/521/506
f 511/511/496 518/518/503 521/521/506
f 522/522/507 513/513/498 521/521/506
f 523/523/508 520/520/505 519/519/504
f 67/67/67 520/520/505 523/523/508
f 69/69/69 67/67/67 523/523/508
f 238/238/235 69/69/69 523/523/508
f 523/523/508 239/239/236 238/238/235
f 522/522/507 524/524/509 513/513/498
f 524/524/509 522/522/507 59/59/59
f 59/59/59 57/57/57 524/524/509
f 525/525/510 524/524/509 57/57/57
f 524/524/509 525/525/510 526/526/511
f 527/527/512 526/526/511 525/525/510
f 528/528/510 527/527/512 525/525/510
f 529/529/513 527/527/512 528/528/510
f 528/528/510 530/530/514 529/529/513
f 531/531/515 530/530/514 528/528/510
f 528/528/510 532/532/516 531/531/515
f 525/525/510 56/56/56 528/528/510
f 57/57/57 56/56/56 525/525/510
f 533/533/517 532/532/516 528/528/510
f 56/56/56 533/533/517 528/528/510
f 533/533/517 56/56/56 534/534/518
f 535/535/519 533/533/517 534/534/518
f 532/532/516 533/533/517 535/535/519
f 534/534/518 536/536/520 535/535/519
f 535/535/519 537/537/521 532/532/516
f 538/538/522 537/537/521 535/535/519
f 538/538/522 535/535/519 536/536/520
f 538/538/522 536/536/520 539/539/523
f 539/539/523 536/536/520 51/51/51
f 536/536/520 540/540/524 51/51/51
f 536/536/520 534/534/518 540/540/524
f 517/517/502 527/527/512 529/529/513
f 506/506/491 517/517/502 529/529/513
f 508/508/493 529/529/513 530/530/514
f 530/530/514 531/531/515 541/541/525
f 508/508/493 530/530/514 541/541/525
f 53/53/53 540/540/524 534/534/518
f 56/56/56 53/53/53 534/534/518
f 53/53/53 52/52/52 540/540/524
f 51/51/51 540/540/524 52/52/52
f 39/39/39 537/537/521 538/538/522
f 537/537/521 39/39/39 40/40/40
f 43/43/43 539/539/523 51/51/51
f 43/43/43 36/36/36 539/539/523
f 538/538/522 539/539/523 36/36/36
f 36/36/36 37/37/37 538/538/522
f 538/538/522 37/37/37 39/39/39
f 490/490/476 508/508/493 541/541/525
f 492/492/478 490/490/476 541/541/525
f 541/541/525 21/21/21 492/492/478
f 21/21/21 20/20/20 492/492/478
f 493/493/479 492/492/478 20/20/20
f 20/20/20 542/542/526 493/493/479
f 493/493/479 542/542/526 543/543/527
f 542/542/526 17/17/17 543/543/527
f 544/544/528 493/493/479 543/543/527
f 221/221/218 544/544/528 543/543/527
f 219/219/216 544/544/528 221/221/218
f 543/543/527 545/545/529 221/221/218
f 545/545/529 543/543/527 17/17/17
f 222/222/219 221/221/218 545/545/529
f 222/222/219 545/545/529 15/15/15
f 489/489/475 493/493/479 544/544/528
f 489/489/475 544/544/528 219/219/216
f 12/12/12 222/222/219 15/15/15
f 18/18/18 542/542/526 20/20/20
f 18/18/18 17/17/17 542/542/526
f 15/15/15 545/545/529 14/14/14
f 14/14/14 545/545/529 17/17/17
f 541/541/525 30/30/30 21/21/21
f 30/30/30 541/541/525 41/41/41
f 41/41/41 541/541/525 531/531/515
f 40/40/40 41/41/41 531/531/515
f 531/531/515 532/532/516 40/40/40
f 537/537/521 40/40/40 532/532/516
f 328/328/323 326/326/321 546/546/530
f 546/546/530 547/547/531 328/328/323
f 546/546/530 548/548/532 547/547/531
f 546/546/530 549/549/533 548/548/532
f 326/326/321 549/549/533 546/546/530
f 548/548/532 549/549/533 550/550/534
f 550/550/534 549/549/533 551/551/535
f 326/326/321 552/552/536 549/549/533
f 552/552/536 551/551/535 549/549/533
f 324/324/319 552/552/536 326/326/321
f 552/552/536 553/553/537 551/551/535
f 553/553/537 552/552/536 324/324/319
f 324/324/319 554/554/538 553/553/537
f 555/555/539 550/550/534 551/551/535
f 551/551/535 553/553/537 555/555/539
f 553/553/537 556/556/540 555/555/539
f 324/324/319 321/321/316 554/554/538
f 557/557/541 556/556/540 553/553/537
f 553/553/537 554/554/538 557/557/541
f 554/554/538 321/321/316 558/558/542
f 554/554/538 558/558/542 557/557/541
f 321/321/316 559/559/543 558/558/542
f 323/323/318 559/559/543 321/321/316
f 558/558/542 559/559/543 560/560/544
f 557/557/541 558/558/542 560/560/544
f 557/557/541 560/560/544 561/561/545
f 561/561/545 556/556/540 557/557/541
f 562/562/546 556/556/540 561/561/545
f 555/555/539 556/556/540 562/562/546
f 555/555/539 562/562/546 550/550/534
f 561/561/545 563/563/547 562/562/546
f 564/564/548 562/562/546 563/563/547
f 563/563/547 565/565/549 564/564/548
f 564/564/548 565/565/549 566/566/550
f 567/567/551 564/564/548 566/566/550
f 343/343/338 567/567/551 566/566/550
f 568/568/552 343/343/338 566/566/550
f 566/566/550 569/569/553 568/568/552
f 568/568/552 569/569/553 192/192/190
f 568/568/552 192/192/190 343/343/338
f 570/570/554 567/567/551 343/343/338
f 571/571/555 570/570/554 343/343/338
f 566/566/550 565/565/549 572/572/535
f 563/563/547 572/572/535 565/565/549
f 560/560/544 572/572/535 561/561/545
f 561/561/545 572/572/535 563/563/547
f 572/572/535 569/569/553 566/566/550
f 569/569/553 572/572/535 573/573/556
f 573/573/556 572/572/535 560/560/544
f 202/202/199 569/569/553 573/573/556
f 564/564/548 567/567/551 548/548/532
f 548/548/532 550/550/534 564/564/548
f 547/547/531 548/548/532 567/567/551
f 567/567/551 570/570/554 547/547/531
f 570/570/554 571/571/555 547/547/531
f 571/571/555 328/328/323 547/547/531
f 571/571/555 332/332/327 328/328/323
f 569/569/553 202/202/199 198/198/196
f 198/198/196 192/192/190 569/569/553
f 573/573/556 574/574/557 202/202/199
f 574/574/557 559/559/543 202/202/199
f 202/202/199 559/559/543 203/203/200
f 559/559/543 323/323/318 203/203/200
f 560/560/544 559/559/543 574/574/557
f 573/573/556 560/560/544 574/574/557
f 336/336/331 332/332/327 571/571/555
f 571/571/555 343/343/338 336/336/331
f 562/562/546 564/564/548 550/550/534
f 61/61/61 59/59/59 522/522/507
f 522/522/507 521/521/506 61/61/61
f 63/63/63 61/61/61 521/521/506
f 520/520/505 63/63/63 521/521/506
f 520/520/505 67/67/67 63/63/63
f 526/526/511 516/516/501 513/513/498
f 527/527/512 516/516/501 526/526/511
f 516/516/501 527/527/512 517/517/502
f 524/524/509 526/526/511 513/513/498
f 519/519/504 509/509/494 503/503/488
f 503/503/488 504/504/489 519/519/504
f 504/504/489 523/523/508 519/519/504
f 239/239/236 523/523/508 504/504/489
f 299/299/294 131/131/129 129/129/127
f 277/277/272 131/131/129 299/299/294
f 299/299/294 129/129/127 138/138/136
f 507/507/492 529/529/513 508/508/493
f 506/506/491 529/529/513 507/507/492
f 514/514/499 505/505/490 502/502/487
f 502/502/487 510/510/495 514/514/499
f 28/28/28 35/35/35 42/42/42
f 42/42/42 31/31/31 28/28/28
f 70/70/70 69/69/69 238/238/235
f 97/97/96 119/119/117 118/118/116
f 118/118/116 100/100/99 97/97/96
f 97/97/96 95/95/36 119/119/117
f 120/120/118 119/119/117 95/95/36
f 120/120/118 95/95/36 90/90/90
f 120/120/118 90/90/90 89/89/89
f 102/102/101 110/110/108 89/89/89
f 183/183/181 368/368/354 182/182/180
f 184/184/182 368/368/354 183/183/181
f 419/419/405 426/426/412 418/418/404
f 426/426/412 386/386/372 418/418/404
f 416/416/402 418/418/404 386/386/372
f 385/385/371 416/416/402 386/386/372
f 416/416/402 385/385/371 380/380/366
f 380/380/366 415/415/401 416/416/402
f 408/408/394 415/415/401 380/380/366
f 380/380/366 379/379/365 408/408/394
f 407/407/393 408/408/394 379/379/365
f 379/379/365 378/378/364 407/407/393
f 378/378/364 381/381/367 407/407/393
f 407/407/393 381/381/367 398/398/384
f 381/381/367 382/382/368 398/398/384
f 398/398/384 382/382/368 387/387/373
f 478/478/464 459/459/445 477/477/463
f 459/459/445 457/457/443 477/477/463
f 460/460/446 459/459/445 478/478/464
f 310/310/305 252/252/249 251/251/248
f 494/494/480 486/486/472 485/485/471
f 139/139/137 135/135/133 157/157/155
f 73/73/73 78/78/78 94/94/94
f 94/94/94 79/79/79 93/93/93
f 72/72/72 54/54/54 55/55/55
o male_lobby_head_cos_Djmale.002_male_lobby_head_cos_Djmale.017
v -0.045335 1.821108 0.070730
v -0.043700 1.818310 0.078563
v -0.038069 1.826235 0.072965
v -0.038257 1.822147 0.080231
v -0.029136 1.825953 0.075040
v -0.031557 1.821927 0.081803
v -0.026147 1.817712 0.082683
v -0.021934 1.820353 0.076205
v -0.019259 1.811547 0.075953
v -0.024104 1.811107 0.082621
v -0.026242 1.804659 0.081458
v -0.022089 1.802929 0.074443
v -0.029387 1.797769 0.072210
v -0.031747 1.800821 0.079696
v -0.038447 1.801041 0.078091
v -0.038320 1.798084 0.070103
v -0.043825 1.805256 0.077243
v -0.045492 1.803684 0.068970
v -0.048197 1.812490 0.069190
v -0.045837 1.811830 0.077400
v -0.037785 1.804752 0.082463
v -0.033602 1.804594 0.083471
v -0.036119 1.811012 0.085641
v -0.030204 1.806954 0.084603
v -0.028884 1.810949 0.085358
v -0.030174 1.815070 0.085451
v -0.033572 1.817680 0.084886
v -0.037722 1.817837 0.083941
v -0.041120 1.815415 0.082903
v -0.041152 1.807364 0.081991
v -0.042410 1.811420 0.082148
v 0.043901 1.818655 0.079161
v 0.047674 1.822713 0.069883
v 0.038931 1.828878 0.071800
v 0.037987 1.822807 0.080325
v 0.028173 1.828625 0.073310
v 0.030753 1.822650 0.081236
v 0.024871 1.818215 0.081551
v 0.019523 1.822083 0.073813
v 0.016253 1.811735 0.073123
v 0.022638 1.811200 0.081236
v 0.024903 1.804312 0.080231
v 0.019650 1.801514 0.071485
v 0.028393 1.795349 0.069568
v 0.030879 1.800192 0.078973
v 0.038144 1.800349 0.078060
v 0.039151 1.795569 0.068058
v 0.043964 1.804784 0.077746
v 0.047802 1.802111 0.067555
v 0.051072 1.812490 0.068245
v 0.046166 1.811767 0.078155
v 0.032861 1.805004 0.083251
v 0.036856 1.805099 0.082683
v 0.035126 1.810949 0.085829
v 0.029621 1.807237 0.084068
v 0.028363 1.811012 0.084696
v 0.029589 1.814849 0.084948
v 0.032829 1.817272 0.084761
v 0.036824 1.817365 0.084226
v 0.040031 1.815070 0.083501
v 0.040064 1.807521 0.082558
v 0.041289 1.811295 0.082873
vt 0.028304 0.180311
vt 0.052355 0.162032
vt 0.081217 0.220718
vt 0.089876 0.190894
vt 0.145676 0.220718
vt 0.137018 0.190894
vt 0.175501 0.162032
vt 0.198590 0.180311
vt 0.218794 0.115852
vt 0.189932 0.115852
vt 0.175501 0.068711
vt 0.198590 0.050431
vt 0.145676 0.010024
vt 0.137018 0.039848
vt 0.089876 0.039848
vt 0.081217 0.010024
vt 0.052355 0.068711
vt 0.028304 0.050431
vt 0.008100 0.115852
vt 0.037924 0.115852
vt 0.100459 0.072559
vt 0.126435 0.072559
vt 0.113928 0.115852
vt 0.148563 0.088914
vt 0.156259 0.115852
vt 0.148563 0.141828
vt 0.126435 0.158183
vt 0.100459 0.158183
vt 0.078331 0.141828
vt 0.078331 0.088914
vt 0.070635 0.115852
vt 0.947083 0.162032
vt 0.971134 0.180311
vt 0.918220 0.220718
vt 0.909562 0.190894
vt 0.853762 0.220718
vt 0.862420 0.190894
vt 0.824899 0.162032
vt 0.800848 0.180311
vt 0.780644 0.115852
vt 0.810468 0.115852
vt 0.824899 0.068711
vt 0.800848 0.050431
vt 0.853762 0.010024
vt 0.862420 0.039848
vt 0.909562 0.039848
vt 0.918220 0.010024
vt 0.947083 0.068711
vt 0.971134 0.050431
vt 0.991338 0.115852
vt 0.962476 0.115852
vt 0.873003 0.072559
vt 0.898979 0.072559
vt 0.886472 0.115852
vt 0.850875 0.088914
vt 0.843179 0.115852
vt 0.850875 0.141828
vt 0.873003 0.158183
vt 0.898979 0.158183
vt 0.921107 0.141828
vt 0.921107 0.088914
vt 0.928803 0.115852
vn -0.8065 0.4815 0.3430
vn -0.7597 0.4346 0.4837
vn -0.3765 0.8127 0.4447
vn -0.3686 0.7221 0.5854
vn 0.1788 0.8183 0.5463
vn 0.1318 0.7219 0.6793
vn 0.5307 0.4238 0.7340
vn 0.6402 0.4784 0.6011
vn 0.8044 -0.1011 0.5854
vn 0.6793 -0.1060 0.7262
vn 0.5072 -0.5591 0.6558
vn 0.6089 -0.6099 0.5072
vn 0.1475 -0.9021 0.4056
vn 0.1005 -0.8263 0.5542
vn -0.3843 -0.8003 0.4603
vn -0.3921 -0.8626 0.3195
vn -0.7675 -0.4965 0.4056
vn -0.8066 -0.5285 0.2648
vn -0.9622 0.0000 0.2724
vn -0.9082 -0.0651 0.4134
vn -0.3530 -0.5598 0.7496
vn -0.0558 -0.5807 0.8122
vn -0.2357 -0.0790 0.9686
vn 0.2022 -0.4077 0.8904
vn 0.3116 -0.0975 0.9452
vn 0.2257 0.2022 0.9530
vn -0.0246 0.4053 0.9139
vn -0.3452 0.4116 0.8435
vn -0.6033 0.2246 0.7652
vn -0.5954 -0.3749 0.7106
vn -0.6964 0.0000 0.7177
vn 0.6871 0.3713 0.6245
vn 0.7496 0.4343 0.4994
vn 0.3351 0.7504 0.5698
vn 0.3117 0.6563 0.6871
vn -0.1966 0.7493 0.6324
vn -0.1575 0.6606 0.7340
vn -0.5407 0.3659 0.7575
vn -0.6267 0.4329 0.6480
vn -0.7831 -0.0801 0.6167
vn -0.6804 0.0000 0.7329
vn -0.5172 -0.5207 0.6793
vn -0.6032 -0.5736 0.5541
vn -0.1653 -0.8594 0.4838
vn -0.1340 -0.7757 0.6167
vn 0.3194 -0.7573 0.5696
vn 0.3430 -0.8316 0.4369
vn 0.6793 -0.4900 0.5463
vn 0.7418 -0.5280 0.4134
vn 0.8982 -0.0484 0.4369
vn 0.8200 -0.0538 0.5698
vn -0.0167 -0.5607 0.8279
vn 0.2648 -0.5435 0.7966
vn 0.1397 -0.1083 0.9843
vn -0.2670 -0.3870 0.8826
vn -0.3765 -0.0936 0.9217
vn -0.2904 0.1925 0.9373
vn -0.0480 0.3849 0.9217
vn 0.2648 0.3884 0.8826
vn 0.5072 0.2106 0.8357
vn 0.4994 -0.3751 0.7809
vn 0.5932 -0.1163 0.7966
usemtl Default_OBJ.001
s 1
f 575/575/558 576/576/559 577/577/560
f 576/576/559 578/578/561 577/577/560
f 577/577/560 578/578/561 579/579/562
f 578/578/561 580/580/563 579/579/562
f 579/579/562 580/580/563 581/581/564
f 581/581/564 582/582/565 579/579/562
f 583/583/566 582/582/565 581/581/564
f 581/581/564 584/584/567 583/583/566
f 584/584/567 585/585/568 583/583/566
f 586/586/569 583/583/566 585/585/568
f 587/587/570 586/586/569 585/585/568
f 585/585/568 588/588/571 587/587/570
f 587/587/570 588/588/571 589/589/572
f 590/590/573 587/587/570 589/589/572
f 591/591/574 590/590/573 589/589/572
f 592/592/575 590/590/573 591/591/574
f 593/593/576 592/592/575 591/591/574
f 591/591/574 594/594/577 593/593/576
f 593/593/576 594/594/577 576/576/559
f 576/576/559 575/575/558 593/593/576
f 595/595/578 589/589/572 588/588/571
f 588/588/571 596/596/579 595/595/578
f 597/597/580 595/595/578 596/596/579
f 597/597/580 596/596/579 598/598/581
f 598/598/581 596/596/579 588/588/571
f 588/588/571 585/585/568 598/598/581
f 597/597/580 598/598/581 599/599/582
f 597/597/580 599/599/582 600/600/583
f 597/597/580 600/600/583 601/601/584
f 597/597/580 601/601/584 602/602/585
f 597/597/580 602/602/585 603/603/586
f 576/576/559 603/603/586 602/602/585
f 603/603/586 576/576/559 594/594/577
f 597/597/580 604/604/587 595/595/578
f 591/591/574 604/604/587 594/594/577
f 597/597/580 605/605/588 604/604/587
f 597/597/580 603/603/586 605/605/588
f 594/594/577 605/605/588 603/603/586
f 594/594/577 604/604/587 605/605/588
f 599/599/582 598/598/581 585/585/568
f 585/585/568 584/584/567 599/599/582
f 600/600/583 599/599/582 584/584/567
f 584/584/567 581/581/564 600/600/583
f 580/580/563 601/601/584 600/600/583
f 600/600/583 581/581/564 580/580/563
f 601/601/584 580/580/563 578/578/561
f 578/578/561 602/602/585 601/601/584
f 602/602/585 578/578/561 576/576/559
f 589/589/572 595/595/578 604/604/587
f 604/604/587 591/591/574 589/589/572
f 606/606/589 607/607/590 608/608/591
f 608/608/591 609/609/592 606/606/589
f 609/609/592 608/608/591 610/610/593
f 610/610/593 611/611/594 609/609/592
f 612/612/595 611/611/594 610/610/593
f 610/610/593 613/613/596 612/612/595
f 612/612/595 613/613/596 614/614/597
f 614/614/597 615/615/598 612/612/595
f 614/614/597 616/616/599 615/615/598
f 617/617/600 616/616/599 614/614/597
f 616/616/599 617/617/600 618/618/601
f 618/618/601 619/619/602 616/616/599
f 620/620/603 619/619/602 618/618/601
f 618/618/601 621/621/604 620/620/603
f 621/621/604 622/622/605 620/620/603
f 623/623/606 622/622/605 621/621/604
f 622/622/605 623/623/606 624/624/607
f 625/625/608 622/622/605 624/624/607
f 606/606/589 625/625/608 624/624/607
f 624/624/607 607/607/590 606/606/589
f 626/626/609 619/619/602 620/620/603
f 620/620/603 627/627/610 626/626/609
f 627/627/610 620/620/603 622/622/605
f 627/627/610 628/628/611 626/626/609
f 626/626/609 628/628/611 629/629/612
f 629/629/612 616/616/599 619/619/602
f 619/619/602 626/626/609 629/629/612
f 629/629/612 628/628/611 630/630/613
f 630/630/613 628/628/611 631/631/614
f 631/631/614 628/628/611 632/632/615
f 632/632/615 628/628/611 633/633/616
f 633/633/616 628/628/611 634/634/617
f 633/633/616 634/634/617 606/606/589
f 625/625/608 606/606/589 634/634/617
f 635/635/618 628/628/611 627/627/610
f 622/622/605 635/635/618 627/627/610
f 636/636/619 628/628/611 635/635/618
f 634/634/617 628/628/611 636/636/619
f 634/634/617 636/636/619 625/625/608
f 616/616/599 629/629/612 630/630/613
f 630/630/613 615/615/598 616/616/599
f 615/615/598 630/630/613 631/631/614
f 631/631/614 612/612/595 615/615/598
f 611/611/594 612/612/595 631/631/614
f 631/631/614 632/632/615 611/611/594
f 632/632/615 633/633/616 609/609/592
f 609/609/592 611/611/594 632/632/615
f 606/606/589 609/609/592 633/633/616
f 636/636/619 635/635/618 622/622/605
f 622/622/605 625/625/608 636/636/619
o Male_Lobby_Shoe_Cos_Fashiontrends.000_Male_Lobby_Shoe_Cos_Fashiontrends.008
v 0.224217 0.210035 0.004583
v 0.194438 0.154589 -0.052487
v 0.192476 0.209183 0.011715
v 0.240649 0.210415 -0.018512
v 0.174596 0.208957 0.005477
v 0.162322 0.204312 -0.006761
v 0.161269 0.187556 -0.015637
v 0.148175 0.185982 -0.044632
v 0.145726 0.185487 -0.061804
v 0.245339 0.204891 -0.033428
v 0.243447 0.188202 -0.039232
v 0.237524 0.190881 -0.077227
v 0.233953 0.198518 -0.086285
v 0.145851 0.195512 -0.080253
v 0.162841 0.197852 -0.116140
v 0.177913 0.198191 -0.122477
v 0.192985 0.199087 -0.125240
v 0.216089 0.198645 -0.113431
v 0.153387 0.002047 -0.031666
v 0.140960 0.000448 -0.066554
v 0.254255 0.001403 -0.074580
v 0.228244 0.007136 -0.134981
v 0.135857 0.003904 -0.112718
v 0.157653 0.005780 -0.141063
v 0.191733 0.007867 -0.152808
v 0.265042 0.012098 -0.037583
v 0.161416 0.008485 -0.009565
v 0.274077 0.002919 -0.007231
v 0.170706 -0.000061 0.022174
v 0.292555 0.000775 0.039503
v 0.171820 -0.001276 0.068554
v 0.307786 -0.000248 0.109163
v 0.171183 0.000450 0.125115
v 0.293704 0.011481 0.168760
v 0.196829 0.009014 0.181502
v 0.227947 0.016566 0.201169
v 0.268074 0.018540 0.196504
v 0.138067 0.044382 -0.106769
v 0.139937 0.086454 -0.099629
v 0.157857 0.092464 -0.131468
v 0.156080 0.048678 -0.140373
v 0.135857 0.003904 -0.112718
v 0.140960 0.000448 -0.066554
v 0.150349 0.039167 -0.038437
v 0.153387 0.002047 -0.031666
v 0.161416 0.008485 -0.009565
v 0.158927 0.037232 0.002846
v 0.170706 -0.000061 0.022174
v 0.167682 0.025063 0.067309
v 0.146310 0.107401 -0.055642
v 0.167791 0.066303 0.077976
v 0.159759 0.096201 0.022573
v 0.191408 0.098633 0.088578
v 0.158010 0.112744 -0.004480
v 0.183349 0.130687 0.034698
v 0.178739 0.145218 0.014870
v 0.211547 0.148393 0.016011
v 0.151028 0.145181 -0.007064
v 0.139922 0.146435 -0.049824
v 0.134012 0.183721 -0.045952
v 0.148736 0.128527 -0.095916
v 0.166667 0.181014 0.012298
v 0.149970 0.185921 -0.003377
v 0.133485 0.181860 -0.084444
v 0.215383 0.137621 0.030099
v 0.246110 0.133164 0.019029
v 0.237542 0.147791 0.003967
v 0.228038 0.109205 0.083658
v 0.196059 0.092115 0.089458
v 0.228153 0.099560 0.086139
v 0.259781 0.096677 0.074045
v 0.271885 0.083757 0.110283
v 0.237246 0.092500 0.121946
v 0.262155 0.103525 0.070484
v 0.288106 0.065219 0.055231
v 0.291556 0.061894 0.100997
v 0.294113 0.029348 0.038836
v 0.283987 0.072263 0.146520
v 0.305794 0.025682 0.110162
v 0.290853 0.032308 0.162423
v 0.270678 0.100008 -0.001165
v 0.184409 0.060419 0.131361
v 0.260344 0.115225 -0.027362
v 0.271021 0.057994 -0.022703
v 0.256654 0.155509 -0.031044
v 0.265589 0.039721 0.190972
v 0.293704 0.011481 0.168760
v 0.268074 0.018540 0.196504
v 0.229742 0.039283 0.195967
v 0.227947 0.016566 0.201169
v 0.246336 0.082806 0.176877
v 0.206615 0.074814 0.166372
v 0.198258 0.032794 0.179478
v 0.201336 0.083465 0.126629
v 0.196829 0.009014 0.181502
v 0.171172 0.023617 0.130184
v 0.171183 0.000450 0.125115
v 0.171820 -0.001276 0.068554
v 0.250466 0.114442 -0.070103
v 0.224643 0.091059 -0.123946
v 0.217573 0.136238 -0.121239
v 0.249586 0.157368 -0.080313
v 0.235485 0.183638 -0.114470
v 0.195971 0.093897 -0.143920
v 0.192724 0.138610 -0.131732
v 0.159633 0.136248 -0.122563
v 0.159062 0.165027 -0.123551
v 0.193098 0.166659 -0.133798
v 0.176435 0.194360 -0.130675
v 0.193144 0.194911 -0.134280
v 0.212593 0.148752 -0.120288
v 0.225129 0.186307 -0.113974
v 0.247454 0.188507 -0.080089
v 0.240225 0.195545 -0.090258
v 0.220860 0.194761 -0.118465
v 0.216089 0.198645 -0.113431
v 0.233953 0.198518 -0.086285
v 0.192985 0.199087 -0.125240
v 0.237524 0.190881 -0.077227
v 0.249705 0.187698 -0.035719
v 0.243447 0.188202 -0.039232
v 0.250811 0.202497 -0.028795
v 0.245339 0.204891 -0.033428
v 0.240649 0.210415 -0.018512
v 0.247388 0.206623 -0.014014
v 0.235637 0.184294 -0.003486
v 0.251789 0.186246 -0.081678
v 0.255196 0.186870 -0.033380
v 0.243197 0.183469 -0.004090
v 0.224217 0.210035 0.004583
v 0.228607 0.207451 0.010116
v 0.210703 0.207516 0.021055
v 0.192476 0.209183 0.011715
v 0.187482 0.207306 0.018316
v 0.174596 0.208957 0.005477
v 0.171390 0.206698 0.011196
v 0.159914 0.201282 0.000630
v 0.162322 0.204312 -0.006761
v 0.157578 0.187389 -0.006864
v 0.161269 0.187556 -0.015637
v 0.148175 0.185982 -0.044632
v 0.208858 0.173760 0.013128
v 0.179603 0.172741 0.008995
v 0.175022 0.171528 0.014630
v 0.172057 0.184547 0.006995
v 0.137185 0.185221 -0.064490
v 0.236018 0.171986 0.003311
v 0.231155 0.172715 -0.000781
v 0.139989 0.182524 -0.089004
v 0.138001 0.192660 -0.082839
v 0.145851 0.195512 -0.080253
v 0.162841 0.197852 -0.116140
v 0.159726 0.193806 -0.123500
v 0.152344 0.147473 -0.103018
v 0.159633 0.136248 -0.122563
v 0.159062 0.165027 -0.123551
v 0.145726 0.185487 -0.061804
v 0.231712 0.045884 -0.126655
v 0.258307 0.040118 -0.066344
v 0.254255 0.001403 -0.074580
v 0.228244 0.007136 -0.134981
v 0.197785 0.049184 -0.151423
v 0.265042 0.012098 -0.037583
v 0.282259 0.031932 0.002025
v 0.292555 0.000775 0.039503
v 0.274077 0.002919 -0.007231
v 0.307786 -0.000248 0.109163
v 0.191733 0.007867 -0.152808
v 0.156080 0.048678 -0.140373
v 0.157857 0.092464 -0.131468
v 0.157653 0.005780 -0.141063
v 0.177913 0.198191 -0.122477
v 0.159726 0.193806 -0.123500
v 0.162841 0.197852 -0.116140
v 0.157653 0.005780 -0.141063
v -0.194438 0.154589 -0.052487
v -0.224217 0.210035 0.004583
v -0.192476 0.209183 0.011715
v -0.240649 0.210415 -0.018512
v -0.174596 0.208957 0.005477
v -0.162322 0.204312 -0.006761
v -0.161269 0.187556 -0.015637
v -0.148175 0.185982 -0.044632
v -0.145726 0.185487 -0.061804
v -0.245339 0.204891 -0.033428
v -0.243447 0.188202 -0.039232
v -0.237524 0.190881 -0.077227
v -0.233953 0.198518 -0.086285
v -0.145851 0.195512 -0.080253
v -0.162841 0.197852 -0.116140
v -0.177913 0.198191 -0.122477
v -0.192985 0.199087 -0.125240
v -0.216089 0.198645 -0.113431
v -0.140960 0.000448 -0.066554
v -0.153387 0.002047 -0.031666
v -0.254255 0.001403 -0.074580
v -0.228244 0.007136 -0.134981
v -0.135857 0.003904 -0.112718
v -0.157653 0.005780 -0.141063
v -0.191733 0.007867 -0.152808
v -0.265042 0.012098 -0.037583
v -0.161416 0.008485 -0.009565
v -0.274077 0.002919 -0.007231
v -0.170706 -0.000061 0.022174
v -0.292555 0.000775 0.039503
v -0.171820 -0.001276 0.068554
v -0.307786 -0.000248 0.109163
v -0.171183 0.000450 0.125115
v -0.293704 0.011481 0.168760
v -0.196829 0.009014 0.181502
v -0.227947 0.016566 0.201169
v -0.268074 0.018540 0.196504
v -0.138067 0.044382 -0.106769
v -0.157857 0.092464 -0.131468
v -0.139937 0.086454 -0.099629
v -0.156080 0.048678 -0.140373
v -0.135857 0.003904 -0.112718
v -0.140960 0.000448 -0.066554
v -0.150349 0.039167 -0.038437
v -0.153387 0.002047 -0.031666
v -0.161416 0.008485 -0.009565
v -0.158927 0.037232 0.002846
v -0.170706 -0.000061 0.022174
v -0.167682 0.025063 0.067309
v -0.146310 0.107401 -0.055642
v -0.167791 0.066303 0.077976
v -0.159759 0.096201 0.022573
v -0.191408 0.098633 0.088578
v -0.158010 0.112744 -0.004480
v -0.183349 0.130687 0.034698
v -0.178739 0.145218 0.014870
v -0.211547 0.148393 0.016011
v -0.151028 0.145181 -0.007064
v -0.139922 0.146435 -0.049824
v -0.134012 0.183721 -0.045952
v -0.148736 0.128527 -0.095916
v -0.166667 0.181014 0.012298
v -0.149970 0.185921 -0.003377
v -0.133485 0.181860 -0.084444
v -0.215383 0.137621 0.030099
v -0.246110 0.133164 0.019029
v -0.237542 0.147791 0.003967
v -0.228038 0.109205 0.085225
v -0.196059 0.092115 0.089458
v -0.228153 0.099560 0.086139
v -0.259781 0.096677 0.074045
v -0.271885 0.083757 0.110283
v -0.237246 0.092500 0.121946
v -0.262155 0.103525 0.070484
v -0.288106 0.065219 0.055231
v -0.291556 0.061894 0.100997
v -0.294113 0.029348 0.038836
v -0.283987 0.072263 0.146520
v -0.305794 0.025682 0.110162
v -0.290853 0.032308 0.162423
v -0.270678 0.100008 -0.001165
v -0.260344 0.115225 -0.027362
v -0.271021 0.057994 -0.022703
v -0.265589 0.039721 0.190972
v -0.293704 0.011481 0.168760
v -0.268074 0.018540 0.196504
v -0.229742 0.039283 0.195967
v -0.227947 0.016566 0.201169
v -0.246336 0.082806 0.176877
v -0.206615 0.074814 0.166372
v -0.201336 0.083465 0.126629
v -0.184409 0.060419 0.131361
v -0.198258 0.032794 0.179478
v -0.196829 0.009014 0.181502
v -0.171172 0.023617 0.130184
v -0.171183 0.000450 0.125115
v -0.171820 -0.001276 0.068554
v -0.224643 0.091059 -0.123946
v -0.250466 0.114442 -0.070103
v -0.217573 0.136238 -0.121239
v -0.249586 0.157368 -0.080313
v -0.235485 0.183638 -0.114470
v -0.195971 0.093897 -0.143920
v -0.192724 0.138610 -0.131732
v -0.159633 0.136248 -0.122563
v -0.159062 0.165027 -0.123551
v -0.193098 0.166659 -0.133798
v -0.176435 0.194360 -0.130675
v -0.193144 0.194911 -0.134280
v -0.212593 0.148752 -0.120288
v -0.225129 0.186307 -0.113974
v -0.247454 0.188507 -0.080089
v -0.240225 0.195545 -0.090258
v -0.220860 0.194761 -0.118465
v -0.216089 0.198645 -0.113431
v -0.233953 0.198518 -0.086285
v -0.192985 0.199087 -0.125240
v -0.237524 0.190881 -0.077227
v -0.249705 0.187698 -0.035719
v -0.243447 0.188202 -0.039232
v -0.250811 0.202497 -0.028795
v -0.245339 0.204891 -0.033428
v -0.240649 0.210415 -0.018512
v -0.247388 0.206623 -0.014014
v -0.235637 0.184294 -0.003486
v -0.251789 0.186246 -0.081678
v -0.255196 0.186870 -0.033380
v -0.243197 0.183469 -0.004090
v -0.256654 0.155509 -0.031044
v -0.224217 0.210035 0.004583
v -0.228607 0.207451 0.010116
v -0.210703 0.207516 0.021055
v -0.192476 0.209183 0.011715
v -0.187482 0.207306 0.018316
v -0.174596 0.208957 0.005477
v -0.171390 0.206698 0.011196
v -0.159914 0.201282 0.000630
v -0.162322 0.204312 -0.006761
v -0.157578 0.187389 -0.006864
v -0.161269 0.187556 -0.015637
v -0.148175 0.185982 -0.044632
v -0.208858 0.173760 0.013128
v -0.179603 0.172741 0.008995
v -0.175022 0.171528 0.014630
v -0.172057 0.184547 0.006995
v -0.137185 0.185221 -0.064490
v -0.236018 0.171986 0.003311
v -0.231155 0.172715 -0.000781
v -0.258307 0.040118 -0.066344
v -0.282259 0.031932 0.002025
v -0.265042 0.012098 -0.037583
v -0.254255 0.001403 -0.074580
v -0.231712 0.045884 -0.126655
v -0.228244 0.007136 -0.134981
v -0.197785 0.049184 -0.151423
v -0.292555 0.000775 0.039503
v -0.274077 0.002919 -0.007231
v -0.307786 -0.000248 0.109163
v -0.191733 0.007867 -0.152808
v -0.156080 0.048678 -0.140373
v -0.157857 0.092464 -0.131468
v -0.157653 0.005780 -0.141063
v -0.145851 0.195512 -0.080253
v -0.138001 0.192660 -0.082839
v -0.162841 0.197852 -0.116140
v -0.159726 0.193806 -0.123500
v -0.145726 0.185487 -0.061804
v -0.139989 0.182524 -0.089004
v -0.152344 0.147473 -0.103018
v -0.159633 0.136248 -0.122563
v -0.159062 0.165027 -0.123551
v -0.177913 0.198191 -0.122477
v -0.159726 0.193806 -0.123500
v -0.162841 0.197852 -0.116140
v -0.157653 0.005780 -0.141063
vt 0.949700 0.215700
vt 0.872200 0.116800
vt 0.984400 0.170700
vt 0.904000 0.231700
vt 0.990700 0.139000
vt 0.984100 0.109300
vt 0.960000 0.096400
vt 0.923200 0.044200
vt 0.893200 0.034400
vt 0.876000 0.229700
vt 0.859700 0.205400
vt 0.798900 0.172200
vt 0.779900 0.159700
vt 0.862100 0.016900
vt 0.794000 0.021800
vt 0.775800 0.042300
vt 0.757700 0.062800
vt 0.757200 0.107900
vt 0.611700 0.273600
vt 0.565200 0.236800
vt 0.711900 0.129900
vt 0.625300 0.068700
vt 0.519000 0.178400
vt 0.524400 0.121500
vt 0.559700 0.075100
vt 0.759700 0.172200
vt 0.642400 0.297500
vt 0.798700 0.207700
vt 0.682700 0.334400
vt 0.863000 0.255900
vt 0.723000 0.396600
vt 0.942100 0.338000
vt 0.769600 0.474200
vt 0.974000 0.432400
vt 0.852300 0.530300
vt 0.912300 0.532400
vt 0.963500 0.492900
vt 0.807600 0.889300
vt 0.800000 0.796800
vt 0.879300 0.776800
vt 0.879300 0.866600
vt 0.815100 0.984500
vt 0.719800 0.984500
vt 0.660600 0.899700
vt 0.645800 0.984500
vt 0.600300 0.984500
vt 0.577000 0.899500
vt 0.539300 0.984500
vt 0.449600 0.924400
vt 0.710200 0.745600
vt 0.421300 0.831700
vt 0.531400 0.756500
vt 0.381500 0.746500
vt 0.597900 0.718200
vt 0.484400 0.655700
vt 0.524100 0.623200
vt 0.455100 0.561200
vt 0.611800 0.649800
vt 0.708600 0.662700
vt 0.712300 0.587300
vt 0.807400 0.706700
vt 0.580000 0.562800
vt 0.625500 0.565800
vt 0.786300 0.595000
vt 0.432300 0.583500
vt 0.364100 0.528200
vt 0.401000 0.502600
vt 0.331200 0.681200
vt 0.365600 0.757900
vt 0.316100 0.697100
vt 0.261300 0.638800
vt 0.203500 0.696700
vt 0.259300 0.747000
vt 0.272600 0.623600
vt 0.169900 0.584300
vt 0.149300 0.669500
vt 0.088000 0.544000
vt 0.149900 0.756700
vt 0.071200 0.679700
vt 0.068400 0.788600
vt 0.259500 0.474300
vt 0.316200 0.865200
vt 0.297100 0.416800
vt 0.157200 0.422500
vt 0.387300 0.401300
vt 0.100100 0.858500
vt 0.026300 0.803000
vt 0.064000 0.882300
vt 0.152400 0.909800
vt 0.132500 0.948900
vt 0.184000 0.823800
vt 0.238900 0.855400
vt 0.218200 0.938800
vt 0.304700 0.806900
vt 0.212100 0.984200
vt 0.329500 0.941200
vt 0.343600 0.984500
vt 0.451600 0.984500
vt 0.284800 0.314000
vt 0.230200 0.180400
vt 0.333800 0.173600
vt 0.379000 0.290700
vt 0.434000 0.213400
vt 0.242900 0.107300
vt 0.348100 0.106700
vt 0.356500 0.021200
vt 0.414800 0.021200
vt 0.411500 0.111100
vt 0.472200 0.075700
vt 0.469300 0.130300
vt 0.365600 0.159900
vt 0.445500 0.201700
vt 0.453000 0.287400
vt 0.470100 0.262000
vt 0.468900 0.195700
vt 0.487400 0.198700
vt 0.487400 0.263700
vt 0.487400 0.146200
vt 0.474000 0.290100
vt 0.462400 0.379400
vt 0.477100 0.364800
vt 0.498500 0.380200
vt 0.505700 0.367900
vt 0.525300 0.391200
vt 0.509700 0.401900
vt 0.479400 0.454400
vt 0.441800 0.286300
vt 0.452800 0.384500
vt 0.465600 0.448200
vt 0.546900 0.431900
vt 0.537000 0.436000
vt 0.556000 0.465800
vt 0.588700 0.470900
vt 0.581000 0.491200
vt 0.616200 0.489900
vt 0.606800 0.501900
vt 0.625700 0.519200
vt 0.640800 0.511400
vt 0.628400 0.548900
vt 0.647800 0.537900
vt 0.708700 0.563900
vt 0.499800 0.519600
vt 0.551900 0.557500
vt 0.551700 0.571600
vt 0.584600 0.546900
vt 0.749800 0.579200
vt 0.452600 0.476800
vt 0.465700 0.477200
vt 0.799100 0.591000
vt 0.787900 0.569500
vt 0.785200 0.552700
vt 0.879300 0.552700
vt 0.879300 0.569400
vt 0.833200 0.667100
vt 0.879300 0.688700
vt 0.879300 0.629800
vt 0.742900 0.559300
vt 0.121700 0.185800
vt 0.111100 0.324600
vt 0.025600 0.307000
vt 0.025600 0.170800
vt 0.133600 0.101000
vt 0.025600 0.383700
vt 0.093700 0.467900
vt 0.025600 0.536700
vt 0.025600 0.442500
vt 0.025600 0.672800
vt 0.025600 0.084300
vt 0.178000 0.021200
vt 0.268200 0.021200
vt 0.025600 0.021200
vt 0.487400 0.083700
vt 0.475100 0.021200
vt 0.487400 0.021200
vt 0.879300 0.984500
vt 0.872200 0.116800
vt 0.949700 0.215700
vt 0.984400 0.170700
vt 0.904000 0.231700
vt 0.990700 0.139000
vt 0.984100 0.109300
vt 0.960000 0.096400
vt 0.923200 0.044200
vt 0.893200 0.034400
vt 0.876000 0.229700
vt 0.859700 0.205400
vt 0.798900 0.172200
vt 0.779900 0.159700
vt 0.862100 0.016900
vt 0.794000 0.021800
vt 0.775800 0.042300
vt 0.757700 0.062800
vt 0.757200 0.107900
vt 0.565200 0.236800
vt 0.611700 0.273600
vt 0.711900 0.129900
vt 0.625300 0.068700
vt 0.519000 0.178400
vt 0.524400 0.121500
vt 0.559700 0.075100
vt 0.759700 0.172200
vt 0.642400 0.297500
vt 0.798700 0.207700
vt 0.682700 0.334400
vt 0.863000 0.255900
vt 0.723000 0.396600
vt 0.942100 0.338000
vt 0.769600 0.474200
vt 0.974000 0.432400
vt 0.852300 0.530300
vt 0.912300 0.532400
vt 0.963500 0.492900
vt 0.807600 0.889300
vt 0.879300 0.776800
vt 0.800000 0.796800
vt 0.879300 0.866600
vt 0.815100 0.984500
vt 0.719800 0.984500
vt 0.660600 0.899700
vt 0.645800 0.984500
vt 0.600300 0.984500
vt 0.577000 0.899500
vt 0.539300 0.984500
vt 0.449600 0.924400
vt 0.710200 0.745600
vt 0.421300 0.831700
vt 0.531400 0.756500
vt 0.381500 0.746500
vt 0.597900 0.718200
vt 0.484400 0.655700
vt 0.524100 0.623200
vt 0.455100 0.561200
vt 0.611800 0.649800
vt 0.708600 0.662700
vt 0.712300 0.587300
vt 0.807400 0.706700
vt 0.580000 0.562800
vt 0.625500 0.565800
vt 0.786300 0.595000
vt 0.432300 0.583500
vt 0.364100 0.528200
vt 0.401000 0.502600
vt 0.331200 0.681200
vt 0.365600 0.757900
vt 0.316100 0.697100
vt 0.261300 0.638800
vt 0.203500 0.696700
vt 0.259300 0.747000
vt 0.272600 0.623600
vt 0.169900 0.584300
vt 0.149300 0.669500
vt 0.088000 0.544000
vt 0.149900 0.756700
vt 0.071200 0.679700
vt 0.068400 0.788600
vt 0.259500 0.474300
vt 0.297100 0.416800
vt 0.157200 0.422500
vt 0.100100 0.858500
vt 0.026300 0.803000
vt 0.064000 0.882300
vt 0.152400 0.909800
vt 0.132500 0.948900
vt 0.184000 0.823800
vt 0.238900 0.855400
vt 0.304700 0.806900
vt 0.316200 0.865200
vt 0.218200 0.938800
vt 0.212100 0.984200
vt 0.329500 0.941200
vt 0.343600 0.984500
vt 0.451600 0.984500
vt 0.230200 0.180400
vt 0.284800 0.314000
vt 0.333800 0.173600
vt 0.379000 0.290700
vt 0.434000 0.213400
vt 0.242900 0.107300
vt 0.348100 0.106700
vt 0.356500 0.021200
vt 0.414800 0.021200
vt 0.411500 0.111100
vt 0.472200 0.075700
vt 0.469300 0.130300
vt 0.365600 0.159900
vt 0.445500 0.201700
vt 0.453000 0.287400
vt 0.470100 0.262000
vt 0.468900 0.195700
vt 0.487400 0.198700
vt 0.487400 0.263700
vt 0.487400 0.146200
vt 0.474000 0.290100
vt 0.462400 0.379400
vt 0.477100 0.364800
vt 0.498500 0.380200
vt 0.505700 0.367900
vt 0.525300 0.391200
vt 0.509700 0.401900
vt 0.479400 0.454400
vt 0.441800 0.286300
vt 0.452800 0.384500
vt 0.465600 0.448200
vt 0.387300 0.401300
vt 0.546900 0.431900
vt 0.537000 0.436000
vt 0.556000 0.465800
vt 0.588700 0.470900
vt 0.581000 0.491200
vt 0.616200 0.489900
vt 0.606800 0.501900
vt 0.625700 0.519200
vt 0.640800 0.511400
vt 0.628400 0.548900
vt 0.647800 0.537900
vt 0.708700 0.563900
vt 0.499800 0.519600
vt 0.551900 0.557500
vt 0.551700 0.571600
vt 0.584600 0.546900
vt 0.749800 0.579200
vt 0.452600 0.476800
vt 0.465700 0.477200
vt 0.111100 0.324600
vt 0.093700 0.467900
vt 0.025600 0.383700
vt 0.025600 0.307000
vt 0.121700 0.185800
vt 0.025600 0.170800
vt 0.133600 0.101000
vt 0.025600 0.536700
vt 0.025600 0.442500
vt 0.025600 0.672800
vt 0.025600 0.084300
vt 0.178000 0.021200
vt 0.268200 0.021200
vt 0.025600 0.021200
vt 0.785200 0.552700
vt 0.787900 0.569500
vt 0.879300 0.552700
vt 0.879300 0.569400
vt 0.742900 0.559300
vt 0.799100 0.591000
vt 0.833200 0.667100
vt 0.879300 0.688700
vt 0.879300 0.629800
vt 0.487400 0.083700
vt 0.475100 0.021200
vt 0.487400 0.021200
vt 0.879300 0.984500
vn -0.0165 0.9967 -0.0798
vn -0.0435 0.9971 -0.0624
vn -0.0280 0.9873 -0.1565
vn -0.0245 0.9803 -0.1961
vn -0.0769 0.9798 -0.1844
vn -0.4413 0.7719 -0.4577
vn -0.3030 0.8318 -0.4651
vn 0.1791 0.9803 -0.0833
vn 0.1833 0.9626 0.1997
vn 0.1527 0.7294 -0.6668
vn 0.0486 0.8293 -0.5566
vn -0.0015 0.9252 0.3794
vn 0.0226 0.9559 0.2927
vn 0.0064 0.9697 0.2442
vn -0.0763 0.9971 0.0075
vn -0.0368 0.9990 0.0269
vn 0.0071 0.9991 -0.0406
vn 0.0159 0.9999 0.0053
vn 0.0576 -0.9873 0.1484
vn 0.0092 -0.9995 -0.0300
vn 0.0531 -0.9945 0.0898
vn 0.0123 -0.9966 -0.0813
vn 0.0123 -0.9966 -0.0812
vn 0.0247 -0.9976 -0.0642
vn 0.0293 -0.9994 -0.0189
vn 0.0320 -0.9995 0.0035
vn -0.0140 -0.9882 -0.1528
vn -0.0132 -0.9906 -0.1364
vn 0.0091 -0.9998 -0.0161
vn 0.0088 -0.9999 -0.0138
vn 0.0163 -0.9967 0.0801
vn 0.0165 -0.9965 0.0820
vn 0.0390 -0.9786 0.2019
vn 0.0391 -0.9786 0.2022
vn 0.0674 -0.9556 0.2867
vn -0.9833 0.0855 -0.1604
vn -0.9827 0.1070 -0.1511
vn -0.6436 0.1820 -0.7434
vn -0.6129 0.1063 -0.7830
vn -0.9696 0.0432 -0.2408
vn -0.9760 0.0528 0.2112
vn -0.9746 -0.0098 0.2235
vn -0.9401 -0.0148 0.3407
vn -0.9588 -0.1298 0.2527
vn -0.9810 -0.1035 0.1641
vn -0.9690 -0.2203 0.1117
vn -0.9941 -0.0880 0.0639
vn -0.9924 -0.0426 0.1156
vn -0.9301 0.2585 0.2609
vn -0.9487 0.2189 0.2282
vn -0.3944 0.4447 0.8042
vn -0.9416 0.0453 0.3337
vn -0.5297 0.6713 0.5185
vn -0.4934 0.2262 0.8399
vn 0.1651 0.5002 0.8501
vn -0.8407 -0.1333 0.5248
vn -0.9777 -0.1902 0.0887
vn -0.8271 0.5443 0.1399
vn -0.9629 0.0241 -0.2687
vn -0.2223 0.4675 0.8556
vn -0.6444 0.5991 0.4751
vn -0.8102 0.4702 -0.3499
vn 0.0951 0.8450 0.5263
vn 0.6213 0.7366 0.2672
vn 0.7099 0.3674 0.6009
vn 0.1536 0.6356 0.7566
vn -0.3547 0.5154 0.7801
vn 0.1266 0.7101 0.6926
vn 0.5879 0.5790 0.5649
vn 0.5353 0.8412 0.0762
vn 0.0427 0.9779 0.2045
vn 0.6287 0.5699 0.5291
vn 0.9257 0.3742 -0.0546
vn 0.8695 0.4933 -0.0250
vn 0.9641 0.1104 -0.2415
vn 0.7171 0.6375 0.2817
vn 0.9808 0.1928 0.0279
vn 0.8694 0.2540 0.4239
vn 0.9235 0.3685 -0.1070
vn -0.8339 0.4432 0.3290
vn 0.9668 0.2431 -0.0792
vn 0.9526 0.1265 -0.2767
vn 0.9860 0.0366 0.1627
vn 0.4671 0.3446 0.8143
vn 0.8793 0.2022 0.4312
vn 0.4746 0.2712 0.8374
vn -0.1944 0.3152 0.9289
vn -0.2459 0.2100 0.9463
vn 0.1116 0.7762 0.6206
vn -0.5542 0.6559 0.5125
vn -0.7053 0.2297 0.6707
vn -0.5141 0.8206 0.2496
vn -0.7565 0.0772 0.6495
vn -0.9520 0.0905 0.2925
vn -0.9784 -0.0527 0.2001
vn -0.9927 -0.1188 0.0219
vn 0.9315 0.0517 -0.3600
vn 0.7399 0.1571 -0.6541
vn 0.6193 0.0985 -0.7789
vn 0.9351 -0.0885 -0.3431
vn 0.5402 0.4383 -0.7183
vn 0.1417 0.2021 -0.9691
vn 0.1134 0.1061 -0.9879
vn -0.6826 0.0904 -0.7251
vn -0.6546 -0.0511 -0.7542
vn 0.1464 -0.0494 -0.9880
vn -0.2764 0.5047 -0.8179
vn 0.1180 0.4742 -0.8725
vn 0.3332 0.0799 -0.9395
vn 0.5290 0.2146 -0.8210
vn 0.3986 0.9155 -0.0539
vn 0.7261 0.6440 -0.2410
vn 0.5649 0.4366 -0.7002
vn 0.0226 0.9560 0.2926
vn 0.0071 0.9991 -0.0407
vn 0.5518 0.8247 -0.1244
vn 0.0486 0.8293 -0.5567
vn 0.9164 0.3541 -0.1868
vn 0.1528 0.7294 -0.6668
vn 0.8374 0.4429 0.3203
vn 0.6127 0.2219 0.7585
vn 0.8153 0.5166 -0.2617
vn 0.7767 0.6157 0.1330
vn 0.5610 0.5937 0.5769
vn 0.5793 0.4593 0.6734
vn 0.1791 0.4829 0.8572
vn -0.2287 0.4998 0.8354
vn -0.5403 0.5039 0.6739
vn -0.8771 0.3396 0.3397
vn -0.5668 0.8030 0.1844
vn -0.3030 0.8317 -0.4652
vn 0.1981 0.0044 0.9802
vn 0.0173 0.5830 0.8123
vn 0.0077 0.3110 0.9504
vn -0.3069 0.2766 0.9107
vn -0.4506 0.8879 0.0928
vn 0.3282 0.3767 0.8663
vn 0.1391 0.5926 0.7934
vn -0.8251 0.1762 -0.5368
vn -0.8322 0.5501 -0.0688
vn -0.0762 0.9971 0.0075
vn -0.5743 0.5035 -0.6455
vn -0.8764 -0.0551 -0.4785
vn -0.6826 0.0904 -0.7252
vn 0.1832 0.9626 0.1997
vn 0.7930 0.1080 -0.5996
vn 0.9343 0.0286 -0.3553
vn 0.9365 -0.0190 -0.3501
vn 0.7333 0.0229 -0.6795
vn 0.1763 0.1192 -0.9771
vn 0.9416 -0.1100 -0.3183
vn 0.9523 0.0343 -0.3032
vn 0.9629 -0.0476 -0.2655
vn 0.9327 -0.1366 -0.3338
vn 0.9979 0.0640 0.0033
vn 0.0404 0.0050 -0.9992
vn -0.6130 0.1063 -0.7829
vn -0.6436 0.1821 -0.7434
vn -0.5863 -0.0085 -0.8101
vn 0.0435 0.9971 -0.0624
vn 0.0165 0.9967 -0.0798
vn 0.0280 0.9873 -0.1565
vn 0.0245 0.9803 -0.1961
vn 0.0769 0.9798 -0.1844
vn 0.4413 0.7719 -0.4577
vn 0.3030 0.8318 -0.4651
vn -0.1791 0.9803 -0.0833
vn -0.1833 0.9626 0.1997
vn -0.1527 0.7294 -0.6668
vn -0.0486 0.8293 -0.5566
vn 0.0015 0.9252 0.3794
vn -0.0226 0.9559 0.2927
vn -0.0064 0.9697 0.2442
vn 0.0763 0.9971 0.0075
vn 0.0368 0.9990 0.0269
vn -0.0071 0.9991 -0.0406
vn -0.0159 0.9999 0.0053
vn -0.0092 -0.9995 -0.0300
vn -0.0576 -0.9873 0.1484
vn -0.0531 -0.9945 0.0898
vn -0.0123 -0.9966 -0.0813
vn -0.0123 -0.9966 -0.0812
vn -0.0247 -0.9976 -0.0642
vn -0.0293 -0.9994 -0.0189
vn -0.0320 -0.9995 0.0035
vn 0.0140 -0.9882 -0.1528
vn 0.0132 -0.9906 -0.1364
vn -0.0091 -0.9998 -0.0161
vn -0.0088 -0.9999 -0.0138
vn -0.0163 -0.9967 0.0801
vn -0.0165 -0.9965 0.0820
vn -0.0390 -0.9786 0.2019
vn -0.0391 -0.9786 0.2022
vn -0.0674 -0.9556 0.2867
vn 0.9833 0.0856 -0.1603
vn 0.6436 0.1819 -0.7434
vn 0.9827 0.1070 -0.1511
vn 0.6129 0.1063 -0.7830
vn 0.9696 0.0432 -0.2408
vn 0.9760 0.0528 0.2112
vn 0.9746 -0.0098 0.2235
vn 0.9401 -0.0148 0.3407
vn 0.9588 -0.1298 0.2527
vn 0.9810 -0.1035 0.1641
vn 0.9690 -0.2203 0.1117
vn 0.9941 -0.0880 0.0639
vn 0.9924 -0.0426 0.1156
vn 0.9301 0.2585 0.2609
vn 0.9487 0.2189 0.2282
vn 0.4053 0.4412 0.8007
vn 0.9416 0.0453 0.3337
vn 0.5326 0.6706 0.5164
vn 0.4934 0.2262 0.8399
vn -0.1651 0.5002 0.8501
vn 0.8407 -0.1333 0.5248
vn 0.9777 -0.1902 0.0887
vn 0.8271 0.5443 0.1399
vn 0.9629 0.0241 -0.2687
vn 0.2223 0.4675 0.8556
vn 0.6444 0.5991 0.4751
vn 0.8102 0.4702 -0.3499
vn -0.0943 0.8466 0.5238
vn -0.6227 0.7362 0.2651
vn -0.7099 0.3674 0.6009
vn -0.1628 0.5859 0.7938
vn 0.3638 0.5019 0.7847
vn -0.1478 0.6480 0.7471
vn -0.5982 0.5686 0.5647
vn -0.5353 0.8412 0.0762
vn -0.0427 0.9779 0.2045
vn -0.6362 0.5681 0.5220
vn -0.9257 0.3742 -0.0546
vn -0.8695 0.4933 -0.0250
vn -0.9641 0.1104 -0.2415
vn -0.7171 0.6375 0.2817
vn -0.9808 0.1928 0.0279
vn -0.8694 0.2540 0.4239
vn -0.9235 0.3685 -0.1070
vn -0.9668 0.2431 -0.0792
vn -0.9526 0.1265 -0.2767
vn -0.4671 0.3446 0.8143
vn -0.8793 0.2022 0.4312
vn -0.4746 0.2712 0.8374
vn 0.1944 0.3152 0.9289
vn 0.2459 0.2098 0.9463
vn -0.1116 0.7762 0.6206
vn 0.5542 0.6559 0.5125
vn 0.5141 0.8206 0.2496
vn 0.8339 0.4432 0.3290
vn 0.7053 0.2297 0.6707
vn 0.7565 0.0772 0.6495
vn 0.9520 0.0905 0.2925
vn 0.9784 -0.0527 0.2001
vn 0.9927 -0.1188 0.0219
vn -0.7399 0.1571 -0.6541
vn -0.9315 0.0517 -0.3600
vn -0.6193 0.0985 -0.7789
vn -0.9351 -0.0885 -0.3431
vn -0.5402 0.4383 -0.7183
vn -0.1417 0.2021 -0.9691
vn -0.1134 0.1061 -0.9879
vn 0.6826 0.0904 -0.7251
vn 0.6546 -0.0511 -0.7542
vn -0.1464 -0.0494 -0.9880
vn 0.2764 0.5046 -0.8179
vn -0.1180 0.4742 -0.8725
vn -0.3332 0.0799 -0.9395
vn -0.5290 0.2146 -0.8210
vn -0.3986 0.9155 -0.0539
vn -0.7261 0.6440 -0.2410
vn -0.5649 0.4366 -0.7002
vn -0.0226 0.9560 0.2926
vn -0.0071 0.9991 -0.0407
vn -0.5518 0.8247 -0.1244
vn -0.0486 0.8293 -0.5567
vn -0.9164 0.3541 -0.1868
vn -0.1528 0.7294 -0.6668
vn -0.8374 0.4429 0.3203
vn -0.6127 0.2219 0.7585
vn -0.8153 0.5166 -0.2617
vn -0.7767 0.6157 0.1330
vn -0.5610 0.5937 0.5769
vn -0.9860 0.0366 0.1627
vn -0.5793 0.4593 0.6734
vn -0.1791 0.4829 0.8572
vn 0.2287 0.4998 0.8354
vn 0.5403 0.5039 0.6739
vn 0.8771 0.3396 0.3397
vn 0.5668 0.8030 0.1844
vn 0.3030 0.8317 -0.4652
vn -0.1981 0.0044 0.9802
vn -0.0173 0.5830 0.8123
vn -0.0077 0.3110 0.9504
vn 0.3068 0.2766 0.9107
vn 0.4506 0.8879 0.0928
vn -0.3282 0.3767 0.8663
vn -0.1391 0.5926 0.7934
vn -0.9343 0.0286 -0.3553
vn -0.9523 0.0342 -0.3032
vn -0.9416 -0.1100 -0.3183
vn -0.9365 -0.0190 -0.3501
vn -0.7930 0.1080 -0.5996
vn -0.7333 0.0229 -0.6795
vn -0.1759 0.1191 -0.9772
vn -0.9629 -0.0476 -0.2655
vn -0.9327 -0.1366 -0.3338
vn -0.9979 0.0640 0.0033
vn -0.0404 0.0050 -0.9992
vn 0.6130 0.1063 -0.7829
vn 0.5863 -0.0085 -0.8101
vn 0.8322 0.5501 -0.0688
vn 0.0762 0.9971 0.0075
vn 0.5743 0.5035 -0.6455
vn -0.1832 0.9626 0.1997
vn 0.8251 0.1762 -0.5368
vn 0.8764 -0.0551 -0.4785
vn 0.6826 0.0904 -0.7252
usemtl Default_OBJ.040
s 1
f 637/637/620 638/638/621 639/639/622
f 640/640/623 638/638/621 637/637/620
f 638/638/621 641/641/624 639/639/622
f 642/642/625 641/641/624 638/638/621
f 643/643/626 642/642/625 638/638/621
f 643/643/626 638/638/621 644/644/627
f 644/644/627 638/638/621 645/645/628
f 646/646/629 638/638/621 640/640/623
f 647/647/630 638/638/621 646/646/629
f 648/648/631 638/638/621 647/647/630
f 649/649/632 638/638/621 648/648/631
f 645/645/628 638/638/621 650/650/633
f 638/638/621 651/651/634 650/650/633
f 651/651/634 638/638/621 652/652/635
f 652/652/635 638/638/621 653/653/636
f 653/653/636 638/638/621 654/654/637
f 654/654/637 638/638/621 649/649/632
f 655/655/638 656/656/639 657/657/640
f 658/658/641 657/657/640 656/656/639
f 656/656/639 659/659/642 658/658/641
f 658/658/641 659/659/642 660/660/643
f 660/660/643 661/661/643 658/658/641
f 662/662/644 655/655/638 657/657/640
f 655/655/638 662/662/644 663/663/645
f 662/662/644 664/664/646 663/663/645
f 663/663/645 664/664/646 665/665/647
f 665/665/647 664/664/646 666/666/648
f 667/667/649 665/665/647 666/666/648
f 667/667/649 666/666/648 668/668/650
f 669/669/651 667/667/649 668/668/650
f 669/669/651 668/668/650 670/670/652
f 671/671/653 669/669/651 670/670/652
f 672/672/654 671/671/653 670/670/652
f 670/670/652 673/673/654 672/672/654
f 674/674/655 675/675/656 676/676/657
f 676/676/657 677/677/658 674/674/655
f 678/678/659 674/674/655 677/677/658
f 679/679/660 674/674/655 678/678/659
f 674/674/655 679/679/660 680/680/661
f 675/675/656 674/674/655 680/680/661
f 681/681/662 680/680/661 679/679/660
f 682/682/663 680/680/661 681/681/662
f 683/683/664 680/680/661 682/682/663
f 682/682/663 684/684/665 683/683/664
f 684/684/665 685/685/666 683/683/664
f 686/686/667 680/680/661 683/683/664
f 686/686/667 675/675/656 680/680/661
f 687/687/668 683/683/664 685/685/666
f 683/683/664 687/687/668 688/688/669
f 689/689/670 688/688/669 687/687/668
f 683/683/664 688/688/669 690/690/671
f 690/690/671 686/686/667 683/683/664
f 690/690/671 688/688/669 691/691/672
f 688/688/669 689/689/670 691/691/672
f 690/690/671 691/691/672 692/692/673
f 691/691/672 693/693/674 692/692/673
f 686/686/667 690/690/671 694/694/675
f 694/694/675 690/690/671 692/692/673
f 695/695/676 686/686/667 694/694/675
f 695/695/676 694/694/675 696/696/677
f 697/697/678 686/686/667 695/695/676
f 698/698/679 694/694/675 692/692/673
f 694/694/675 699/699/680 696/696/677
f 699/699/680 694/694/675 698/698/679
f 700/700/681 695/695/676 696/696/677
f 697/697/678 695/695/676 700/700/681
f 701/701/682 693/693/674 691/691/672
f 701/701/682 691/691/672 689/689/670
f 701/701/682 702/702/683 693/693/674
f 702/702/683 703/703/684 693/693/674
f 689/689/670 704/704/685 701/701/682
f 689/689/670 705/705/686 704/704/685
f 706/706/687 704/704/685 705/705/686
f 707/707/688 704/704/685 706/706/687
f 708/708/689 707/707/688 706/706/687
f 708/708/689 706/706/687 709/709/690
f 710/710/691 704/704/685 707/707/688
f 704/704/685 710/710/691 701/701/682
f 710/710/691 702/702/683 701/701/682
f 710/710/691 707/707/688 711/711/692
f 711/711/692 707/707/688 712/712/693
f 707/707/688 708/708/689 712/712/693
f 712/712/693 713/713/694 711/711/692
f 708/708/689 714/714/695 712/712/693
f 714/714/695 708/708/689 709/709/690
f 714/714/695 715/715/696 712/712/693
f 715/715/696 713/713/694 712/712/693
f 716/716/697 715/715/696 714/714/695
f 717/717/698 710/710/691 711/711/692
f 705/705/686 689/689/670 687/687/668
f 705/705/686 687/687/668 718/718/699
f 717/717/698 702/702/683 710/710/691
f 717/717/698 719/719/700 702/702/683
f 720/720/701 719/719/700 717/717/698
f 711/711/692 720/720/701 717/717/698
f 702/702/683 719/719/700 703/703/684
f 703/703/684 719/719/700 721/721/702
f 714/714/695 722/722/703 716/716/697
f 723/723/704 716/716/697 722/722/703
f 715/715/696 716/716/697 723/723/704
f 722/722/703 724/724/705 723/723/704
f 724/724/705 722/722/703 725/725/706
f 725/725/706 726/726/707 724/724/705
f 727/727/708 722/722/703 714/714/695
f 727/727/708 725/725/706 722/722/703
f 728/728/709 725/725/706 727/727/708
f 718/718/699 729/729/710 728/728/709
f 729/729/710 725/725/706 728/728/709
f 729/729/710 726/726/707 725/725/706
f 730/730/711 718/718/699 728/728/709
f 730/730/711 728/728/709 709/709/690
f 727/727/708 709/709/690 728/728/709
f 726/726/707 729/729/710 731/731/712
f 732/732/713 731/731/712 729/729/710
f 731/731/712 732/732/713 733/733/714
f 733/733/714 732/732/713 685/685/666
f 685/685/666 734/734/715 733/733/714
f 734/734/715 685/685/666 684/684/665
f 687/687/668 685/685/666 732/732/713
f 732/732/713 729/729/710 718/718/699
f 718/718/699 687/687/668 732/732/713
f 714/714/695 709/709/690 727/727/708
f 730/730/711 709/709/690 706/706/687
f 706/706/687 705/705/686 730/730/711
f 705/705/686 718/718/699 730/730/711
f 735/735/716 736/736/717 737/737/718
f 738/738/719 735/735/716 737/737/718
f 739/739/720 738/738/719 737/737/718
f 736/736/717 740/740/721 737/737/718
f 741/741/722 737/737/718 740/740/721
f 740/740/721 742/742/723 741/741/722
f 741/741/722 742/742/723 743/743/724
f 744/744/725 741/741/722 743/743/724
f 744/744/725 743/743/724 745/745/726
f 744/744/725 745/745/726 746/746/727
f 747/747/728 739/739/720 737/737/718
f 741/741/722 747/747/728 737/737/718
f 744/744/725 747/747/728 741/741/722
f 748/748/729 747/747/728 744/744/725
f 746/746/727 748/748/729 744/744/725
f 748/748/729 739/739/720 747/747/728
f 739/739/720 748/748/729 749/749/730
f 748/748/729 750/750/731 749/749/730
f 750/750/731 748/748/729 751/751/732
f 751/751/732 748/748/729 746/746/727
f 750/750/731 751/751/732 752/752/637
f 752/752/637 753/753/733 750/750/731
f 754/754/734 752/752/637 751/751/732
f 746/746/727 754/754/734 751/751/732
f 754/754/734 746/746/727 745/745/726
f 755/755/631 750/750/731 753/753/733
f 749/749/730 750/750/731 755/755/631
f 749/749/730 755/755/631 756/756/735
f 757/757/736 756/756/735 755/755/631
f 758/758/737 756/756/735 757/757/736
f 757/757/736 759/759/738 758/758/737
f 758/758/737 759/759/738 760/760/623
f 760/760/623 761/761/739 758/758/737
f 758/758/737 761/761/739 756/756/735
f 761/761/739 762/762/740 756/756/735
f 756/756/735 763/763/741 749/749/730
f 764/764/742 763/763/741 756/756/735
f 764/764/742 756/756/735 762/762/740
f 765/765/743 764/764/742 762/762/740
f 738/738/719 763/763/741 764/764/742
f 764/764/742 721/721/702 738/738/719
f 764/764/742 765/765/743 721/721/702
f 761/761/739 760/760/623 766/766/620
f 766/766/620 767/767/744 761/761/739
f 761/761/739 767/767/744 762/762/740
f 767/767/744 766/766/620 768/768/745
f 766/766/620 769/769/622 768/768/745
f 770/770/746 768/768/745 769/769/622
f 771/771/624 770/770/746 769/769/622
f 771/771/624 772/772/747 770/770/746
f 773/773/748 772/772/747 771/771/624
f 771/771/624 774/774/625 773/773/748
f 773/773/748 774/774/625 775/775/749
f 776/776/750 775/775/749 774/774/625
f 777/777/627 775/775/749 776/776/750
f 767/767/744 768/768/745 778/778/751
f 768/768/745 770/770/746 778/778/751
f 770/770/746 779/779/752 778/778/751
f 721/721/702 735/735/716 738/738/719
f 779/779/752 780/780/753 778/778/751
f 780/780/753 779/779/752 781/781/754
f 773/773/748 781/781/754 772/772/747
f 775/775/749 781/781/754 773/773/748
f 772/772/747 781/781/754 770/770/746
f 781/781/754 779/779/752 770/770/746
f 781/781/754 698/698/679 780/780/753
f 698/698/679 781/781/754 775/775/749
f 699/699/680 698/698/679 775/775/749
f 696/696/677 699/699/680 775/775/749
f 777/777/627 696/696/677 775/775/749
f 777/777/627 782/782/755 696/696/677
f 780/780/753 698/698/679 692/692/673
f 692/692/673 693/693/674 780/780/753
f 780/780/753 693/693/674 778/778/751
f 693/693/674 783/783/756 778/778/751
f 783/783/756 784/784/757 778/778/751
f 703/703/684 783/783/756 693/693/674
f 762/762/740 784/784/757 783/783/756
f 767/767/744 784/784/757 762/762/740
f 784/784/757 767/767/744 778/778/751
f 703/703/684 765/765/743 783/783/756
f 783/783/756 765/765/743 762/762/740
f 721/721/702 765/765/743 703/703/684
f 721/721/702 719/719/700 735/735/716
f 782/782/755 700/700/681 696/696/677
f 785/785/758 700/700/681 782/782/755
f 786/786/759 785/785/758 782/782/755
f 782/782/755 787/787/633 786/786/759
f 786/786/759 787/787/633 788/788/760
f 788/788/760 789/789/761 786/786/759
f 786/786/759 789/789/761 785/785/758
f 700/700/681 785/785/758 790/790/762
f 790/790/762 697/697/678 700/700/681
f 697/697/678 790/790/762 791/791/763
f 790/790/762 792/792/724 791/791/763
f 785/785/758 792/792/724 790/790/762
f 789/789/761 792/792/724 785/785/758
f 676/676/657 697/697/678 791/791/763
f 676/676/657 675/675/656 697/697/678
f 697/697/678 675/675/656 686/686/667
f 782/782/755 793/793/764 787/787/633
f 793/793/764 782/782/755 777/777/627
f 794/794/765 795/795/766 796/796/767
f 796/796/767 797/797/768 794/794/765
f 797/797/768 798/798/769 794/794/765
f 796/796/767 795/795/766 799/799/770
f 799/799/770 795/795/766 800/800/771
f 720/720/701 800/800/771 795/795/766
f 800/800/771 720/720/701 711/711/692
f 800/800/771 711/711/692 713/713/694
f 800/800/771 713/713/694 801/801/772
f 801/801/772 802/802/773 800/800/771
f 802/802/773 799/799/770 800/800/771
f 715/715/696 801/801/772 713/713/694
f 801/801/772 715/715/696 803/803/774
f 723/723/704 803/803/774 715/715/696
f 804/804/775 798/798/769 797/797/768
f 804/804/775 805/805/776 798/798/769
f 798/798/769 805/805/776 806/806/777
f 806/806/777 740/740/721 798/798/769
f 736/736/717 798/798/769 740/740/721
f 794/794/765 798/798/769 736/736/717
f 736/736/717 795/795/766 794/794/765
f 795/795/766 735/735/716 720/720/701
f 735/735/716 795/795/766 736/736/717
f 720/720/701 735/735/716 719/719/700
f 806/806/777 742/742/723 740/740/721
f 807/807/778 805/805/776 804/804/775
f 808/808/635 745/745/726 809/809/761
f 809/809/761 810/810/634 808/808/635
f 745/745/726 808/808/635 754/754/734
f 809/809/761 745/745/726 743/743/724
f 763/763/741 739/739/720 749/749/730
f 738/738/719 739/739/720 763/763/741
f 811/811/778 678/678/659 677/677/658
f 812/812/779 813/813/780 814/814/781
f 812/812/779 815/815/782 813/813/780
f 816/816/783 812/812/779 814/814/781
f 816/816/783 817/817/784 812/812/779
f 817/817/784 818/818/785 812/812/779
f 812/812/779 818/818/785 819/819/786
f 812/812/779 819/819/786 820/820/787
f 812/812/779 821/821/788 815/815/782
f 812/812/779 822/822/789 821/821/788
f 812/812/779 823/823/790 822/822/789
f 812/812/779 824/824/791 823/823/790
f 812/812/779 820/820/787 825/825/792
f 826/826/793 812/812/779 825/825/792
f 812/812/779 826/826/793 827/827/794
f 812/812/779 827/827/794 828/828/795
f 812/812/779 828/828/795 829/829/796
f 812/812/779 829/829/796 824/824/791
f 830/830/797 831/831/798 832/832/799
f 832/832/799 833/833/800 830/830/797
f 833/833/800 834/834/801 830/830/797
f 835/835/802 834/834/801 833/833/800
f 833/833/800 836/836/802 835/835/802
f 831/831/798 837/837/803 832/832/799
f 837/837/803 831/831/798 838/838/804
f 839/839/805 837/837/803 838/838/804
f 839/839/805 838/838/804 840/840/806
f 840/840/806 841/841/807 839/839/805
f 841/841/807 840/840/806 842/842/808
f 843/843/809 841/841/807 842/842/808
f 842/842/808 844/844/810 843/843/809
f 845/845/811 843/843/809 844/844/810
f 844/844/810 846/846/812 845/845/811
f 845/845/811 846/846/812 847/847/813
f 847/847/813 848/848/813 845/845/811
f 849/849/814 850/850/815 851/851/816
f 852/852/817 850/850/815 849/849/814
f 849/849/814 853/853/818 852/852/817
f 849/849/814 854/854/819 853/853/818
f 854/854/819 849/849/814 855/855/820
f 849/849/814 851/851/816 855/855/820
f 855/855/820 856/856/821 854/854/819
f 855/855/820 857/857/822 856/856/821
f 855/855/820 858/858/823 857/857/822
f 859/859/824 857/857/822 858/858/823
f 860/860/825 859/859/824 858/858/823
f 855/855/820 861/861/826 858/858/823
f 851/851/816 861/861/826 855/855/820
f 858/858/823 862/862/827 860/860/825
f 862/862/827 858/858/823 863/863/828
f 863/863/828 864/864/829 862/862/827
f 863/863/828 858/858/823 865/865/830
f 861/861/826 865/865/830 858/858/823
f 863/863/828 865/865/830 866/866/831
f 864/864/829 863/863/828 866/866/831
f 866/866/831 865/865/830 867/867/832
f 868/868/833 866/866/831 867/867/832
f 865/865/830 861/861/826 869/869/834
f 865/865/830 869/869/834 867/867/832
f 861/861/826 870/870/835 869/869/834
f 869/869/834 870/870/835 871/871/836
f 861/861/826 872/872/837 870/870/835
f 869/869/834 873/873/838 867/867/832
f 874/874/839 869/869/834 871/871/836
f 869/869/834 874/874/839 873/873/838
f 870/870/835 875/875/840 871/871/836
f 870/870/835 872/872/837 875/875/840
f 868/868/833 876/876/841 866/866/831
f 864/864/829 866/866/831 876/876/841
f 877/877/842 876/876/841 868/868/833
f 878/878/843 877/877/842 868/868/833
f 876/876/841 879/879/844 864/864/829
f 880/880/845 864/864/829 879/879/844
f 879/879/844 881/881/846 880/880/845
f 879/879/844 882/882/847 881/881/846
f 882/882/847 883/883/848 881/881/846
f 883/883/848 884/884/849 881/881/846
f 879/879/844 885/885/850 882/882/847
f 885/885/850 879/879/844 876/876/841
f 876/876/841 877/877/842 885/885/850
f 882/882/847 885/885/850 886/886/851
f 882/882/847 886/886/851 887/887/852
f 883/883/848 882/882/847 887/887/852
f 888/888/853 887/887/852 886/886/851
f 889/889/854 883/883/848 887/887/852
f 883/883/848 889/889/854 884/884/849
f 890/890/855 889/889/854 887/887/852
f 888/888/853 890/890/855 887/887/852
f 890/890/855 891/891/856 889/889/854
f 885/885/850 892/892/857 886/886/851
f 877/877/842 892/892/857 885/885/850
f 893/893/858 877/877/842 878/878/843
f 893/893/858 894/894/859 892/892/857
f 894/894/859 886/886/851 892/892/857
f 893/893/858 892/892/857 877/877/842
f 895/895/860 889/889/854 891/891/856
f 895/895/860 891/891/856 896/896/861
f 896/896/861 891/891/856 890/890/855
f 896/896/861 897/897/862 895/895/860
f 895/895/860 897/897/862 898/898/863
f 897/897/862 899/899/864 898/898/863
f 895/895/860 900/900/865 889/889/854
f 898/898/863 900/900/865 895/895/860
f 898/898/863 901/901/866 900/900/865
f 884/884/849 900/900/865 901/901/866
f 884/884/849 889/889/854 900/900/865
f 901/901/866 902/902/867 884/884/849
f 903/903/868 902/902/867 901/901/866
f 904/904/869 903/903/868 901/901/866
f 898/898/863 904/904/869 901/901/866
f 898/898/863 899/899/864 904/904/869
f 899/899/864 905/905/870 904/904/869
f 904/904/869 905/905/870 906/906/871
f 904/904/869 906/906/871 903/903/868
f 905/905/870 907/907/872 906/906/871
f 906/906/871 907/907/872 860/860/825
f 907/907/872 908/908/873 860/860/825
f 860/860/825 908/908/873 859/859/824
f 860/860/825 862/862/827 906/906/871
f 862/862/827 903/903/868 906/906/871
f 862/862/827 880/880/845 903/903/868
f 903/903/868 880/880/845 902/902/867
f 864/864/829 880/880/845 862/862/827
f 881/881/846 902/902/867 880/880/845
f 884/884/849 902/902/867 881/881/846
f 909/909/874 910/910/875 911/911/876
f 910/910/875 912/912/877 911/911/876
f 912/912/877 913/913/878 911/911/876
f 914/914/879 909/909/874 911/911/876
f 914/914/879 911/911/876 915/915/880
f 916/916/881 914/914/879 915/915/880
f 917/917/882 916/916/881 915/915/880
f 915/915/880 918/918/883 917/917/882
f 917/917/882 918/918/883 919/919/884
f 920/920/885 919/919/884 918/918/883
f 913/913/878 921/921/886 911/911/876
f 921/921/886 915/915/880 911/911/876
f 921/921/886 918/918/883 915/915/880
f 921/921/886 922/922/887 918/918/883
f 922/922/887 920/920/885 918/918/883
f 913/913/878 922/922/887 921/921/886
f 922/922/887 913/913/878 923/923/888
f 923/923/888 924/924/889 922/922/887
f 925/925/890 922/922/887 924/924/889
f 922/922/887 925/925/890 920/920/885
f 924/924/889 926/926/796 925/925/890
f 926/926/796 924/924/889 927/927/891
f 928/928/892 920/920/885 925/925/890
f 928/928/892 925/925/890 926/926/796
f 920/920/885 928/928/892 919/919/884
f 927/927/891 924/924/889 929/929/790
f 923/923/888 929/929/790 924/924/889
f 929/929/790 923/923/888 930/930/893
f 930/930/893 931/931/894 929/929/790
f 931/931/894 930/930/893 932/932/895
f 932/932/895 933/933/896 931/931/894
f 934/934/782 933/933/896 932/932/895
f 935/935/897 934/934/782 932/932/895
f 935/935/897 932/932/895 930/930/893
f 936/936/898 935/935/897 930/930/893
f 930/930/893 923/923/888 937/937/899
f 938/938/900 930/930/893 937/937/899
f 930/930/893 938/938/900 936/936/898
f 938/938/900 939/939/901 936/936/898
f 937/937/899 912/912/877 938/938/900
f 912/912/877 940/940/902 938/938/900
f 939/939/901 938/938/900 940/940/902
f 941/941/780 934/934/782 935/935/897
f 935/935/897 942/942/903 941/941/780
f 942/942/903 935/935/897 936/936/898
f 941/941/780 942/942/903 943/943/904
f 944/944/781 941/941/780 943/943/904
f 943/943/904 945/945/905 944/944/781
f 946/946/783 944/944/781 945/945/905
f 945/945/905 947/947/906 946/946/783
f 948/948/907 946/946/783 947/947/906
f 948/948/907 949/949/784 946/946/783
f 949/949/784 948/948/907 950/950/908
f 950/950/908 951/951/909 949/949/784
f 950/950/908 952/952/786 951/951/909
f 943/943/904 942/942/903 953/953/910
f 945/945/905 943/943/904 953/953/910
f 954/954/911 945/945/905 953/953/910
f 910/910/875 940/940/902 912/912/877
f 955/955/912 954/954/911 953/953/910
f 954/954/911 955/955/912 956/956/913
f 947/947/906 956/956/913 948/948/907
f 950/950/908 948/948/907 956/956/913
f 956/956/913 947/947/906 945/945/905
f 954/954/911 956/956/913 945/945/905
f 873/873/838 956/956/913 955/955/912
f 956/956/913 873/873/838 950/950/908
f 873/873/838 874/874/839 950/950/908
f 874/874/839 871/871/836 950/950/908
f 871/871/836 952/952/786 950/950/908
f 957/957/914 952/952/786 871/871/836
f 873/873/838 955/955/912 867/867/832
f 868/868/833 867/867/832 955/955/912
f 868/868/833 955/955/912 953/953/910
f 958/958/915 868/868/833 953/953/910
f 959/959/916 958/958/915 953/953/910
f 958/958/915 878/878/843 868/868/833
f 959/959/916 936/936/898 958/958/915
f 959/959/916 942/942/903 936/936/898
f 942/942/903 959/959/916 953/953/910
f 939/939/901 878/878/843 958/958/915
f 939/939/901 958/958/915 936/936/898
f 939/939/901 940/940/902 878/878/843
f 893/893/858 878/878/843 940/940/902
f 893/893/858 940/940/902 910/910/875
f 910/910/875 894/894/859 893/893/858
f 910/910/875 960/960/917 894/894/859
f 961/961/918 894/894/859 960/960/917
f 960/960/917 962/962/919 961/961/918
f 960/960/917 963/963/920 962/962/919
f 964/964/921 963/963/920 960/960/917
f 965/965/922 963/963/920 964/964/921
f 966/966/923 965/965/922 964/964/921
f 894/894/859 961/961/918 886/886/851
f 886/886/851 961/961/918 888/888/853
f 967/967/924 888/888/853 961/961/918
f 961/961/918 968/968/925 967/967/924
f 962/962/919 968/968/925 961/961/918
f 888/888/853 967/967/924 890/890/855
f 967/967/924 969/969/926 890/890/855
f 896/896/861 890/890/855 969/969/926
f 966/966/923 970/970/927 965/965/922
f 971/971/928 970/970/927 966/966/923
f 972/972/815 971/971/928 966/966/923
f 966/966/923 914/914/879 972/972/815
f 966/966/923 909/909/874 914/914/879
f 966/966/923 964/964/921 909/909/874
f 960/960/917 909/909/874 964/964/921
f 960/960/917 910/910/875 909/909/874
f 916/916/881 972/972/815 914/914/879
f 971/971/928 973/973/929 970/970/927
f 974/974/792 975/975/930 976/976/931
f 977/977/932 976/976/931 975/975/930
f 957/957/914 975/975/930 974/974/792
f 974/974/792 978/978/933 957/957/914
f 979/979/934 975/975/930 957/957/914
f 977/977/932 975/975/930 979/979/934
f 875/875/840 979/979/934 957/957/914
f 979/979/934 875/875/840 980/980/935
f 872/872/837 980/980/935 875/875/840
f 980/980/935 872/872/837 981/981/936
f 982/982/882 980/980/935 981/981/936
f 982/982/882 979/979/934 980/980/935
f 982/982/882 977/977/932 979/979/934
f 850/850/815 981/981/936 872/872/837
f 872/872/837 851/851/816 850/850/815
f 851/851/816 872/872/837 861/861/826
f 875/875/840 957/957/914 871/871/836
f 957/957/914 978/978/933 952/952/786
f 919/919/884 983/983/794 984/984/932
f 983/983/794 985/985/793 984/984/932
f 928/928/892 983/983/794 919/919/884
f 919/919/884 984/984/932 917/917/882
f 913/913/878 937/937/899 923/923/888
f 913/913/878 912/912/877 937/937/899
f 853/853/818 986/986/929 852/852/817
o male_lobby_hair_cos_ffunit.000_male_lobby_hair_cos_ffunit.008
v -0.076801 1.797331 0.075063
v -0.077112 1.796025 0.068346
v -0.072949 1.781654 0.078363
v -0.072141 1.779532 0.074215
v -0.076344 1.815611 0.072713
v -0.067369 1.814121 0.078171
v -0.068976 1.797444 0.078190
v -0.077299 1.815867 0.064600
v -0.060635 1.766634 0.082352
v -0.066243 1.782485 0.079542
v -0.072608 1.834696 0.071592
v -0.074600 1.835019 0.063291
v -0.062823 1.831585 0.076821
v -0.063532 1.855961 0.064977
v -0.053561 1.849113 0.078943
v -0.092113 1.822052 0.053834
v -0.092393 1.827814 0.044669
v -0.094063 1.807320 0.042714
v -0.093338 1.809524 0.036333
v -0.086606 1.838087 0.061785
v -0.077158 1.828864 0.063437
v -0.084024 1.815465 0.055745
v -0.088017 1.846041 0.051585
v -0.092936 1.794180 0.025789
v -0.088675 1.804003 0.044442
v -0.077519 1.855155 0.066588
v -0.078953 1.861793 0.058440
v -0.068506 1.842304 0.069697
v -0.067488 1.870349 0.064779
v -0.061101 1.851165 0.075254
v -0.075287 1.794628 0.047238
v -0.085407 1.786038 0.040351
v -0.071011 1.774768 0.061773
v -0.076924 1.768834 0.059197
v -0.075192 1.764504 0.049322
v -0.082263 1.777705 0.026177
v -0.063907 1.759233 0.078652
v -0.087575 1.807701 0.027094
v -0.076722 1.817779 0.037536
v -0.088003 1.833184 0.015320
v -0.075446 1.842637 0.033079
v -0.086741 1.823023 -0.000888
v -0.087225 1.798891 0.011095
v -0.072083 1.866707 0.033487
v -0.078603 1.851401 0.003295
v -0.079266 1.841014 -0.012304
v -0.077523 1.775599 0.029877
v -0.074618 1.772244 0.020086
v -0.070543 1.770316 0.036890
v -0.082409 1.789999 0.023419
v -0.079318 1.785653 0.008501
v -0.083408 1.806825 0.019220
v -0.080687 1.804283 0.002871
v -0.082758 1.822075 0.015760
v -0.076211 1.824422 0.004657
v -0.079471 1.810548 0.030166
v -0.071992 1.819579 0.040833
v -0.079578 1.832495 0.019247
v -0.072824 1.842674 0.035177
v -0.076728 1.824719 0.004657
v -0.079399 1.802418 0.014939
v -0.072083 1.866707 0.033487
v -0.076094 1.779736 0.042983
v -0.078137 1.851401 0.003295
v -0.069788 1.795714 0.050355
v -0.066455 1.774856 0.064789
v 0.076924 1.768834 0.059197
v 0.085407 1.786038 0.040351
v 0.071011 1.774768 0.061773
v 0.075287 1.794628 0.047238
v 0.075192 1.764504 0.049322
v 0.082263 1.777705 0.026177
v 0.063907 1.759233 0.078652
v 0.087575 1.807701 0.027094
v 0.076722 1.817779 0.037536
v 0.088003 1.833184 0.015320
v 0.075446 1.842637 0.033079
v 0.086741 1.823023 -0.000888
v 0.087225 1.798891 0.011095
v 0.072083 1.866707 0.033487
v 0.078603 1.851401 0.003295
v 0.079266 1.841014 -0.012304
v 0.074618 1.772244 0.020086
v 0.077523 1.775599 0.029877
v 0.070543 1.770316 0.036890
v 0.082409 1.789999 0.023419
v 0.079318 1.785653 0.008501
v 0.083408 1.806825 0.019220
v 0.080687 1.804283 0.002871
v 0.082758 1.822075 0.015760
v 0.076211 1.824422 0.004657
v 0.072824 1.842674 0.035177
v 0.071992 1.819579 0.040833
v 0.079578 1.832495 0.019247
v 0.079471 1.810548 0.030166
v 0.076728 1.824719 0.004657
v 0.079399 1.802418 0.014939
v 0.072083 1.866707 0.033487
v 0.076094 1.779736 0.042983
v 0.078137 1.851401 0.003295
v 0.069788 1.795714 0.050355
v 0.066455 1.774856 0.064789
v -0.055891 1.869614 0.085294
v -0.054092 1.870736 0.096358
v -0.047697 1.880152 0.084296
v -0.045940 1.881092 0.093748
v -0.030087 1.886301 0.090966
v -0.056232 1.855640 0.097222
v -0.057528 1.852564 0.089071
v -0.051776 1.841170 0.099667
v -0.050719 1.856704 0.099705
v -0.053648 1.838727 0.092846
v -0.045817 1.827014 0.098050
v -0.046602 1.841997 0.096489
v -0.047295 1.869392 0.100537
v -0.044301 1.855440 0.095878
v -0.039815 1.866963 0.095914
v -0.038762 1.880834 0.099443
v -0.033043 1.878211 0.094580
v -0.081638 1.855384 0.063221
v -0.071435 1.856385 0.082710
v -0.074707 1.870994 0.058747
v -0.066858 1.871824 0.080651
v -0.077527 1.834764 0.069198
v -0.072069 1.838023 0.086460
v -0.070195 1.813570 0.077421
v -0.066790 1.817056 0.091529
v -0.050866 1.838856 0.089010
v -0.050482 1.818899 0.091481
v -0.056636 1.798235 0.098064
v -0.046835 1.800325 0.096964
v -0.059771 1.795159 0.088029
v -0.049483 1.854532 0.088483
v -0.046179 1.866234 0.088459
v -0.042103 1.781114 0.107552
v -0.038501 1.783038 0.107138
v -0.028757 1.772058 0.116116
v -0.044014 1.778119 0.103795
v -0.055994 1.885394 0.079183
v -0.062829 1.883454 0.057247
v -0.045619 1.887152 0.075388
v -0.039779 1.876235 0.089097
v -0.055517 1.947305 0.051649
v -0.059866 1.932497 0.059613
v -0.054889 1.936904 0.069834
v -0.061182 1.912096 0.068354
v -0.055085 1.916142 0.082697
v -0.043768 1.935275 0.073403
v -0.038503 1.917024 0.085358
v -0.050888 1.897652 0.089349
v -0.033477 1.900345 0.091982
v -0.057356 1.893760 0.073714
v -0.041370 1.879423 0.088354
v -0.032564 1.882814 0.093465
v -0.048272 1.879253 0.075515
v -0.049100 1.950202 0.057195
v -0.054262 1.965427 0.046336
v -0.087817 1.928678 -0.002372
v -0.093710 1.905456 0.015583
v -0.074182 1.932925 0.015805
v -0.077420 1.914086 0.031850
v -0.091594 1.893992 -0.005543
v -0.082477 1.876748 0.013937
v -0.086446 1.885646 0.033630
v -0.083458 1.918945 -0.021925
v -0.070351 1.949733 -0.013626
v -0.062419 1.943330 -0.026633
v -0.065029 1.950549 0.002735
v -0.051332 1.964876 -0.007905
v -0.051554 1.966497 -0.014246
v -0.036404 1.979215 -0.010374
v -0.072083 1.866707 0.033487
v -0.069370 1.871945 0.047882
v -0.075519 1.896477 0.048773
v -0.060703 1.879045 0.058905
v -0.043500 1.963408 -0.020674
v -0.092299 1.809631 -0.001954
v -0.101599 1.816143 -0.001141
v -0.107122 1.809940 -0.022610
v -0.088481 1.814074 0.025983
v -0.095583 1.827895 0.024538
v -0.096960 1.821893 -0.003724
v -0.093863 1.838041 0.016832
v -0.078339 1.824509 0.048603
v -0.091632 1.842401 0.047602
v -0.067634 1.838747 0.067075
v -0.076060 1.859377 0.061553
v -0.085944 1.855824 0.034930
v -0.073440 1.869820 0.048690
v -0.059278 1.853958 0.074746
v -0.041109 1.885057 0.078583
v -0.060701 1.879047 0.058905
v -0.047172 1.951132 0.052384
v -0.051052 1.974687 0.024909
v -0.057958 1.943303 0.038009
v -0.054377 1.970916 0.018080
v -0.060065 1.925805 0.055860
v -0.045050 1.934102 0.071175
v -0.057570 1.901701 0.070551
v -0.041002 1.907709 0.085633
v -0.019023 1.936656 0.080655
v -0.018025 1.911246 0.093877
v -0.036888 1.882701 0.090433
v -0.016719 1.886991 0.099588
v -0.024142 1.952662 0.056872
v -0.047309 1.878983 0.079833
v -0.041443 1.976118 0.026787
v -0.054520 1.989787 0.013937
v -0.096536 1.834918 -0.027255
v -0.106359 1.850230 -0.022690
v -0.102992 1.848401 -0.055091
v -0.106387 1.860671 -0.049483
v -0.113637 1.863691 -0.074261
v -0.098813 1.869206 -0.056203
v -0.093863 1.833476 0.006416
v -0.110742 1.849440 0.008961
v -0.088152 1.844737 0.038182
v -0.102303 1.857996 0.037653
v -0.084195 1.866491 0.055632
v -0.077011 1.853932 0.050791
v -0.069721 1.861963 0.058271
v -0.104488 1.866020 -0.025535
v -0.083226 1.881831 0.051448
v -0.100515 1.881554 0.029736
v -0.106512 1.873155 0.003026
v -0.060703 1.879045 0.058907
v -0.080281 1.888164 0.022886
v -0.070113 1.888079 0.041687
v -0.086527 1.879841 -0.004522
v -0.091475 1.873613 -0.033150
v -0.018025 1.911246 0.093877
v -0.036456 1.912417 0.067173
v -0.019023 1.936656 0.080655
v -0.037849 1.937796 0.043578
v -0.024142 1.952662 0.056872
v -0.060065 1.925805 0.055860
v -0.057570 1.901701 0.070551
v -0.057958 1.943303 0.038009
v -0.045218 1.971511 0.019004
v -0.054377 1.970916 0.018080
v -0.041443 1.976118 0.026787
v -0.054520 1.989787 0.013937
v -0.080281 1.888164 0.022886
v -0.082385 1.860618 0.015021
v -0.086527 1.879841 -0.004522
v -0.094547 1.856100 -0.043104
v -0.091475 1.873613 -0.033150
v -0.098813 1.869206 -0.056203
v -0.096536 1.834918 -0.027255
v -0.093863 1.833476 0.006416
v -0.088152 1.844737 0.038182
v -0.102992 1.848401 -0.055091
v -0.113637 1.863691 -0.074261
v 0.017747 1.983295 0.051133
v 0.005166 1.982954 0.041093
v 0.008699 1.971645 0.063980
v -0.007405 1.972373 0.050880
v -0.018750 1.959165 0.064361
v -0.001696 1.957578 0.084391
v 0.031042 1.958119 0.061129
v 0.036105 1.976187 0.046980
v 0.024378 1.940282 0.080757
v -0.008166 1.934407 0.101403
v 0.018514 1.919507 0.096175
v -0.007239 1.909163 0.105634
v -0.024459 1.916107 0.093984
v -0.019119 1.890015 0.092993
v -0.026466 1.937263 0.083715
v 0.012831 1.904380 0.098349
v 0.003721 1.892936 0.099477
v 0.018102 1.993784 0.032924
v 0.025434 1.994551 0.039902
v 0.037825 1.989623 0.036259
v 0.035211 2.001964 0.029417
v 0.028981 2.004473 0.032879
v 0.031494 2.015603 0.026413
v 0.026028 2.003270 0.027711
v 0.026028 2.003270 0.027711
v 0.030535 1.994075 0.028826
v 0.018102 1.993784 0.032924
v 0.024328 1.978074 0.036232
v 0.005166 1.982954 0.041093
v 0.037825 1.989623 0.036259
v 0.035211 2.001964 0.029417
v 0.036105 1.976187 0.046980
v 0.011339 1.958741 0.048775
v 0.031042 1.958119 0.061129
v 0.024378 1.940282 0.080757
v -0.002743 1.935332 0.073958
v 0.018514 1.919507 0.096175
v -0.018750 1.959165 0.064361
v -0.026466 1.937263 0.083715
v -0.024459 1.916107 0.093984
v -0.019119 1.890015 0.092993
v -0.007405 1.972373 0.050880
v 0.031494 2.015603 0.026413
v -0.079247 1.910053 0.024134
v -0.075739 1.891582 0.041065
v -0.073569 1.919878 0.049342
v -0.069208 1.896725 0.063980
v -0.053012 1.922884 0.058453
v -0.048419 1.941232 0.041104
v -0.067262 1.940271 0.031577
v -0.051659 1.902568 0.072913
v -0.044430 1.884688 0.080525
v -0.053307 1.958222 0.014820
v -0.072981 1.931062 0.010013
v -0.057903 1.952212 0.000162
v -0.039878 1.957808 0.023014
v -0.036802 1.975787 0.002624
v -0.031694 1.974866 0.006831
v -0.030469 1.988541 -0.000268
v -0.038128 1.974370 -0.003317
v -0.060703 1.879045 0.058907
v 0.000012 1.898926 -0.119251
v -0.022953 1.897430 -0.118318
v -0.002132 1.934786 -0.089323
v -0.041465 1.925333 -0.082417
v -0.043710 1.892056 -0.108087
v 0.000091 1.854889 -0.124903
v -0.021867 1.855105 -0.127023
v -0.020650 1.821104 -0.126944
v 0.000089 1.821574 -0.124146
v -0.016842 1.786153 -0.121586
v 0.001195 1.787748 -0.119206
v -0.013657 1.759338 -0.113790
v 0.000089 1.761341 -0.108551
v -0.037474 1.819309 -0.114595
v -0.032806 1.786474 -0.111953
v -0.009648 1.739300 -0.106048
v -0.015138 1.739854 -0.101310
v -0.024929 1.760774 -0.105919
v -0.001968 1.739767 -0.103866
v -0.039856 1.851962 -0.113079
v -0.008919 1.723143 -0.105981
v -0.041465 1.925333 -0.082417
v -0.061626 1.884982 -0.091537
v -0.073847 1.911367 -0.057417
v -0.076480 1.877874 -0.072614
v -0.071718 1.844426 -0.081688
v -0.061404 1.849075 -0.102570
v -0.066184 1.814516 -0.085554
v -0.057112 1.817020 -0.105440
v -0.057673 1.782901 -0.088445
v -0.047866 1.783396 -0.105323
v -0.034006 1.753512 -0.097412
v -0.030350 1.754915 -0.104344
v -0.039856 1.851962 -0.113079
v -0.037474 1.819309 -0.114595
v -0.032806 1.786474 -0.111953
v -0.023121 1.757633 -0.107893
v -0.013148 1.737191 -0.111270
v -0.043710 1.892056 -0.108087
v -0.066184 1.814516 -0.085554
v -0.076308 1.811638 -0.072398
v -0.071718 1.844426 -0.081688
v -0.082144 1.840544 -0.065518
v -0.076480 1.877874 -0.072614
v -0.084462 1.870938 -0.050547
v -0.076861 1.809599 -0.054401
v -0.070478 1.779479 -0.062009
v -0.066461 1.780192 -0.078749
v -0.060281 1.762952 -0.075137
v -0.058426 1.762865 -0.084767
v -0.081426 1.836137 -0.045536
v -0.057673 1.782901 -0.088445
v -0.046873 1.746425 -0.091327
v -0.052273 1.764662 -0.089284
v -0.073847 1.911367 -0.057417
v -0.076393 1.891010 -0.009450
v -0.084327 1.864327 -0.027856
v -0.072884 1.782469 -0.040163
v -0.075747 1.783480 -0.051066
v -0.071534 1.758747 -0.065167
v -0.084569 1.805507 -0.042466
v -0.076861 1.809599 -0.054401
v -0.081426 1.836137 -0.045536
v -0.088427 1.832897 -0.032082
v -0.068819 1.786135 -0.061188
v -0.078188 1.802487 -0.027659
v -0.081307 1.829271 -0.014737
v -0.078137 1.851401 0.003295
v -0.084327 1.864327 -0.027856
v -0.076393 1.891010 -0.009450
v 0.036676 1.927006 -0.082403
v 0.022656 1.896580 -0.115213
v -0.002132 1.934786 -0.089323
v 0.000012 1.898926 -0.119251
v 0.000091 1.854889 -0.124903
v 0.021887 1.854699 -0.125838
v 0.000089 1.821574 -0.124146
v 0.020676 1.821097 -0.126403
v 0.001195 1.787748 -0.119206
v 0.018068 1.786284 -0.120771
v 0.013695 1.759522 -0.110178
v 0.000089 1.761341 -0.108551
v 0.037653 1.819309 -0.114672
v 0.032986 1.786474 -0.111953
v 0.003955 1.732625 -0.097513
v 0.012694 1.732350 -0.099483
v 0.025109 1.760774 -0.096330
v 0.018130 1.732945 -0.093057
v 0.017500 1.713959 -0.098219
v 0.040036 1.851532 -0.112272
v 0.043104 1.892088 -0.103646
v 0.075321 1.881882 -0.069806
v 0.060728 1.886955 -0.087235
v 0.068708 1.915750 -0.052146
v 0.036676 1.927006 -0.082403
v 0.043104 1.892088 -0.103646
v 0.071887 1.845003 -0.081508
v 0.061583 1.848948 -0.102071
v 0.066364 1.814518 -0.085554
v 0.057292 1.817018 -0.105467
v 0.057853 1.782901 -0.088445
v 0.050246 1.783059 -0.104473
v 0.037877 1.754725 -0.094392
v 0.034763 1.756268 -0.101962
v 0.040036 1.851532 -0.112272
v 0.037653 1.819309 -0.114672
v 0.032986 1.786474 -0.111953
v 0.026147 1.759288 -0.104609
v 0.016570 1.737191 -0.104419
v 0.066364 1.814518 -0.085554
v 0.071887 1.845003 -0.081508
v 0.076488 1.811638 -0.072398
v 0.082269 1.841416 -0.065504
v 0.075321 1.881882 -0.069806
v 0.084306 1.874430 -0.049521
v 0.077041 1.809599 -0.054401
v 0.070658 1.779479 -0.062009
v 0.066640 1.780192 -0.078749
v 0.060461 1.762952 -0.075137
v 0.058606 1.762865 -0.084767
v 0.081523 1.836282 -0.045536
v 0.057853 1.782901 -0.088445
v 0.052453 1.764662 -0.089284
v 0.047053 1.746425 -0.091327
v 0.090038 1.864880 -0.025381
v 0.068708 1.915750 -0.052146
v 0.075929 1.892474 -0.008941
v 0.068954 1.786135 -0.061188
v 0.072204 1.782469 -0.040163
v 0.071713 1.758747 -0.065167
v 0.077041 1.809599 -0.054401
v 0.079663 1.802929 -0.029477
v 0.081523 1.836282 -0.045536
v 0.082021 1.829271 -0.014737
v 0.090038 1.864880 -0.025381
v 0.077378 1.851401 0.003295
v 0.075929 1.892474 -0.008941
v 0.020339 1.897339 -0.117506
v 0.040038 1.855133 -0.123738
v 0.018591 1.854921 -0.126974
v 0.036479 1.820427 -0.126583
v 0.048141 1.818059 -0.112254
v 0.054167 1.851360 -0.106498
v 0.030691 1.786793 -0.123298
v 0.036985 1.784877 -0.111822
v 0.030455 1.767230 -0.118881
v 0.027124 1.768471 -0.126019
v 0.026130 1.749727 -0.132615
v 0.018221 1.822486 -0.127691
v 0.017575 1.788360 -0.122890
v 0.019994 1.769105 -0.127261
v 0.050799 1.893421 -0.097624
v -0.034734 1.897517 -0.114975
v -0.014858 1.857186 -0.132277
v -0.032219 1.854683 -0.124372
v -0.026367 1.821384 -0.125236
v -0.011565 1.822083 -0.133537
v 0.003888 1.856098 -0.128636
v 0.004482 1.822058 -0.128480
v -0.006535 1.789716 -0.127731
v 0.002679 1.790056 -0.122757
v -0.002766 1.759528 -0.130517
v -0.016055 1.788245 -0.123627
v -0.000357 1.899620 -0.120585
v 0.041461 1.934391 -0.083834
v 0.065159 1.912540 -0.066927
v 0.047109 1.894589 -0.115811
v 0.060786 1.882939 -0.095857
v 0.049796 1.867458 -0.123877
v 0.060776 1.859675 -0.107453
v 0.055786 1.840328 -0.127319
v 0.063996 1.837441 -0.115554
v 0.066517 1.815647 -0.125824
v 0.070355 1.816380 -0.120137
v 0.038041 1.944842 -0.035503
v 0.019634 1.898982 -0.122228
v 0.004603 1.935911 -0.090968
v 0.026982 1.867500 -0.129833
v 0.039115 1.837282 -0.130596
v 0.000925 1.957352 -0.038739
v 0.078866 1.802180 -0.122951
v 0.057631 1.812827 -0.126298
v 0.001774 1.899955 -0.119939
v -0.033475 1.899285 -0.117676
v 0.003402 1.935013 -0.090033
v -0.033929 1.933038 -0.086456
v 0.000868 1.957350 -0.038750
v -0.058275 1.887383 -0.096310
v -0.060451 1.918907 -0.071033
v -0.046271 1.943053 -0.035312
v -0.002562 1.878222 -0.130045
v -0.033271 1.878456 -0.126391
v -0.008450 1.855083 -0.136125
v -0.030134 1.854481 -0.131712
v -0.021183 1.833547 -0.137942
v -0.009763 1.835541 -0.140330
v -0.049330 1.851282 -0.115863
v -0.054768 1.869606 -0.106862
v -0.038637 1.826940 -0.129338
v -0.029861 1.828022 -0.137262
v -0.026062 1.809439 -0.145436
v -0.008125 1.814771 -0.146816
v -0.074590 1.912913 -0.059371
v -0.050933 1.921198 -0.074697
v -0.080386 1.880604 -0.076857
v -0.054431 1.887683 -0.098653
v -0.075117 1.846929 -0.093306
v -0.056050 1.850153 -0.107663
v -0.070236 1.820347 -0.105206
v -0.060621 1.821602 -0.111426
v -0.067603 1.800664 -0.118764
v -0.081424 1.837930 -0.070010
v -0.085980 1.869388 -0.042650
v -0.072301 1.817006 -0.094123
v -0.046358 1.943312 -0.035081
v -0.075733 1.891010 -0.009054
v -0.063124 1.919727 -0.014202
v -0.000719 1.941083 -0.096245
v 0.000870 1.957352 -0.038741
v 0.028387 1.940962 -0.088077
v -0.046362 1.943305 -0.035035
v -0.029887 1.934764 -0.090574
v 0.006787 1.924527 -0.117965
v 0.033394 1.919676 -0.106722
v 0.014377 1.900470 -0.133089
v 0.035374 1.896867 -0.120226
v 0.034246 1.874604 -0.129025
v 0.017836 1.877240 -0.140179
v 0.023924 1.842698 -0.145936
v 0.032051 1.842365 -0.140302
v -0.011860 1.895906 -0.124027
v -0.021031 1.916545 -0.108642
v -0.003860 1.871544 -0.134357
v 0.034904 1.820399 -0.152786
v 0.013211 1.837928 -0.144790
v 0.092068 1.889492 -0.013727
v 0.066980 1.922117 -0.020904
v 0.073754 1.902691 0.033111
v 0.083277 1.875952 0.015108
v 0.083626 1.851269 -0.001461
v 0.095096 1.862798 -0.029381
v 0.077225 1.901623 -0.045050
v 0.082558 1.872696 -0.062992
v 0.083997 1.837823 -0.061236
v 0.092365 1.833706 -0.042171
v 0.086141 1.830079 -0.021189
v 0.089585 1.806692 -0.042276
v 0.087159 1.804419 -0.030529
v 0.090595 1.791842 -0.039939
v 0.089240 1.790574 -0.033689
v 0.082469 1.808264 -0.051684
v 0.097586 1.776974 -0.037510
v 0.086622 1.792720 -0.044963
v -0.092567 1.872266 -0.037546
v -0.091063 1.844741 -0.064149
v -0.090916 1.857802 -0.027366
v -0.087817 1.835935 -0.054998
v -0.084601 1.853609 -0.071950
v -0.083390 1.884859 -0.047721
v -0.084833 1.898603 -0.008285
v -0.070121 1.911341 -0.014282
v -0.036474 1.928274 0.040510
v -0.083551 1.878381 -0.001272
v -0.065972 1.902971 0.033673
v -0.076766 1.818094 -0.084460
v -0.076001 1.825971 -0.090348
v -0.072680 1.807651 -0.105866
v -0.081226 1.843687 0.008039
v -0.090807 1.857653 -0.008259
v -0.086034 1.825511 -0.018403
v -0.098732 1.832380 -0.031837
v -0.085017 1.869188 -0.031315
v -0.076393 1.891010 -0.009450
v -0.080182 1.878254 0.014614
v -0.065972 1.902971 0.033673
v -0.087104 1.839452 -0.044442
v -0.072083 1.866707 0.033487
v -0.060701 1.879047 0.058905
v -0.100971 1.811541 -0.040011
v -0.093643 1.814882 -0.048577
v -0.097537 1.795199 -0.046348
v -0.053593 1.928411 0.028513
v -0.070254 1.907287 0.014046
v -0.065845 1.903242 0.033673
v -0.065780 1.933385 -0.010132
v -0.039355 1.948360 -0.009611
v -0.029042 1.938337 0.032411
v -0.051847 1.944705 -0.052059
v -0.071078 1.931502 -0.047323
v -0.078644 1.910362 -0.014708
v -0.081424 1.910021 -0.043726
v -0.075763 1.905997 -0.072220
v -0.069311 1.920423 -0.080037
v -0.054395 1.930519 -0.084446
v -0.032883 1.911523 0.079290
v -0.054264 1.916095 -0.106264
v -0.065175 1.903962 -0.102794
v -0.056926 1.907376 -0.123127
v 0.110195 1.855162 -0.075105
v 0.094309 1.851152 -0.087748
v 0.099195 1.882534 -0.061147
v 0.075424 1.883085 -0.084369
v 0.068494 1.911924 -0.072870
v 0.091223 1.903068 -0.047468
v 0.068306 1.933616 -0.012506
v 0.038566 1.944495 -0.035423
v 0.108620 1.846834 -0.057314
v 0.099257 1.867853 -0.034567
v 0.095240 1.886145 -0.018526
v 0.075398 1.911323 0.009407
v 0.122307 1.834843 -0.074398
v 0.122745 1.839040 -0.080882
v 0.132782 1.829625 -0.083993
v 0.114476 1.837126 -0.086630
v 0.032839 1.911290 0.081226
v 0.075006 1.889395 0.053385
v 0.036628 1.928074 0.043153
v 0.073760 1.914524 0.026829
v 0.037597 1.892147 0.087647
v 0.063826 1.863806 0.067345
v 0.080929 1.843614 0.043193
v 0.096047 1.869402 0.028254
v 0.090627 1.828149 0.016689
v 0.104284 1.849719 0.004159
v 0.097487 1.815017 -0.011866
v 0.106872 1.827146 -0.020115
v 0.120086 1.804122 -0.039599
v 0.089060 1.889888 0.001880
v 0.094388 1.863396 -0.018215
v 0.102289 1.834078 -0.034458
v -0.044796 1.905654 -0.116265
v -0.029249 1.901629 -0.119862
v -0.053248 1.883398 -0.130230
v -0.039194 1.933541 -0.101314
v -0.055410 1.898524 -0.104068
v -0.060368 1.919220 -0.077808
v -0.030990 1.954859 -0.075676
v -0.061499 1.932122 -0.051675
v -0.011476 1.929207 -0.110588
v -0.023284 1.961825 -0.041233
v 0.011242 1.955777 -0.059276
v 0.027554 1.950191 -0.015712
v -0.012916 1.958676 -0.001357
v -0.057249 1.935741 -0.022113
v -0.048900 1.933038 0.010544
v -0.036474 1.928274 0.040512
v -0.000149 1.937952 0.047370
v 0.002043 1.946378 -0.087877
v 0.036531 1.928137 0.043092
v 0.030923 1.961624 -0.054161
v -0.005287 1.958004 -0.069168
v 0.014339 1.966957 -0.018847
v -0.023292 1.962399 -0.035061
v 0.015970 1.941993 -0.096835
v 0.048345 1.943697 -0.081833
v 0.033747 1.919606 -0.113990
v 0.059135 1.920169 -0.100579
v -0.034516 1.953417 0.003904
v 0.004685 1.960158 0.017212
v 0.054476 1.937700 -0.008529
v 0.060487 1.935655 -0.035695
v 0.065492 1.925854 -0.058594
v 0.070397 1.908396 -0.079788
v -0.036474 1.928274 0.040510
v -0.000147 1.937984 0.047396
v 0.036529 1.928117 0.043151
v 0.046631 1.931869 0.020866
v 0.051088 1.892254 -0.124162
v 0.067363 1.893368 -0.115098
v 0.065998 1.868033 -0.128406
v 0.074776 1.867991 -0.123930
v 0.078452 1.867016 -0.117708
v 0.074069 1.887675 -0.098607
v 0.087258 1.851677 -0.134294
v -0.091673 1.881167 -0.034068
v -0.093746 1.897561 -0.031942
v -0.097180 1.891993 -0.070300
v -0.097501 1.900757 -0.069137
v -0.090891 1.905438 -0.070159
v -0.108822 1.905277 -0.096885
v -0.080358 1.911040 -0.033495
v -0.076934 1.915526 -0.011075
v -0.090365 1.894735 -0.004056
v -0.070993 1.918857 0.013031
v -0.086208 1.878793 -0.004435
v -0.076740 1.879663 0.027600
v -0.070993 1.918857 0.013031
v -0.075747 1.893340 -0.026173
v -0.076934 1.915526 -0.011075
v -0.080358 1.911040 -0.033495
v -0.088568 1.896067 -0.072018
v -0.090891 1.905438 -0.070159
v -0.091673 1.881167 -0.034068
v -0.086208 1.878793 -0.004435
v -0.097180 1.891993 -0.070300
v -0.108822 1.905277 -0.096885
v -0.076740 1.879663 0.027600
v 0.012799 1.911349 0.107911
v 0.001456 1.897196 0.101258
v 0.013398 1.898508 0.100973
v 0.038229 1.901653 0.093566
v 0.039442 1.917890 0.099455
v 0.060861 1.901399 0.079074
v 0.065996 1.922474 0.079748
v 0.028268 1.935150 0.080531
v 0.050527 1.937364 0.058860
v 0.008103 1.921875 0.103369
v -0.003198 1.907098 0.106737
v -0.012197 1.896374 0.097232
v 0.088770 1.916539 0.054611
v 0.075087 1.929402 0.031607
v 0.104984 1.902107 0.027166
v 0.093052 1.911109 0.005513
v 0.081315 1.893988 0.058741
v 0.096594 1.881470 0.034381
v 0.114852 1.874725 -0.009817
v 0.108182 1.878579 -0.021483
v 0.122503 1.854197 -0.035413
v 0.110584 1.863737 -0.004752
v 0.001456 1.897196 0.101258
v 0.016804 1.890055 0.106198
v 0.013398 1.898508 0.100973
v 0.038229 1.901653 0.093566
v 0.042351 1.894579 0.103295
v 0.041675 1.888121 0.100398
v 0.065102 1.893744 0.087833
v 0.062110 1.882721 0.087076
v 0.083553 1.886817 0.067597
v 0.060861 1.901399 0.079074
v 0.081315 1.893988 0.058741
v 0.099443 1.872498 0.045189
v 0.079243 1.873932 0.070696
v 0.094911 1.861054 0.051458
v 0.107508 1.849055 0.031383
v 0.110285 1.855882 0.027176
v 0.116033 1.844069 0.014648
v 0.096594 1.881470 0.034381
v 0.107138 1.859433 0.019087
v 0.074247 1.874426 0.079171
v 0.092434 1.855188 0.059185
v 0.074917 1.886135 0.064493
v 0.093211 1.872553 0.040565
v 0.074937 1.840314 0.066247
v 0.059938 1.863018 0.083390
v 0.047097 1.885249 0.097539
v 0.039890 1.877856 0.099723
v 0.016804 1.890055 0.106198
v 0.025743 1.896210 0.097317
v 0.001456 1.897200 0.101258
v 0.041188 1.894501 0.089688
v 0.096540 1.850601 0.022604
v 0.098228 1.834443 0.040722
v 0.084008 1.819904 0.048575
v 0.097693 1.811650 0.022230
v 0.088600 1.802000 0.030289
v 0.094882 1.820764 0.007974
v 0.096538 1.789702 -0.000109
v 0.095442 1.786896 0.005638
v 0.096296 1.766933 -0.003050
v 0.090906 1.783161 0.008400
v 0.061604 1.858103 0.091108
v 0.083951 1.833525 0.064513
v 0.064143 1.866107 0.083166
v 0.084888 1.839177 0.058901
v 0.041703 1.880093 0.100279
v 0.037256 1.873617 0.105564
v 0.075145 1.829671 0.062452
v 0.095664 1.817022 0.040213
v 0.050450 1.850319 0.085413
v 0.027529 1.866079 0.098438
v 0.012807 1.882485 0.107512
v 0.008933 1.875139 0.102291
v -0.003789 1.884179 0.102717
v 0.016804 1.890055 0.106198
v 0.001456 1.897200 0.101258
v 0.033073 1.920922 0.075904
v 0.077800 1.913285 0.045795
v 0.009603 1.937799 0.044045
v 0.058384 1.931042 0.003791
v 0.073805 1.885140 0.064888
v 0.093447 1.869701 0.041037
v 0.098179 1.895373 0.017519
v 0.103006 1.851679 0.014610
v 0.107974 1.876098 -0.007239
v 0.112593 1.835447 -0.025369
v 0.116481 1.846364 -0.033565
v 0.041188 1.894501 0.089688
v 0.083862 1.909219 -0.024739
v 0.099219 1.885035 -0.041235
v 0.114438 1.849806 -0.046497
v 0.125836 1.823318 -0.046401
v -0.004195 1.937011 0.076122
v -0.032885 1.911432 0.079671
v -0.000016 1.918473 0.092684
v 0.024675 1.926489 0.090094
v 0.029076 1.950393 0.051702
v -0.023799 1.932410 0.060532
v 0.005055 1.959669 0.024007
v 0.054617 1.948506 0.018813
v 0.074227 1.924089 0.035871
v 0.046312 1.930565 0.070403
v 0.076118 1.941147 -0.013800
v 0.093255 1.909508 0.000529
v 0.090815 1.921641 -0.041331
v 0.102130 1.893360 -0.029905
v 0.103147 1.899253 -0.065899
v 0.107267 1.885057 -0.057671
v 0.116814 1.882273 -0.079270
v 0.027542 1.955890 -0.002806
v 0.051021 1.944931 -0.034246
v 0.071245 1.922581 -0.061141
v 0.091325 1.899188 -0.078846
v 0.111814 1.887286 -0.087803
v 0.126819 1.879667 -0.091757
v -0.021211 1.949073 0.045335
v -0.036474 1.928274 0.040510
v -0.032885 1.911432 0.079671
v -0.009569 1.943598 0.066519
v 0.018617 1.957340 0.037837
v 0.001233 1.965871 0.025688
v 0.040984 1.956139 0.007056
v 0.028424 1.968832 -0.005992
v -0.030568 1.947710 0.025105
v -0.015982 1.961510 0.008652
v 0.063451 1.948261 -0.025242
v 0.052776 1.960796 -0.036610
v 0.070014 1.939175 -0.058937
v 0.077816 1.930101 -0.047628
v 0.093025 1.915909 -0.072483
v 0.054255 1.943966 -0.068833
v 0.033612 1.962500 -0.048892
v 0.010887 1.968665 -0.021170
v 0.082594 1.913594 -0.084694
v 0.108299 1.903020 -0.089811
v -0.059738 1.941596 -0.017595
v -0.068126 1.925785 0.005836
v -0.044963 1.957554 -0.004637
v -0.051472 1.942145 0.024544
v -0.025945 1.960332 0.004744
v -0.030035 1.947402 0.039254
v -0.056452 1.916394 0.050963
v -0.033572 1.925807 0.064747
v -0.037609 1.892147 0.086115
v -0.060701 1.879047 0.058907
v -0.070916 1.902099 0.030745
v -0.038146 1.965090 -0.037272
v -0.048339 1.952804 -0.042825
v -0.023603 1.965021 -0.032909
v -0.024582 1.965399 -0.066679
v -0.032970 1.966349 -0.068546
v -0.028700 1.970752 -0.093986
v -0.037197 1.960035 -0.069650
v -0.017769 1.935156 0.078906
v -0.032885 1.911432 0.079671
v -0.000016 1.918471 0.092684
v 0.010881 1.935156 0.081357
v -0.011135 1.960140 0.050670
v 0.021732 1.948704 0.056575
v 0.029264 1.960796 0.026585
v -0.002857 1.973859 0.019963
v -0.033214 1.943453 0.035261
v -0.024643 1.957992 0.005059
v 0.033339 1.967736 -0.005471
v 0.006638 1.977267 -0.010907
v 0.035096 1.967801 -0.036690
v 0.018522 1.975129 -0.041812
v 0.038170 1.968742 -0.067422
v 0.032605 1.972353 -0.069781
v -0.011224 1.965294 -0.023454
v 0.007187 1.968624 -0.050252
v -0.036787 1.924327 0.062008
v 0.029090 1.970837 -0.073187
v 0.042668 1.974083 -0.084442
v -0.018078 1.830327 0.109946
v -0.000287 1.817607 0.110334
v -0.014020 1.834447 0.117212
v 0.002675 1.820145 0.114757
v -0.031161 1.847575 0.107213
v -0.026599 1.852321 0.115589
v -0.014046 1.856349 0.114137
v -0.004052 1.840389 0.114521
v 0.020878 1.810505 0.108666
v 0.007479 1.825533 0.111331
v -0.037744 1.866317 0.102382
v -0.032958 1.871330 0.110368
v -0.020183 1.872604 0.111462
v -0.036701 1.881456 0.095153
v -0.032001 1.886436 0.101415
v -0.027536 1.889514 0.093730
v -0.020377 1.888566 0.100483
v -0.022473 1.885828 0.108065
v -0.031414 1.885665 0.088869
v -0.017064 1.881385 0.094033
v -0.023742 1.880168 0.087034
v 0.008117 1.849786 0.123615
v -0.001308 1.842431 0.114557
v 0.021938 1.835463 0.116834
v 0.013917 1.828765 0.110419
v 0.036711 1.822246 0.107691
v 0.031244 1.816303 0.104076
v -0.014904 1.858016 0.115764
v -0.004007 1.866133 0.126338
v -0.024832 1.872793 0.113620
v -0.012264 1.882685 0.123676
v 0.006767 1.887078 0.120214
v 0.000200 1.898443 0.114341
v -0.017290 1.897692 0.115112
v 0.013604 1.872987 0.122485
v 0.056660 1.804790 0.097570
v -0.030535 1.887807 0.107441
v 0.021245 1.856090 0.120369
v 0.028646 1.839484 0.114969
v 0.016114 1.884328 0.108790
v 0.021397 1.872589 0.109137
v 0.026877 1.856738 0.108059
v 0.032354 1.840988 0.105764
v 0.039406 1.825587 0.102655
v 0.010118 1.893679 0.106502
v 0.003085 1.898552 0.102069
v -0.005705 1.903423 0.105663
v -0.011834 1.891297 0.088731
v -0.018227 1.903603 0.106145
v -0.011834 1.891297 0.088731
v -0.030196 1.895653 0.101288
v -0.011834 1.891297 0.088731
vt 0.745362 0.335528
vt 0.831821 0.331334
vt 0.740201 0.166772
vt 0.798683 0.164027
vt 0.757847 0.507027
vt 0.634153 0.507063
vt 0.653893 0.337552
vt 0.850898 0.509858
vt 0.741094 0.023045
vt 0.686357 0.161867
vt 0.767525 0.593408
vt 0.855599 0.604508
vt 0.658217 0.589972
vt 0.857949 0.651833
vt 0.670249 0.631427
vt 0.745362 0.335528
vt 0.831821 0.331334
vt 0.740201 0.166772
vt 0.798683 0.164027
vt 0.757847 0.507027
vt 0.634153 0.507063
vt 0.653893 0.337552
vt 0.850898 0.509858
vt 0.741094 0.023045
vt 0.686357 0.161867
vt 0.767525 0.593408
vt 0.855599 0.604508
vt 0.658217 0.589972
vt 0.857949 0.651833
vt 0.670249 0.631427
vt 0.309374 0.452899
vt 0.359181 0.452334
vt 0.329883 0.545721
vt 0.358150 0.543456
vt 0.392433 0.529684
vt 0.412241 0.447076
vt 0.357244 0.619086
vt 0.359351 0.367496
vt 0.293020 0.354960
vt 0.369446 0.276203
vt 0.285506 0.263632
vt 0.429248 0.268766
vt 0.425070 0.362225
vt 0.287435 0.185476
vt 0.357244 0.185476
vt 0.425313 0.185476
vt 0.177305 0.544914
vt 0.223203 0.546091
vt 0.171266 0.634667
vt 0.189904 0.419238
vt 0.261157 0.430780
vt 0.199951 0.293802
vt 0.275795 0.301645
vt 0.215918 0.184449
vt 0.278066 0.184449
vt 0.130166 0.360470
vt 0.086770 0.344778
vt 0.145763 0.276302
vt 0.086770 0.256891
vt 0.190653 0.285197
vt 0.178137 0.369073
vt 0.086770 0.185562
vt 0.131240 0.475461
vt 0.193570 0.185562
vt 0.086770 0.440801
vt 0.086770 0.531579
vt 0.358431 0.540144
vt 0.359340 0.450816
vt 0.329883 0.545721
vt 0.309374 0.452899
vt 0.392433 0.529684
vt 0.412241 0.447076
vt 0.357244 0.619086
vt 0.359485 0.365007
vt 0.293020 0.354960
vt 0.365219 0.272719
vt 0.285506 0.263632
vt 0.429248 0.268766
vt 0.425070 0.362225
vt 0.287435 0.185476
vt 0.357244 0.185476
vt 0.425313 0.185476
vt 0.223203 0.546091
vt 0.177305 0.544914
vt 0.171266 0.634667
vt 0.189904 0.419238
vt 0.261157 0.430780
vt 0.199951 0.293802
vt 0.275795 0.301645
vt 0.215918 0.184449
vt 0.278066 0.184449
vt 0.086770 0.256891
vt 0.086770 0.344778
vt 0.145763 0.276302
vt 0.130166 0.360470
vt 0.190653 0.285197
vt 0.178137 0.369073
vt 0.086770 0.185562
vt 0.131240 0.475461
vt 0.193570 0.185562
vt 0.086770 0.440801
vt 0.086770 0.531579
vt 0.348298 0.736379
vt 0.440846 0.725139
vt 0.356444 0.895249
vt 0.446932 0.838856
vt 0.513625 0.988329
vt 0.446044 0.582161
vt 0.377470 0.546855
vt 0.476251 0.437464
vt 0.494531 0.595094
vt 0.417922 0.393290
vt 0.472774 0.259992
vt 0.529030 0.417675
vt 0.504154 0.728270
vt 0.564575 0.586857
vt 0.590570 0.756933
vt 0.513981 0.865599
vt 0.562292 0.909286
vt 0.432678 0.654142
vt 0.580848 0.631206
vt 0.412306 0.772165
vt 0.577703 0.746999
vt 0.459661 0.539051
vt 0.585250 0.553174
vt 0.501163 0.384539
vt 0.589568 0.390607
vt 0.723651 0.522510
vt 0.695658 0.362222
vt 0.594490 0.198477
vt 0.657700 0.198477
vt 0.543985 0.198477
vt 0.733557 0.636592
vt 0.741451 0.754614
vt 0.595723 0.091210
vt 0.627182 0.091210
vt 0.592693 0.020324
vt 0.572195 0.091210
vt 0.581860 0.865579
vt 0.434851 0.876310
vt 0.586197 0.986594
vt 0.743806 0.878985
vt 0.068831 0.610267
vt 0.053083 0.661820
vt 0.114120 0.669417
vt 0.027343 0.732039
vt 0.111511 0.739786
vt 0.180331 0.679368
vt 0.203527 0.749654
vt 0.106580 0.800263
vt 0.213242 0.809384
vt 0.020939 0.796536
vt 0.109065 0.857812
vt 0.210205 0.857816
vt 0.027011 0.857816
vt 0.151400 0.613984
vt 0.110954 0.560526
vt 0.181338 0.609424
vt 0.181338 0.702041
vt 0.049468 0.611171
vt 0.040604 0.710842
vt 0.324474 0.690300
vt 0.325257 0.777538
vt 0.181338 0.782754
vt 0.314543 0.596105
vt 0.181338 0.518183
vt 0.279517 0.503057
vt 0.082494 0.518099
vt 0.127694 0.443141
vt 0.181338 0.440654
vt 0.181338 0.379570
vt 0.321914 0.858462
vt 0.181338 0.858462
vt 0.036957 0.795427
vt 0.036358 0.858462
vt 0.220735 0.423815
vt 0.929438 0.573819
vt 0.882929 0.588368
vt 0.888089 0.497804
vt 0.969478 0.674784
vt 0.884061 0.689886
vt 0.844953 0.584625
vt 0.804220 0.698015
vt 0.990480 0.737441
vt 0.881244 0.742553
vt 0.993028 0.787810
vt 0.882924 0.796641
vt 0.784888 0.748372
vt 0.800337 0.797038
vt 0.948832 0.822016
vt 0.888089 0.875499
vt 0.808457 0.834883
vt 0.376447 0.646537
vt 0.376447 0.473639
vt 0.497232 0.617930
vt 0.428909 0.462539
vt 0.516688 0.711386
vt 0.376447 0.722494
vt 0.520342 0.797650
vt 0.376447 0.804112
vt 0.224387 0.739850
vt 0.218986 0.813062
vt 0.376447 0.875483
vt 0.242496 0.875483
vt 0.248095 0.664295
vt 0.476552 0.875483
vt 0.316854 0.480245
vt 0.376447 0.382662
vt 0.942719 0.557450
vt 0.867986 0.573129
vt 0.888026 0.445577
vt 0.824239 0.465731
vt 0.828232 0.379092
vt 0.772733 0.447212
vt 0.983222 0.644744
vt 0.888755 0.646943
vt 0.985582 0.738706
vt 0.882985 0.714654
vt 0.841450 0.797609
vt 0.922348 0.809757
vt 0.851712 0.849375
vt 0.794261 0.569583
vt 0.754314 0.792742
vt 0.765635 0.705259
vt 0.780586 0.640116
vt 0.722674 0.859476
vt 0.664192 0.713810
vt 0.664664 0.796070
vt 0.681718 0.628705
vt 0.723942 0.552055
vt 0.293618 0.746192
vt 0.149158 0.612463
vt 0.289957 0.567637
vt 0.149158 0.396361
vt 0.273702 0.388661
vt 0.012872 0.494257
vt 0.007197 0.676280
vt 0.039902 0.334199
vt 0.149158 0.134516
vt 0.101900 0.117661
vt 0.205051 0.136878
vt 0.149158 0.004100
vt 0.292116 0.607552
vt 0.149158 0.555461
vt 0.284592 0.449644
vt 0.149158 0.222754
vt 0.255033 0.281036
vt 0.210185 0.141517
vt 0.044436 0.301466
vt 0.012506 0.483917
vt 0.006283 0.667477
vt 0.089414 0.141517
vt 0.149158 0.004001
vt 0.158788 0.514125
vt 0.250698 0.506978
vt 0.162381 0.574179
vt 0.271925 0.562818
vt 0.287386 0.626290
vt 0.164049 0.654286
vt 0.025935 0.575821
vt 0.055487 0.502195
vt 0.016574 0.659877
vt 0.160452 0.738748
vt 0.005251 0.754607
vt 0.148213 0.809527
vt 0.291320 0.795704
vt 0.180456 0.852270
vt 0.292441 0.719958
vt 0.004273 0.810091
vt 0.080183 0.841319
vt 0.214665 0.455371
vt 0.158801 0.460070
vt 0.088258 0.450908
vt 0.118388 0.415566
vt 0.156564 0.420212
vt 0.149158 0.380562
vt 0.183374 0.417294
vt 0.119855 0.070832
vt 0.149158 0.114140
vt 0.089000 0.141847
vt 0.149158 0.207166
vt 0.058371 0.237188
vt 0.207530 0.136050
vt 0.179032 0.072420
vt 0.235111 0.217359
vt 0.149158 0.338774
vt 0.267298 0.337517
vt 0.286833 0.474465
vt 0.149158 0.527951
vt 0.283694 0.628418
vt 0.018546 0.438666
vt 0.021788 0.581954
vt 0.059824 0.690111
vt 0.149158 0.765856
vt 0.037492 0.333934
vt 0.149158 0.004001
vt 0.384961 0.709802
vt 0.386109 0.785600
vt 0.242457 0.719735
vt 0.242457 0.800120
vt 0.088872 0.729527
vt 0.110861 0.639748
vt 0.242457 0.645537
vt 0.085168 0.803705
vt 0.098653 0.859454
vt 0.242457 0.540299
vt 0.375779 0.627805
vt 0.345196 0.532478
vt 0.146205 0.529544
vt 0.244514 0.436161
vt 0.203038 0.433313
vt 0.242457 0.380391
vt 0.282301 0.431636
vt 0.303926 0.859454
vt 0.263251 0.197070
vt 0.180103 0.199704
vt 0.262751 0.096978
vt 0.096257 0.096978
vt 0.096020 0.200627
vt 0.261502 0.297014
vt 0.181938 0.295110
vt 0.180557 0.369267
vt 0.256560 0.372610
vt 0.181273 0.448373
vt 0.245252 0.450342
vt 0.177778 0.510624
vt 0.226931 0.514571
vt 0.105531 0.372503
vt 0.115600 0.447946
vt 0.179123 0.559696
vt 0.158275 0.559000
vt 0.131638 0.509111
vt 0.201808 0.561861
vt 0.098990 0.296724
vt 0.181671 0.597477
vt 0.288541 0.090543
vt 0.205817 0.189654
vt 0.122047 0.090543
vt 0.121819 0.196270
vt 0.126040 0.284000
vt 0.207285 0.283866
vt 0.130934 0.361623
vt 0.206967 0.363735
vt 0.141592 0.441269
vt 0.209200 0.448816
vt 0.170201 0.526090
vt 0.203894 0.529686
vt 0.287316 0.286790
vt 0.281645 0.370131
vt 0.269271 0.455741
vt 0.238625 0.535326
vt 0.207461 0.591043
vt 0.288835 0.184034
vt 0.279154 0.395971
vt 0.207991 0.385987
vt 0.286828 0.308685
vt 0.209292 0.299007
vt 0.288901 0.208446
vt 0.205461 0.200672
vt 0.132000 0.378094
vt 0.146529 0.468623
vt 0.208808 0.479672
vt 0.168680 0.528545
vt 0.206372 0.537011
vt 0.125164 0.291390
vt 0.260946 0.492962
vt 0.207461 0.595639
vt 0.234908 0.547280
vt 0.288541 0.095139
vt 0.122047 0.095139
vt 0.122009 0.189904
vt 0.152928 0.462081
vt 0.201762 0.469733
vt 0.207461 0.564616
vt 0.209272 0.388517
vt 0.274633 0.398519
vt 0.284721 0.303500
vt 0.217652 0.293971
vt 0.252048 0.483430
vt 0.137325 0.386667
vt 0.126274 0.287796
vt 0.122452 0.196387
vt 0.288380 0.194944
vt 0.231748 0.089015
vt 0.262751 0.096978
vt 0.181535 0.194538
vt 0.096257 0.096978
vt 0.096157 0.192105
vt 0.099260 0.286323
vt 0.178480 0.286282
vt 0.104109 0.357803
vt 0.180861 0.355705
vt 0.113443 0.431532
vt 0.180659 0.430105
vt 0.173127 0.491110
vt 0.126079 0.492006
vt 0.257652 0.358607
vt 0.248703 0.430912
vt 0.155951 0.554720
vt 0.180253 0.556233
vt 0.233489 0.498340
vt 0.203804 0.558291
vt 0.181671 0.597477
vt 0.261700 0.286499
vt 0.263227 0.193119
vt 0.289264 0.188733
vt 0.208297 0.191076
vt 0.288541 0.090543
vt 0.122047 0.090543
vt 0.122054 0.192580
vt 0.286682 0.287837
vt 0.206172 0.291363
vt 0.281761 0.369199
vt 0.206365 0.370542
vt 0.270384 0.450910
vt 0.211324 0.455175
vt 0.241377 0.529488
vt 0.210135 0.529654
vt 0.124996 0.294926
vt 0.132004 0.375573
vt 0.146045 0.461095
vt 0.174806 0.535642
vt 0.207461 0.591043
vt 0.134256 0.397492
vt 0.125615 0.311688
vt 0.205043 0.388568
vt 0.201960 0.302677
vt 0.121826 0.204330
vt 0.201289 0.199980
vt 0.281169 0.381070
vt 0.266500 0.468556
vt 0.203966 0.479971
vt 0.245652 0.527662
vt 0.206861 0.536414
vt 0.287418 0.297762
vt 0.152257 0.491219
vt 0.176742 0.545160
vt 0.207461 0.595639
vt 0.289017 0.195299
vt 0.122047 0.095139
vt 0.288541 0.095139
vt 0.161073 0.483739
vt 0.260115 0.463141
vt 0.207461 0.564616
vt 0.139625 0.401581
vt 0.275934 0.386906
vt 0.129173 0.312039
vt 0.285497 0.285412
vt 0.122452 0.196387
vt 0.288380 0.194944
vt 0.159029 0.086042
vt 0.313729 0.093694
vt 0.420743 0.242491
vt 0.324742 0.245262
vt 0.421329 0.356265
vt 0.507638 0.357085
vt 0.522041 0.239137
vt 0.423946 0.475771
vt 0.479290 0.472341
vt 0.454225 0.533354
vt 0.421843 0.538735
vt 0.423977 0.602813
vt 0.338298 0.356926
vt 0.366279 0.473228
vt 0.393747 0.537031
vt 0.530548 0.093694
vt 0.318919 0.090618
vt 0.430663 0.237792
vt 0.330207 0.235457
vt 0.344622 0.347689
vt 0.427594 0.351513
vt 0.526303 0.241354
vt 0.510146 0.356808
vt 0.428328 0.466860
vt 0.477931 0.466060
vt 0.429167 0.573592
vt 0.377182 0.462219
vt 0.535738 0.090618
vt 0.320758 0.198245
vt 0.409060 0.208486
vt 0.320759 0.326756
vt 0.394795 0.329656
vt 0.320759 0.399828
vt 0.378617 0.407598
vt 0.320759 0.464300
vt 0.360202 0.470720
vt 0.320759 0.521062
vt 0.335544 0.523772
vt 0.410310 0.050501
vt 0.243044 0.314097
vt 0.238903 0.190304
vt 0.256043 0.388797
vt 0.275185 0.456169
vt 0.241184 0.050501
vt 0.320861 0.554789
vt 0.301828 0.516556
vt 0.396208 0.321205
vt 0.320759 0.312980
vt 0.409437 0.202033
vt 0.320758 0.197765
vt 0.410310 0.050501
vt 0.242338 0.306090
vt 0.239004 0.186427
vt 0.241184 0.050501
vt 0.384232 0.381553
vt 0.320759 0.369945
vt 0.371056 0.445779
vt 0.325494 0.431262
vt 0.336989 0.509824
vt 0.359305 0.503188
vt 0.263989 0.424949
vt 0.251803 0.368657
vt 0.292336 0.495290
vt 0.320759 0.500875
vt 0.320861 0.554789
vt 0.355229 0.579639
vt 0.320861 0.276062
vt 0.403788 0.261050
vt 0.320861 0.353868
vt 0.388351 0.360763
vt 0.320861 0.435674
vt 0.367354 0.449634
vt 0.320861 0.501201
vt 0.342233 0.509616
vt 0.320861 0.554789
vt 0.265788 0.430375
vt 0.246291 0.339819
vt 0.292245 0.495982
vt 0.347504 0.174086
vt 0.240116 0.247710
vt 0.265677 0.192734
vt 0.653330 0.516798
vt 0.513313 0.607396
vt 0.515595 0.516798
vt 0.777747 0.607396
vt 0.781633 0.516798
vt 0.653330 0.442224
vt 0.527845 0.442224
vt 0.653330 0.334177
vt 0.543750 0.334177
vt 0.562870 0.237347
vt 0.653330 0.237347
vt 0.653330 0.139348
vt 0.606924 0.135575
vt 0.772658 0.334177
vt 0.778804 0.442224
vt 0.750967 0.237347
vt 0.653170 0.036357
vt 0.699480 0.133719
vt 0.093714 0.217874
vt 0.014854 0.120232
vt 0.172183 0.120232
vt 0.171542 0.214612
vt 0.168712 0.308135
vt 0.095189 0.311361
vt 0.014917 0.221526
vt 0.015857 0.320691
vt 0.025044 0.402842
vt 0.088407 0.401984
vt 0.155354 0.398430
vt 0.088866 0.477780
vt 0.129136 0.486020
vt 0.089024 0.524110
vt 0.111947 0.529899
vt 0.047777 0.477329
vt 0.091596 0.575326
vt 0.064384 0.519882
vt 0.695588 0.364557
vt 0.694808 0.446074
vt 0.623641 0.368366
vt 0.636567 0.447241
vt 0.755505 0.448292
vt 0.770416 0.360878
vt 0.696515 0.279829
vt 0.778048 0.262641
vt 0.779751 0.116107
vt 0.615321 0.288671
vt 0.610925 0.181399
vt 0.668662 0.525455
vt 0.725168 0.523883
vt 0.697343 0.574772
vt 0.097300 0.318368
vt 0.180384 0.329245
vt 0.121511 0.419004
vt 0.180384 0.432079
vt 0.253956 0.345679
vt 0.270249 0.253684
vt 0.180384 0.235178
vt 0.282094 0.135440
vt 0.232229 0.432712
vt 0.088284 0.211269
vt 0.086396 0.125008
vt 0.180384 0.496535
vt 0.204046 0.499372
vt 0.180384 0.549318
vt 0.300516 0.741134
vt 0.179724 0.691865
vt 0.196993 0.763019
vt 0.299314 0.632049
vt 0.422573 0.632049
vt 0.404383 0.738037
vt 0.410907 0.542285
vt 0.302988 0.542285
vt 0.182369 0.632049
vt 0.197789 0.542285
vt 0.228137 0.432434
vt 0.302318 0.432434
vt 0.383937 0.432434
vt 0.305372 0.894087
vt 0.332929 0.257524
vt 0.269944 0.257524
vt 0.305372 0.196977
vt 0.625441 0.430156
vt 0.539263 0.430156
vt 0.625441 0.323937
vt 0.503598 0.323937
vt 0.495815 0.231342
vt 0.625441 0.231342
vt 0.625441 0.073565
vt 0.498656 0.073565
vt 0.704602 0.430156
vt 0.742202 0.323937
vt 0.759849 0.231342
vt 0.761268 0.073565
vt 0.655744 0.498708
vt 0.625441 0.498708
vt 0.625441 0.545406
vt 0.580942 0.498708
vt 0.249876 0.145534
vt 0.255591 0.257856
vt 0.179588 0.175505
vt 0.180078 0.265066
vt 0.291474 0.161492
vt 0.322742 0.252072
vt 0.317760 0.331877
vt 0.250846 0.335098
vt 0.303864 0.403732
vt 0.248488 0.400443
vt 0.281020 0.469967
vt 0.248675 0.469279
vt 0.249876 0.538252
vt 0.181820 0.344545
vt 0.194873 0.412713
vt 0.219117 0.477945
vt 0.353069 0.335596
vt 0.299318 0.335596
vt 0.353069 0.211621
vt 0.353069 0.500015
vt 0.417611 0.335596
vt 0.477013 0.500015
vt 0.353069 0.584494
vt 0.513811 0.584494
vt 0.243909 0.500015
vt 0.353069 0.706231
vt 0.183676 0.706231
vt 0.183726 0.812516
vt 0.353069 0.812516
vt 0.528170 0.706231
vt 0.531609 0.812516
vt 0.528719 0.908413
vt 0.353070 0.908413
vt 0.210474 0.584494
vt 0.181987 0.908413
vt 0.119191 0.593601
vt 0.212991 0.598382
vt 0.123487 0.738578
vt 0.214856 0.734050
vt 0.204731 0.479000
vt 0.111700 0.475587
vt 0.187672 0.342607
vt 0.110228 0.340971
vt 0.209821 0.852181
vt 0.117005 0.857043
vt 0.024481 0.735107
vt 0.016221 0.591687
vt 0.024057 0.480518
vt 0.039248 0.340539
vt 0.212337 0.996820
vt 0.112453 0.996820
vt 0.020400 0.996820
vt 0.018302 0.861275
vt 0.163656 0.206305
vt 0.112615 0.204056
vt 0.141446 0.100365
vt 0.110944 0.086967
vt 0.087975 0.094657
vt 0.061590 0.207421
vt 0.112453 0.012317
vt 0.304703 0.617030
vt 0.226190 0.617030
vt 0.283210 0.472321
vt 0.226190 0.474607
vt 0.163796 0.474424
vt 0.226190 0.310072
vt 0.130833 0.617030
vt 0.122887 0.749922
vt 0.226190 0.753805
vt 0.118807 0.870464
vt 0.315113 0.751390
vt 0.318971 0.870464
vt 0.326612 0.214595
vt 0.400534 0.326281
vt 0.331279 0.284496
vt 0.338122 0.347899
vt 0.396877 0.453092
vt 0.362385 0.454127
vt 0.457624 0.352977
vt 0.465043 0.268231
vt 0.432025 0.456812
vt 0.398526 0.539744
vt 0.446746 0.175348
vt 0.418386 0.835021
vt 0.387897 0.867669
vt 0.374251 0.844781
vt 0.349179 0.790930
vt 0.400889 0.785797
vt 0.335508 0.730499
vt 0.400889 0.724692
vt 0.489081 0.779665
vt 0.494228 0.719047
vt 0.458735 0.841277
vt 0.426110 0.867467
vt 0.400889 0.890674
vt 0.400889 0.660577
vt 0.491407 0.646304
vt 0.400889 0.528227
vt 0.477948 0.493181
vt 0.326999 0.662921
vt 0.328504 0.525121
vt 0.400889 0.362087
vt 0.440524 0.339053
vt 0.400889 0.240710
vt 0.360393 0.355408
vt 0.905809 0.887265
vt 0.882199 0.851351
vt 0.927860 0.856049
vt 0.940876 0.792335
vt 0.905809 0.791905
vt 0.883784 0.787270
vt 0.905809 0.727799
vt 0.869242 0.726521
vt 0.905809 0.630266
vt 0.948084 0.727601
vt 0.954615 0.623288
vt 0.905809 0.491911
vt 0.854998 0.636531
vt 0.848286 0.505548
vt 0.864067 0.380706
vt 0.905809 0.371944
vt 0.905809 0.293463
vt 0.958704 0.485788
vt 0.943852 0.360972
vt 0.247217 0.646919
vt 0.244686 0.555831
vt 0.329894 0.638071
vt 0.341736 0.553436
vt 0.151269 0.561041
vt 0.169129 0.664944
vt 0.242864 0.742750
vt 0.202598 0.753997
vt 0.226242 0.833623
vt 0.282363 0.804114
vt 0.279110 0.900879
vt 0.309384 0.731687
vt 0.333204 0.392904
vt 0.240909 0.390691
vt 0.161505 0.371774
vt 0.242634 0.235955
vt 0.177540 0.221893
vt 0.316737 0.229002
vt 0.280260 0.120976
vt 0.246371 0.121572
vt 0.245847 0.010294
vt 0.214826 0.114429
vt 0.072087 0.669924
vt 0.072087 0.413052
vt 0.025399 0.658323
vt 0.030837 0.404872
vt 0.028725 0.767176
vt 0.072087 0.776737
vt 0.123340 0.415781
vt 0.072087 0.222351
vt 0.148035 0.673828
vt 0.142889 0.785502
vt 0.072201 0.861493
vt 0.135419 0.862123
vt 0.123950 0.918428
vt 0.031615 0.858981
vt 0.025265 0.918428
vt 0.514075 0.123530
vt 0.514075 0.172960
vt 0.346868 0.128635
vt 0.336586 0.186025
vt 0.637981 0.164078
vt 0.642614 0.214657
vt 0.514075 0.222911
vt 0.635516 0.345648
vt 0.514075 0.349955
vt 0.567109 0.458613
vt 0.514075 0.455764
vt 0.630549 0.114887
vt 0.352742 0.246238
vt 0.389769 0.388907
vt 0.467016 0.467941
vt 0.514075 0.523934
vt 0.622910 0.835571
vt 0.659585 0.891394
vt 0.559897 0.891394
vt 0.516116 0.835571
vt 0.617240 0.744926
vt 0.700295 0.835571
vt 0.739207 0.744926
vt 0.625816 0.656380
vt 0.506450 0.656380
vt 0.507571 0.744926
vt 0.634447 0.541461
vt 0.509217 0.541461
vt 0.632982 0.378097
vt 0.527567 0.378097
vt 0.622710 0.225184
vt 0.567129 0.225184
vt 0.594446 0.105125
vt 0.743763 0.656380
vt 0.745070 0.541461
vt 0.723798 0.378097
vt 0.677850 0.225184
vt 0.643274 0.105125
vt 0.615674 0.039436
vt 0.392421 0.906980
vt 0.420966 0.996072
vt 0.344939 0.996072
vt 0.333527 0.913522
vt 0.337319 0.802822
vt 0.392421 0.810552
vt 0.338398 0.693343
vt 0.392421 0.692085
vt 0.446340 0.905716
vt 0.452779 0.817730
vt 0.343812 0.572212
vt 0.392421 0.579106
vt 0.392421 0.490469
vt 0.352143 0.483736
vt 0.374643 0.378416
vt 0.439259 0.492787
vt 0.449057 0.588229
vt 0.450474 0.693332
vt 0.417047 0.373019
vt 0.392421 0.305289
vt 0.252300 0.718893
vt 0.256003 0.800006
vt 0.186847 0.726261
vt 0.186791 0.807715
vt 0.120688 0.735016
vt 0.111217 0.820914
vt 0.186410 0.896637
vt 0.108938 0.900505
vt 0.141361 0.992504
vt 0.229170 0.992504
vt 0.256855 0.893141
vt 0.186838 0.643793
vt 0.237887 0.640409
vt 0.136295 0.646551
vt 0.159317 0.567249
vt 0.186463 0.567610
vt 0.186410 0.503011
vt 0.214186 0.567779
vt 0.087562 0.940404
vt 0.133238 0.989369
vt 0.054094 0.989369
vt 0.028695 0.935590
vt 0.089238 0.852342
vt 0.023396 0.859950
vt 0.027358 0.774154
vt 0.091807 0.772342
vt 0.160179 0.852225
vt 0.158955 0.763678
vt 0.039046 0.690255
vt 0.093204 0.697268
vt 0.045787 0.614610
vt 0.092106 0.619652
vt 0.070575 0.543594
vt 0.089870 0.545469
vt 0.150041 0.684958
vt 0.129391 0.611217
vt 0.156240 0.936906
vt 0.104528 0.541763
vt 0.086920 0.503823
vt 0.831821 0.331334
vt 0.798683 0.164027
vt 0.745362 0.335528
vt 0.740201 0.166772
vt 0.850898 0.509858
vt 0.757847 0.507027
vt 0.634153 0.507063
vt 0.653893 0.337552
vt 0.741094 0.023045
vt 0.686357 0.161867
vt 0.855599 0.604508
vt 0.767525 0.593408
vt 0.658217 0.589972
vt 0.857949 0.651833
vt 0.772365 0.636598
vt 0.777204 0.679789
vt 0.682281 0.672881
vt 0.670249 0.631427
vt 0.860299 0.699158
vt 0.741093 0.827357
vt 0.830198 0.854982
vt 1.544639 0.435826
vt 1.476132 0.428635
vt 1.565454 0.300437
vt 1.500891 0.279207
vt 1.599203 0.169958
vt 1.538032 0.147618
vt 1.462960 0.554923
vt 1.532429 0.547465
vt 1.463761 0.688964
vt 1.563234 0.652812
vt 1.680095 0.609205
vt 1.678452 0.663319
vt 1.565143 0.704018
vt 1.637152 0.523629
vt 1.590024 0.006101
vt 1.472806 0.733351
vt 1.636569 0.420928
vt 1.639280 0.296828
vt 1.717138 0.598912
vt 1.714307 0.496905
vt 1.705396 0.399342
vt 1.683402 0.275360
vt 1.649160 0.158820
vt 1.717263 0.651332
vt 1.717389 0.703753
vt 1.676810 0.717432
vt 1.695342 0.877963
vt 1.567051 0.755224
vt 1.650390 0.884493
vt 1.481850 0.777737
vt 1.516265 0.892156
vn -0.6786 -0.1363 0.7217
vn -0.9526 -0.2433 0.1828
vn -0.5962 -0.3614 0.7169
vn -0.8207 -0.5530 0.1437
vn -0.8225 0.0564 0.5660
vn -0.3330 0.0758 0.9399
vn -0.0807 0.0240 0.9964
vn -0.9981 0.0440 0.0441
vn -0.4547 -0.4218 0.7844
vn -0.0727 0.0202 0.9972
vn -0.7424 0.2755 0.6107
vn -0.9404 0.2760 0.1989
vn -0.4503 0.1482 0.8805
vn -0.6422 0.4639 0.6102
vn -0.5794 0.4048 0.7074
vn -0.6876 -0.1389 0.7127
vn -0.9797 -0.0993 0.1742
vn -0.6471 -0.3707 0.6662
vn -0.9062 -0.4158 0.0775
vn -0.7952 0.1006 0.5980
vn -0.3079 -0.0330 0.9508
vn -0.0688 -0.1376 0.9881
vn -0.9734 0.2112 0.0887
vn -0.5184 -0.4660 0.7170
vn -0.0616 -0.1428 0.9878
vn -0.6413 0.2116 0.7376
vn -0.8114 0.3856 0.4393
vn -0.4018 -0.1198 0.9079
vn -0.4545 0.3952 0.7983
vn -0.4303 0.1592 0.8885
vn -0.6879 0.2878 0.6663
vn -0.9446 -0.0403 0.3258
vn -0.6569 0.3693 0.6574
vn -0.8859 -0.1688 0.4321
vn -0.8649 -0.4976 0.0663
vn -0.9445 -0.3281 -0.0188
vn -0.8520 -0.1247 0.5085
vn -0.9550 0.0905 0.2826
vn -0.7551 0.1947 0.6261
vn -0.9706 0.2127 0.1126
vn -0.8315 0.1401 0.5375
vn -0.9847 0.1104 -0.1351
vn -0.9973 -0.0714 -0.0161
vn -0.9205 0.3046 0.2447
vn -0.9113 0.3962 -0.1121
vn -0.9297 0.3042 -0.2078
vn -0.7971 -0.6031 -0.0298
vn -0.8665 -0.4948 -0.0659
vn -0.6453 -0.7608 0.0692
vn -0.9592 -0.2506 -0.1308
vn -0.9619 -0.2412 -0.1290
vn -0.9865 -0.0480 -0.1568
vn -0.9735 -0.0034 -0.2288
vn -0.9305 0.1376 -0.3394
vn -0.8587 0.2314 -0.4574
vn -0.9696 0.0686 0.2347
vn -0.8856 0.1364 0.4440
vn -0.9954 0.0337 0.0896
vn -0.9313 0.0543 0.3602
vn -0.9906 -0.0321 -0.1330
vn -0.9998 0.0132 -0.0118
vn -0.9686 0.1222 0.2163
vn -0.9169 0.0957 0.3875
vn -0.9952 0.0949 0.0225
vn -0.8713 0.1274 0.4739
vn -0.8905 0.1540 0.4281
vn 0.8859 -0.1688 0.4321
vn 0.9446 -0.0403 0.3258
vn 0.6569 0.3693 0.6574
vn 0.6879 0.2878 0.6663
vn 0.8649 -0.4976 0.0663
vn 0.9445 -0.3281 -0.0188
vn 0.8520 -0.1247 0.5085
vn 0.9550 0.0905 0.2826
vn 0.7551 0.1947 0.6261
vn 0.9706 0.2127 0.1126
vn 0.8315 0.1401 0.5375
vn 0.9847 0.1104 -0.1351
vn 0.9973 -0.0714 -0.0161
vn 0.9205 0.3046 0.2447
vn 0.9113 0.3962 -0.1121
vn 0.9297 0.3042 -0.2078
vn 0.8665 -0.4948 -0.0659
vn 0.7971 -0.6031 -0.0298
vn 0.6453 -0.7608 0.0692
vn 0.9592 -0.2506 -0.1308
vn 0.9619 -0.2412 -0.1290
vn 0.9865 -0.0480 -0.1568
vn 0.9735 -0.0034 -0.2288
vn 0.9305 0.1376 -0.3394
vn 0.8587 0.2314 -0.4574
vn 0.9313 0.0543 0.3602
vn 0.8856 0.1364 0.4440
vn 0.9954 0.0337 0.0896
vn 0.9696 0.0686 0.2347
vn 0.9906 -0.0321 -0.1330
vn 0.9998 0.0132 -0.0118
vn 0.9686 0.1222 0.2163
vn 0.9169 0.0957 0.3875
vn 0.9952 0.0949 0.0225
vn 0.8713 0.1274 0.4739
vn 0.8905 0.1540 0.4281
vn -0.9149 0.3903 0.1028
vn -0.7658 0.3843 0.5156
vn -0.6292 0.7765 0.0341
vn -0.5306 0.7824 0.3260
vn 0.0989 0.8500 0.5174
vn -0.8184 0.0231 0.5742
vn -0.9828 -0.0544 0.1767
vn -0.3417 -0.1947 0.9194
vn 0.0029 -0.0173 0.9998
vn -0.8921 -0.3036 0.3346
vn -0.3593 -0.2538 0.8980
vn 0.5207 0.0206 0.8535
vn -0.0631 0.0902 0.9939
vn 0.4938 -0.1165 0.8617
vn 0.4793 -0.2212 0.8493
vn 0.1082 0.4417 0.8906
vn 0.6297 -0.0627 0.7743
vn -0.9394 0.1195 0.3213
vn -0.7117 0.2036 0.6723
vn -0.8389 0.4766 0.2629
vn -0.6425 0.4056 0.6502
vn -0.9640 -0.1135 0.2404
vn -0.7125 0.0472 0.7000
vn -0.9625 -0.2460 0.1146
vn -0.7071 -0.0237 0.7067
vn -0.1076 0.0670 0.9919
vn -0.0489 0.2050 0.9775
vn -0.5622 -0.0206 0.8267
vn -0.0038 0.3892 0.9212
vn -0.8763 -0.3590 0.3212
vn -0.2305 0.1266 0.9648
vn -0.3453 0.1818 0.9207
vn -0.5109 0.0504 0.8582
vn -0.1616 0.4871 0.8583
vn -0.5074 0.0648 0.8593
vn -0.7308 -0.3398 0.5919
vn -0.3627 0.7841 0.5035
vn -0.6164 0.7777 0.1233
vn -0.0308 0.9364 0.3497
vn -0.3040 0.3985 0.8653
vn -0.7377 0.4422 0.5102
vn -0.9016 0.3038 0.3079
vn -0.5920 0.5351 0.6027
vn -0.9239 0.0797 0.3742
vn -0.6338 0.2687 0.7253
vn -0.1620 0.5826 0.7964
vn -0.1722 0.3911 0.9041
vn -0.6106 -0.0575 0.7898
vn -0.1756 0.1914 0.9657
vn -0.8714 -0.2456 0.4246
vn -0.6129 -0.3585 0.7042
vn -0.3041 -0.1130 0.9459
vn -0.7886 -0.4372 0.4323
vn -0.6090 0.5380 0.5829
vn -0.6949 0.2462 0.6756
vn -0.8902 0.4555 0.0049
vn -0.9619 0.1556 0.2250
vn -0.7200 0.5606 0.4091
vn -0.7394 0.4651 0.4868
vn -0.9908 -0.0877 -0.1032
vn -0.8611 -0.5055 0.0549
vn -0.8883 -0.2690 0.3723
vn -0.8710 0.3015 -0.3878
vn -0.7144 0.6531 -0.2513
vn -0.5762 0.5142 -0.6353
vn -0.6787 0.6968 0.2321
vn -0.6358 0.7421 0.2122
vn -0.5819 0.7494 -0.3159
vn -0.5169 0.7445 -0.4226
vn -0.7697 -0.5856 0.2542
vn -0.7461 -0.3259 0.5806
vn -0.7813 0.0000 0.6242
vn -0.7121 -0.1988 0.6733
vn -0.3528 0.5905 -0.7258
vn -0.5257 -0.7901 0.3152
vn -0.9683 -0.1842 0.1688
vn -0.9037 -0.2889 0.3160
vn -0.6050 -0.6887 0.3995
vn -0.9604 -0.1422 0.2397
vn -0.8031 0.5700 -0.1735
vn -0.8952 0.4428 -0.0502
vn -0.6386 -0.4842 0.5981
vn -0.8828 0.0548 0.4665
vn -0.6340 -0.1521 0.7582
vn -0.7425 0.3154 0.5910
vn -0.8669 0.4800 0.1344
vn -0.7762 0.5575 0.2945
vn -0.5896 0.1190 0.7989
vn -0.6266 0.4157 0.6592
vn -0.6754 0.5874 0.4460
vn -0.5264 0.6150 0.5871
vn -0.6458 0.4663 0.6046
vn -0.8305 0.4044 0.3829
vn -0.9198 0.2068 0.3336
vn -0.7729 0.3779 0.5097
vn -0.5291 0.5078 0.6798
vn -0.7099 0.1553 0.6870
vn -0.5330 0.2112 0.8193
vn -0.3340 0.5716 0.7494
vn -0.3816 0.2850 0.8793
vn -0.5658 0.0869 0.8199
vn -0.4384 0.1836 0.8798
vn -0.2137 0.7377 0.6404
vn -0.6970 0.0082 0.7170
vn -0.2261 0.6668 0.7101
vn -0.6490 0.3440 0.6786
vn -0.8200 -0.5689 -0.0629
vn -0.9686 -0.2319 -0.0901
vn -0.9358 -0.3486 0.0523
vn -0.9728 0.2231 0.0617
vn -0.9236 0.2393 0.2994
vn -0.6498 0.7514 0.1149
vn -0.6653 -0.7224 0.1884
vn -0.9366 -0.3150 0.1537
vn -0.5685 -0.6031 0.5595
vn -0.8222 -0.2102 0.5290
vn -0.4959 -0.0767 0.8650
vn -0.3719 -0.5114 0.7747
vn -0.2269 -0.1662 0.9596
vn -0.8597 0.4998 -0.1058
vn -0.4427 0.6354 0.6326
vn -0.7210 0.6574 0.2191
vn -0.8099 0.5823 -0.0704
vn -0.1718 0.4869 0.8564
vn -0.3219 0.9468 0.0024
vn -0.2060 0.9261 0.3160
vn -0.3662 0.9155 -0.1664
vn -0.5026 0.8599 -0.0895
vn 0.7897 -0.2585 -0.5564
vn 0.5058 -0.4974 -0.7048
vn 0.8166 -0.3203 -0.4802
vn 0.4762 -0.5236 -0.7065
vn 0.8129 -0.2919 -0.5039
vn 0.0186 -0.6457 -0.7633
vn 0.1211 -0.5074 -0.8531
vn 0.0431 -0.6380 -0.7688
vn 0.5739 -0.2037 -0.7932
vn 0.1181 -0.4187 -0.9004
vn 0.8693 0.0201 -0.4939
vn 0.5125 0.0229 -0.8584
vn 0.9757 -0.0121 -0.2187
vn 0.9703 -0.1969 -0.1408
vn 0.9789 -0.0115 -0.2040
vn 0.9294 -0.1789 -0.3227
vn 0.9792 -0.0620 -0.1932
vn 0.8693 -0.1331 -0.4759
vn 0.9374 -0.2845 -0.2010
vn 0.9265 -0.3696 -0.0700
vn 0.9241 -0.3809 -0.0311
vn 0.8391 -0.2494 -0.4835
vn 0.7865 -0.1894 -0.5878
vn -0.0006 0.7298 0.6836
vn -0.3888 0.8105 0.4381
vn 0.0462 0.7676 0.6393
vn -0.3631 0.8206 0.4414
vn -0.4787 0.7438 0.4665
vn -0.0379 0.7126 0.7006
vn 0.4216 0.5436 0.7258
vn 0.3937 0.5165 0.7604
vn 0.4374 0.5218 0.7324
vn -0.1426 0.4123 0.8998
vn 0.3669 0.2708 0.8900
vn -0.1650 -0.0998 0.9812
vn -0.6039 0.0920 0.7918
vn -0.4333 -0.3714 0.8212
vn -0.5793 0.5096 0.6361
vn 0.3344 -0.0316 0.9419
vn 0.1035 -0.2748 0.9559
vn -0.5241 0.7433 0.4158
vn -0.0205 0.6876 0.7258
vn 0.4247 0.5199 0.7412
vn 0.5165 0.3869 0.7639
vn -0.1082 0.6070 0.7873
vn -0.1097 0.5177 0.8485
vn -0.7581 0.5800 0.2982
vn -0.0894 -0.1629 -0.9826
vn 0.1680 -0.3302 -0.9288
vn -0.2987 -0.2963 -0.9072
vn 0.0958 -0.5205 -0.8485
vn -0.3174 -0.3810 -0.8684
vn 0.4971 -0.4866 -0.7184
vn 0.4023 -0.1710 -0.8994
vn 0.4808 -0.6063 -0.6334
vn -0.0430 -0.6301 -0.7753
vn 0.3532 -0.7201 -0.5972
vn 0.2912 -0.7000 -0.6520
vn -0.0510 -0.6146 -0.7872
vn 0.3471 -0.5744 -0.7413
vn -0.3296 -0.5347 -0.7781
vn -0.3667 -0.4809 -0.7964
vn -0.3999 -0.4049 -0.8223
vn -0.0211 -0.5090 -0.8605
vn -0.3738 -0.4541 -0.8088
vn 0.1599 -0.1170 -0.9802
vn -0.9674 0.2037 0.1504
vn -0.9511 -0.0974 0.2930
vn -0.7891 0.3849 0.4787
vn -0.7806 -0.0632 0.6218
vn -0.3931 0.5930 0.7027
vn -0.3380 0.7278 0.5967
vn -0.6877 0.6459 0.3315
vn -0.4873 0.2951 0.8219
vn -0.6026 -0.1680 0.7802
vn -0.6109 0.7411 0.2785
vn -0.8794 0.4750 0.0327
vn -0.7839 0.6209 -0.0056
vn -0.3276 0.7500 0.5746
vn -0.6869 0.6282 0.3653
vn -0.4261 0.6214 0.6575
vn -0.7462 0.4761 0.4654
vn -0.8045 0.5927 0.0383
vn -0.7174 -0.4878 0.4974
vn 0.0534 0.4234 -0.9044
vn -0.2640 0.4108 -0.8726
vn 0.0049 0.6778 -0.7352
vn -0.5123 0.5699 -0.6425
vn -0.6088 0.3064 -0.7318
vn 0.0101 0.0726 -0.9973
vn -0.2549 0.0717 -0.9643
vn -0.2395 -0.0824 -0.9674
vn 0.0100 -0.0790 -0.9968
vn -0.1889 -0.2313 -0.9544
vn 0.0286 -0.2343 -0.9717
vn -0.1348 -0.3651 -0.9212
vn 0.1157 -0.3466 -0.9309
vn -0.5031 -0.0683 -0.8615
vn -0.4453 -0.2118 -0.8700
vn -0.1938 -0.2155 -0.9571
vn -0.6415 -0.2916 -0.7095
vn -0.5686 -0.3711 -0.7342
vn 0.3015 -0.1622 -0.9396
vn -0.5570 0.0553 -0.8287
vn -0.1843 -0.0124 -0.9828
vn -0.7371 0.2575 -0.6248
vn -0.8756 0.3423 -0.3408
vn -0.8756 0.1551 -0.4574
vn -0.8567 -0.0060 -0.5157
vn -0.7096 0.0841 -0.6996
vn -0.8367 -0.1188 -0.5346
vn -0.6964 -0.1031 -0.7102
vn -0.7701 -0.2152 -0.6006
vn -0.6297 -0.2920 -0.7198
vn -0.7346 -0.4823 -0.4773
vn -0.6027 -0.3688 -0.7077
vn -0.5569 0.0553 -0.8287
vn -0.3897 -0.1501 -0.9086
vn -0.5806 -0.2623 -0.7707
vn -0.9216 -0.1477 -0.3591
vn -0.9584 -0.0623 -0.2785
vn -0.9877 0.1177 -0.1033
vn -0.9437 -0.1213 -0.3077
vn -0.9396 -0.2789 -0.1986
vn -0.8604 -0.2301 -0.4548
vn -0.8934 -0.4095 -0.1848
vn -0.8028 -0.3149 -0.5062
vn -0.9759 -0.0278 -0.2165
vn -0.7689 -0.3193 -0.5540
vn -0.5689 -0.1032 -0.8159
vn -0.9700 0.2012 0.1367
vn -0.9893 0.1143 0.0911
vn -0.9164 -0.3416 0.2088
vn -0.9671 -0.1881 -0.1715
vn -0.9691 -0.0252 -0.2453
vn -0.9671 -0.2190 -0.1294
vn -0.9759 -0.0278 -0.2166
vn -0.9988 -0.0212 -0.0441
vn -0.8303 0.0301 -0.5565
vn -0.8914 -0.3377 0.3023
vn -0.9203 -0.1937 0.3399
vn -0.9639 0.0577 0.2600
vn 0.5069 0.5620 -0.6536
vn 0.3590 0.4091 -0.8389
vn 0.3091 0.1000 -0.9458
vn 0.0101 -0.0790 -0.9968
vn 0.2424 -0.0815 -0.9667
vn 0.2028 -0.2789 -0.9387
vn 0.2821 -0.4217 -0.8617
vn 0.1156 -0.3466 -0.9309
vn 0.4936 -0.0569 -0.8678
vn 0.4470 -0.2570 -0.8568
vn -0.2099 -0.2751 -0.9382
vn 0.2892 -0.1876 -0.9387
vn 0.7256 -0.3944 -0.5639
vn 0.7645 -0.0856 -0.6389
vn 0.3467 0.0262 -0.9376
vn 0.5168 0.0950 -0.8508
vn 0.5873 0.3454 -0.7319
vn 0.8569 0.2628 -0.4435
vn 0.7259 0.3584 -0.5871
vn 0.8486 0.4181 -0.3240
vn 0.5069 0.5620 -0.6537
vn 0.5874 0.3454 -0.7319
vn 0.8680 0.0042 -0.4965
vn 0.7061 0.0759 -0.7040
vn 0.8389 -0.1213 -0.5305
vn 0.6936 -0.0940 -0.7142
vn 0.7896 -0.2179 -0.5737
vn 0.6596 -0.2993 -0.6895
vn 0.7481 -0.5191 -0.4135
vn 0.5561 -0.4323 -0.7098
vn 0.2183 -0.2120 -0.9526
vn 0.4877 -0.3628 -0.7941
vn 0.8390 -0.1213 -0.5305
vn 0.9222 -0.1450 -0.3585
vn 0.9588 -0.0389 -0.2813
vn 0.9629 0.1988 -0.1822
vn 0.9764 -0.1925 -0.0981
vn 0.9396 -0.2789 -0.1986
vn 0.8604 -0.2301 -0.4548
vn 0.8934 -0.4095 -0.1848
vn 0.8028 -0.3149 -0.5062
vn 0.9924 -0.1210 -0.0243
vn 0.5689 -0.1032 -0.8159
vn 0.7689 -0.3193 -0.5540
vn 0.9937 0.0358 0.1058
vn 0.9280 0.3272 0.1783
vn 0.9851 -0.0665 -0.1583
vn 0.9764 -0.1287 -0.1734
vn 0.9842 0.1183 -0.1315
vn 0.9782 -0.1666 -0.1240
vn 0.9963 0.0861 0.0035
vn 0.9604 -0.0242 0.2777
vn 0.4376 0.3279 -0.8373
vn 0.5072 0.1417 -0.8501
vn 0.1331 0.1287 -0.9827
vn 0.4506 -0.0760 -0.8895
vn 0.7729 -0.1171 -0.6236
vn 0.7801 0.0817 -0.6203
vn 0.5061 -0.0978 -0.8569
vn 0.8414 -0.2125 -0.4969
vn 0.8965 -0.0395 -0.4412
vn 0.6163 0.1182 -0.7786
vn 0.6183 0.2315 -0.7511
vn 0.0455 -0.0419 -0.9981
vn -0.0286 0.0213 -0.9994
vn 0.1450 0.2218 -0.9642
vn 0.6200 0.3157 -0.7183
vn -0.2416 0.2796 -0.9292
vn -0.1309 0.1202 -0.9841
vn -0.4211 0.0629 -0.9048
vn -0.4699 -0.0988 -0.8772
vn -0.0987 -0.0937 -0.9907
vn 0.2124 0.1133 -0.9706
vn 0.2992 -0.0927 -0.9497
vn 0.0575 -0.0405 -0.9975
vn 0.4464 -0.0010 -0.8948
vn 0.0401 0.0968 -0.9945
vn -0.3982 -0.1078 -0.9109
vn -0.0789 0.2898 -0.9538
vn 0.4730 0.7636 -0.4396
vn 0.7785 0.5453 -0.3107
vn 0.5755 0.4118 -0.7065
vn 0.8597 0.2577 -0.4410
vn 0.5786 0.2558 -0.7744
vn 0.8552 0.2578 -0.4496
vn 0.5264 0.1841 -0.8301
vn 0.8216 0.3072 -0.4802
vn 0.4400 0.1348 -0.8878
vn 0.7372 0.4149 -0.5333
vn 0.4571 0.8754 -0.1570
vn 0.2452 0.5118 -0.8233
vn 0.1405 0.8228 -0.5506
vn 0.2350 0.2263 -0.9453
vn 0.1718 0.0560 -0.9835
vn 0.2402 0.9352 -0.2603
vn 0.4533 0.2321 -0.8606
vn 0.0889 -0.1130 -0.9896
vn -0.0745 0.5446 -0.8354
vn -0.3922 0.4798 -0.7848
vn -0.0889 0.8020 -0.5907
vn -0.3630 0.7717 -0.5222
vn -0.2159 0.9246 -0.3137
vn -0.7022 0.3463 -0.6221
vn -0.6296 0.6332 -0.4501
vn -0.3957 0.8785 -0.2675
vn -0.1072 0.3672 -0.9239
vn -0.4274 0.2729 -0.8619
vn -0.1732 0.2305 -0.9575
vn -0.4468 0.1573 -0.8807
vn -0.2361 0.2175 -0.9471
vn -0.2288 0.2346 -0.9448
vn -0.6635 0.1224 -0.7381
vn -0.7007 0.2085 -0.6823
vn -0.6639 0.1513 -0.7323
vn -0.6721 0.1640 -0.7220
vn -0.6714 0.1791 -0.7191
vn -0.2422 0.2718 -0.9314
vn -0.8090 0.5357 -0.2421
vn -0.5623 0.6425 -0.5207
vn -0.8748 0.2350 -0.4238
vn -0.6373 0.3548 -0.6841
vn -0.8351 0.0888 -0.5429
vn -0.6107 0.2046 -0.7650
vn -0.8420 0.1512 -0.5178
vn -0.5583 0.3224 -0.7645
vn -0.7989 0.2651 -0.5399
vn -0.9689 -0.0362 -0.2448
vn -0.9841 0.1732 -0.0383
vn -0.9727 -0.0616 -0.2239
vn -0.7023 0.7084 -0.0703
vn -0.9245 0.3567 0.1343
vn -0.8432 0.5202 0.1356
vn -0.1187 0.8646 -0.4883
vn -0.2028 0.9437 -0.2614
vn 0.1942 0.8626 -0.4671
vn -0.2804 0.9287 -0.2428
vn -0.2713 0.8537 -0.4445
vn -0.0268 0.6448 -0.7639
vn 0.4267 0.5935 -0.6824
vn 0.0911 0.4133 -0.9060
vn 0.5358 0.3906 -0.7486
vn 0.5712 0.2579 -0.7793
vn 0.1367 0.2604 -0.9558
vn 0.1709 0.2685 -0.9480
vn 0.5470 0.3419 -0.7642
vn -0.3629 0.3543 -0.8618
vn -0.3629 0.5541 -0.7492
vn -0.3068 0.2225 -0.9254
vn 0.1622 0.3619 -0.9180
vn -0.2034 0.1632 -0.9654
vn 0.9480 0.3135 0.0552
vn 0.7937 0.6082 -0.0098
vn 0.8861 0.4004 0.2336
vn 0.9485 0.0060 0.3168
vn 0.9335 -0.1858 0.3068
vn 0.9997 0.0161 -0.0177
vn 0.8613 0.4513 -0.2334
vn 0.9291 0.1842 -0.3207
vn 0.9026 -0.0392 -0.4286
vn 0.9901 -0.0838 -0.1125
vn 0.9527 -0.1463 0.2664
vn 0.9741 -0.0575 -0.2187
vn 0.9775 0.0286 0.2088
vn 0.9552 0.2185 -0.1994
vn 0.9311 0.2611 0.2548
vn 0.7701 -0.1736 -0.6139
vn 0.9070 0.4138 -0.0779
vn 0.7864 0.0259 -0.6172
vn -0.9736 0.2126 -0.0830
vn -0.9725 -0.0569 -0.2260
vn -0.9934 -0.0455 0.1050
vn -0.9559 -0.2930 0.0204
vn -0.8607 0.2260 -0.4562
vn -0.8657 0.4486 -0.2223
vn -0.8815 0.4674 0.0670
vn -0.6851 0.7278 -0.0314
vn -0.6493 0.7347 0.1967
vn -0.9477 0.0494 0.3153
vn -0.7362 0.6223 0.2662
vn -0.9546 -0.1521 -0.2563
vn -0.9432 -0.0930 -0.3189
vn -0.9846 -0.0329 -0.1719
vn -0.8850 -0.1646 0.4356
vn -0.9656 0.1559 0.2080
vn -0.7605 -0.3894 0.5196
vn -0.9967 0.0814 0.0010
vn -0.9197 0.3694 -0.1331
vn -0.9103 0.4114 0.0459
vn -0.9350 0.2434 0.2578
vn -0.9079 0.2847 0.3077
vn -0.7791 0.2989 -0.5510
vn -0.9134 -0.0031 0.4072
vn -0.9063 0.1478 0.3960
vn -0.9019 0.1426 -0.4076
vn -0.7819 0.2221 -0.5825
vn -0.7728 0.0816 -0.6293
vn -0.6313 0.6798 0.3732
vn -0.8432 0.4447 0.3020
vn -0.8005 0.4667 0.3759
vn -0.7099 0.6777 0.1920
vn -0.4716 0.8614 0.1885
vn -0.3981 0.8386 0.3720
vn -0.5679 0.8159 -0.1087
vn -0.7608 0.6433 -0.0856
vn -0.8767 0.4456 0.1814
vn -0.9091 0.4136 -0.0497
vn -0.9257 0.2712 -0.2636
vn -0.7868 0.5157 -0.3391
vn -0.5926 0.7183 -0.3646
vn -0.5994 0.6537 0.4619
vn -0.7152 0.5959 -0.3652
vn -0.7825 0.4993 -0.3720
vn -0.7562 0.6222 -0.2023
vn 0.7872 0.5379 -0.3017
vn 0.4791 0.4511 -0.7530
vn 0.8619 0.4372 -0.2570
vn 0.6089 0.4472 -0.6552
vn 0.6363 0.6585 -0.4019
vn 0.8075 0.5735 -0.1381
vn 0.7427 0.6632 -0.0927
vn 0.5495 0.7831 -0.2911
vn 0.9152 0.3249 0.2384
vn 0.9729 0.1993 0.1174
vn 0.9166 0.3794 0.1260
vn 0.8677 0.4657 0.1739
vn 0.7758 0.5044 0.3791
vn 0.6924 0.6854 -0.2253
vn 0.6488 0.7442 -0.1588
vn 0.3909 0.5430 -0.7432
vn 0.6065 0.5525 0.5718
vn 0.7551 0.3099 0.5777
vn 0.4632 0.7930 0.3957
vn 0.7401 0.5642 0.3659
vn 0.6557 0.3031 0.6915
vn 0.7299 0.0312 0.6828
vn 0.8145 -0.1633 0.5567
vn 0.9193 0.1442 0.3661
vn 0.8513 -0.3001 0.4304
vn 0.9861 0.0417 0.1610
vn 0.8180 -0.2983 0.4919
vn 0.9698 0.0856 0.2282
vn 0.9081 0.2193 0.3567
vn 0.9170 0.3986 0.0157
vn 0.9182 0.3445 -0.1955
vn 0.9077 0.4044 -0.1123
vn -0.4786 0.5177 -0.7092
vn -0.0915 0.4435 -0.8916
vn -0.4800 0.5898 -0.6494
vn -0.4656 0.6414 -0.6098
vn -0.7884 0.4422 -0.4276
vn -0.7686 0.5185 -0.3747
vn -0.3057 0.8922 -0.3324
vn -0.6687 0.7313 -0.1344
vn -0.1175 0.6795 -0.7242
vn -0.2291 0.9733 -0.0110
vn 0.0958 0.9827 -0.1583
vn 0.2590 0.9512 0.1680
vn -0.1102 0.9629 0.2463
vn -0.5643 0.8177 0.1137
vn -0.4989 0.8244 0.2676
vn -0.3840 0.8363 0.3912
vn 0.0367 0.9230 0.3830
vn 0.0131 0.8905 -0.4548
vn 0.2864 0.9082 0.3053
vn 0.3436 0.9260 -0.1565
vn 0.0226 0.9581 -0.2857
vn 0.2017 0.9741 0.1027
vn -0.1217 0.9925 -0.0070
vn 0.1904 0.8170 -0.5443
vn 0.5338 0.7573 -0.3762
vn 0.3365 0.6287 -0.7011
vn 0.6492 0.5710 -0.5025
vn -0.2700 0.9000 0.3422
vn 0.0961 0.9028 0.4192
vn 0.5562 0.8051 0.2061
vn 0.6773 0.7356 0.0101
vn 0.8065 0.5744 -0.1402
vn 0.8711 0.4409 -0.2164
vn -0.3113 0.7910 0.5267
vn 0.0187 0.8332 0.5526
vn 0.2796 0.9180 0.2814
vn 0.4451 0.8172 0.3661
vn 0.4025 0.4786 -0.7803
vn 0.6828 0.4625 -0.5656
vn 0.3977 0.4968 -0.7714
vn 0.5811 0.5770 -0.5739
vn 0.7888 0.5150 -0.3355
vn 0.8944 0.3827 -0.2316
vn 0.5057 0.7039 -0.4989
vn -0.9805 -0.1588 0.1158
vn -0.9477 0.2989 0.1123
vn -0.9741 -0.0768 0.2125
vn -0.8704 0.4251 0.2483
vn -0.5534 0.8168 0.1629
vn -0.8323 0.3818 0.4018
vn -0.6992 0.7141 0.0338
vn -0.7946 0.5983 0.1028
vn -0.9516 0.1645 0.2595
vn -0.8362 0.4333 0.3363
vn -0.9424 -0.2510 0.2213
vn -0.8883 0.1251 0.4419
vn 0.9949 -0.0570 -0.0835
vn 0.9204 -0.3203 -0.2243
vn 0.9460 0.2154 -0.2421
vn 0.9578 0.1476 -0.2465
vn 0.7958 -0.3895 -0.4637
vn 0.8804 0.2748 -0.3864
vn 0.6643 -0.7014 -0.2584
vn 0.6560 -0.7341 -0.1756
vn 0.3844 -0.8496 -0.3610
vn 0.6765 -0.3127 -0.6668
vn 0.9371 -0.3421 -0.0697
vn 0.1245 -0.0150 0.9921
vn -0.0521 -0.3679 0.9284
vn 0.1060 0.0682 0.9920
vn 0.4075 0.2929 0.8650
vn 0.4103 0.2785 0.8684
vn 0.6516 0.2930 0.6997
vn 0.6108 0.4447 0.6551
vn 0.2330 0.8218 0.5200
vn 0.3913 0.8654 0.3129
vn 0.0638 0.5403 0.8391
vn -0.0785 -0.3338 0.9394
vn -0.2065 -0.5462 0.8118
vn 0.7940 0.4234 0.4363
vn 0.5944 0.8005 0.0767
vn 0.9269 0.3067 0.2165
vn 0.7443 0.6517 -0.1460
vn 0.8192 0.2362 0.5227
vn 0.9222 0.1456 0.3583
vn 0.9673 0.2380 0.0871
vn 0.7734 0.5827 -0.2497
vn 0.9599 0.2719 0.0689
vn 0.9015 -0.1660 0.3996
vn -0.0523 -0.3679 0.9284
vn 0.0107 0.4465 0.8947
vn 0.3297 0.2771 0.9025
vn 0.3153 -0.4156 0.8531
vn 0.6263 0.3555 0.6938
vn 0.5744 -0.2271 0.7864
vn 0.7908 0.3217 0.5207
vn 0.6516 0.2929 0.6997
vn 0.8191 0.2363 0.5227
vn 0.8857 0.2618 0.3834
vn 0.7217 -0.0999 0.6849
vn 0.8181 -0.0292 0.5744
vn 0.8596 -0.0356 0.5098
vn 0.9397 0.2484 0.2352
vn 0.9460 0.2704 0.1789
vn 0.8553 0.5062 -0.1106
vn 0.6883 0.1717 0.7048
vn 0.8421 -0.0082 0.5392
vn 0.7452 0.5054 0.4350
vn 0.9336 0.2599 0.2467
vn 0.5646 -0.3246 0.7588
vn 0.4761 -0.2809 0.8333
vn 0.5066 0.3088 0.8050
vn 0.3754 -0.0931 0.9222
vn 0.0992 0.4340 0.8954
vn 0.2786 0.6673 0.6908
vn -0.1336 0.3921 0.9102
vn 0.4898 0.6450 0.5865
vn 0.9957 0.0862 -0.0330
vn 0.9390 -0.1497 0.3095
vn 0.6906 -0.3783 0.6164
vn 0.9697 -0.1755 0.1699
vn 0.7832 -0.3930 0.4819
vn 0.9857 0.0555 -0.1588
vn 0.9938 -0.0643 0.0910
vn 0.8946 -0.2525 0.3687
vn 0.8658 -0.1681 0.4714
vn 0.6912 -0.3891 0.6090
vn 0.5407 -0.1982 0.8175
vn 0.6687 -0.3125 0.6747
vn 0.7825 0.3010 0.5451
vn 0.8968 0.2278 0.3792
vn 0.5255 0.3242 0.7866
vn 0.2423 -0.1513 0.9583
vn 0.1513 -0.7127 0.6849
vn 0.6677 -0.4255 0.6108
vn 0.0687 -0.6629 0.7455
vn -0.0874 -0.6136 0.7848
vn -0.1311 -0.1430 0.9810
vn -0.1859 -0.5021 0.8446
vn -0.2770 0.0052 0.9608
vn 0.0992 0.4339 0.8955
vn 0.4456 0.7630 0.4683
vn 0.6600 0.6441 0.3867
vn 0.3226 0.9149 0.2426
vn 0.5257 0.8426 0.1166
vn 0.7212 0.3159 0.6165
vn 0.8962 0.1782 0.4062
vn 0.8724 0.4533 0.1830
vn 0.9575 0.0431 0.2852
vn 0.9515 0.2942 0.0898
vn 0.9250 -0.0464 0.3771
vn 0.9687 0.1949 0.1539
vn 0.7532 0.6566 -0.0400
vn 0.8674 0.4865 -0.1048
vn 0.9228 0.3787 -0.0706
vn 0.9372 0.2390 0.2540
vn -0.2794 0.8240 0.4929
vn -0.4839 0.6274 0.6101
vn -0.2653 0.6084 0.7480
vn 0.0780 0.7863 0.6130
vn 0.1854 0.9133 0.3627
vn -0.4191 0.8185 0.3930
vn 0.0637 0.9616 0.2669
vn 0.4385 0.8835 0.1649
vn 0.6733 0.6780 0.2950
vn 0.4425 0.7779 0.4461
vn 0.5886 0.8080 -0.0276
vn 0.8581 0.4937 0.1412
vn 0.7245 0.6660 -0.1775
vn 0.9189 0.3905 0.0566
vn 0.7427 0.6611 -0.1062
vn 0.8960 0.3988 0.1953
vn 0.6947 0.7082 0.1261
vn 0.2766 0.9610 0.0050
vn 0.3497 0.9087 -0.2279
vn 0.4536 0.7925 -0.4077
vn 0.4310 0.8105 -0.3967
vn 0.5926 0.8052 -0.0206
vn 0.4864 0.8475 0.2128
vn -0.5748 0.7413 0.3465
vn -0.7994 0.5148 0.3097
vn -0.7113 0.5812 0.3953
vn -0.4282 0.7615 0.4865
vn 0.2053 0.8917 0.4033
vn -0.1177 0.9557 0.2696
vn 0.5315 0.8030 0.2697
vn 0.2778 0.9532 0.1197
vn -0.6214 0.7376 0.2642
vn -0.3739 0.9163 0.1433
vn 0.6957 0.7097 0.1111
vn 0.5043 0.8573 -0.1037
vn 0.6214 0.7440 -0.2456
vn 0.7490 0.6624 0.0147
vn 0.4284 0.8093 -0.4019
vn 0.4742 0.7999 -0.3678
vn 0.2648 0.9271 -0.2653
vn -0.0069 0.9987 -0.0497
vn 0.3870 0.7967 -0.4642
vn 0.2784 0.8718 -0.4031
vn -0.7628 0.6430 0.0688
vn -0.8074 0.5447 0.2266
vn -0.5357 0.8268 0.1719
vn -0.6546 0.6756 0.3393
vn -0.2406 0.9379 0.2499
vn -0.4680 0.7656 0.4415
vn -0.7476 0.4337 0.5030
vn -0.5738 0.5745 0.5836
vn -0.7194 0.3283 0.6121
vn -0.8184 0.2071 0.5360
vn -0.8622 0.3340 0.3808
vn -0.4198 0.9075 0.0171
vn -0.7558 0.6501 -0.0782
vn -0.0127 0.9963 0.0855
vn 0.0955 0.9925 0.0768
vn -0.4304 0.9026 0.0020
vn -0.4085 0.9084 0.0887
vn -0.8141 0.5670 -0.1257
vn -0.4182 0.5938 0.6874
vn -0.6038 0.4068 0.6855
vn -0.2174 0.4735 0.8535
vn 0.0125 0.7268 0.6867
vn -0.2933 0.8513 0.4351
vn 0.2180 0.8475 0.4840
vn 0.2885 0.8995 0.3280
vn -0.1835 0.9601 0.2111
vn -0.6865 0.6817 0.2531
vn -0.6045 0.7948 0.0531
vn 0.3151 0.9369 0.1516
vn -0.1066 0.9943 0.0074
vn 0.3985 0.9155 0.0552
vn -0.0151 0.9966 -0.0810
vn 0.4721 0.8584 0.2005
vn 0.0856 0.9960 0.0252
vn -0.4817 0.8677 -0.1229
vn -0.3723 0.9066 -0.1988
vn -0.7099 0.5620 0.4244
vn -0.2810 0.9460 -0.1615
vn 0.1034 0.9770 0.1863
vn -0.5993 -0.4437 0.6663
vn -0.3981 -0.7048 0.5872
vn -0.1679 -0.1361 0.9764
vn -0.0217 -0.3237 0.9459
vn -0.8042 -0.2236 0.5507
vn -0.4260 -0.0351 0.9040
vn 0.1357 0.2100 0.9682
vn 0.3849 0.2455 0.8897
vn 0.1460 -0.3241 0.9347
vn 0.3931 0.2444 0.8864
vn -0.8652 0.0270 0.5007
vn -0.5696 0.1879 0.8002
vn -0.1378 0.2710 0.9527
vn -0.8629 0.4208 0.2798
vn -0.6041 0.5952 0.5299
vn -0.6188 0.1514 0.7709
vn -0.0843 0.2676 0.9598
vn -0.2939 0.5448 0.7854
vn -0.9397 0.0632 0.3360
vn -0.9630 0.0760 0.2584
vn -0.9932 0.0080 0.1164
vn -0.0712 -0.3113 0.9476
vn -0.3462 -0.4998 0.7939
vn 0.0228 -0.4353 0.9000
vn -0.1685 -0.5708 0.8036
vn 0.3430 -0.2852 0.8950
vn -0.0492 -0.5553 0.8302
vn -0.4974 -0.3213 0.8059
vn -0.1900 -0.1152 0.9750
vn -0.6040 -0.0305 0.7964
vn -0.3011 0.1754 0.9373
vn 0.3431 0.4282 0.8360
vn 0.2448 0.6864 0.6848
vn -0.3687 0.4947 0.7870
vn 0.4656 0.2220 0.8567
vn 0.2773 -0.2247 0.9341
vn -0.6539 0.2753 0.7047
vn 0.5837 0.0969 0.8062
vn 0.6834 0.0631 0.7273
vn 0.7438 0.4725 0.4729
vn 0.8194 0.3412 0.4607
vn 0.8624 0.2739 0.4258
vn 0.8653 0.2495 0.4347
vn 0.7932 0.3043 0.5275
vn 0.6465 0.6660 0.3720
vn 0.4273 0.8914 -0.1509
vn 0.1471 0.9891 0.0015
vn -0.0760 0.7853 -0.6144
vn -0.3366 0.9387 0.0745
vn -0.6166 0.7799 0.1075
usemtl Default_OBJ.072
s 1
f 987/987/937 988/988/938 989/989/939
f 990/990/940 989/989/939 988/988/938
f 987/987/937 991/991/941 988/988/938
f 991/991/941 987/987/937 992/992/942
f 993/993/943 992/992/942 987/987/937
f 987/987/937 989/989/939 993/993/943
f 994/994/944 988/988/938 991/991/941
f 995/995/945 989/989/939 990/990/940
f 996/996/946 989/989/939 995/995/945
f 996/996/946 993/993/943 989/989/939
f 991/991/941 997/997/947 994/994/944
f 998/998/948 994/994/944 997/997/947
f 992/992/942 999/999/949 991/991/941
f 997/997/947 991/991/941 999/999/949
f 997/997/947 1000/1000/950 998/998/948
f 1001/1001/951 1000/1000/950 997/997/947
f 997/997/947 999/999/949 1001/1001/951
f 1002/1002/952 1003/1003/953 1004/1004/954
f 1005/1005/955 1004/1004/954 1003/1003/953
f 1002/1002/952 1006/1006/956 1003/1003/953
f 1006/1006/956 1002/1002/952 1007/1007/957
f 1008/1008/958 1007/1007/957 1002/1002/952
f 1002/1002/952 1004/1004/954 1008/1008/958
f 1009/1009/959 1003/1003/953 1006/1006/956
f 1010/1010/960 1004/1004/954 1005/1005/955
f 1011/1011/961 1004/1004/954 1010/1010/960
f 1011/1011/961 1008/1008/958 1004/1004/954
f 1006/1006/956 1012/1012/962 1009/1009/959
f 1013/1013/963 1009/1009/959 1012/1012/962
f 1007/1007/957 1014/1014/964 1006/1006/956
f 1012/1012/962 1006/1006/956 1014/1014/964
f 1012/1012/962 1015/1015/965 1013/1013/963
f 1016/1016/966 1015/1015/965 1012/1012/962
f 1012/1012/962 1014/1014/964 1016/1016/966
f 1017/1017/967 1018/1018/968 1019/1019/969
f 1020/1020/970 1019/1019/969 1018/1018/968
f 1020/1020/970 1018/1018/968 1021/1021/971
f 1022/1022/972 1021/1021/971 1018/1018/968
f 1020/1020/970 1021/1021/971 1023/1023/973
f 1019/1019/969 1020/1020/970 1023/1023/973
f 1018/1018/968 1017/1017/967 1024/1024/974
f 1018/1018/968 1024/1024/974 1022/1022/972
f 1025/1025/975 1024/1024/974 1017/1017/967
f 1024/1024/974 1025/1025/975 1026/1026/976
f 1027/1027/977 1026/1026/976 1025/1025/975
f 1026/1026/976 1028/1028/978 1024/1024/974
f 1029/1029/979 1024/1024/974 1028/1028/978
f 1029/1029/979 1022/1022/972 1024/1024/974
f 1027/1027/977 1030/1030/980 1026/1026/976
f 1026/1026/976 1031/1031/981 1028/1028/978
f 1030/1030/980 1031/1031/981 1026/1026/976
f 1032/1032/982 1028/1028/978 1031/1031/981
f 1033/1033/983 1034/1034/984 1035/1035/985
f 1033/1033/983 1036/1036/986 1034/1034/984
f 1037/1037/987 1034/1034/984 1036/1036/986
f 1036/1036/986 1038/1038/988 1037/1037/987
f 1039/1039/989 1037/1037/987 1038/1038/988
f 1038/1038/988 1040/1040/990 1039/1039/989
f 1040/1040/990 1041/1041/991 1039/1039/989
f 1042/1042/992 1043/1043/993 1044/1044/994
f 1045/1045/995 1044/1044/994 1043/1043/993
f 1044/1044/994 1046/1046/996 1042/1042/992
f 1047/1047/997 1042/1042/992 1046/1046/996
f 1045/1045/995 1048/1048/998 1044/1044/994
f 1042/1042/992 1047/1047/997 1049/1049/999
f 1050/1050/1000 1046/1046/996 1044/1044/994
f 1048/1048/998 1050/1050/1000 1044/1044/994
f 1043/1043/993 1042/1042/992 1051/1051/1001
f 1051/1051/1001 1042/1042/992 1049/1049/999
f 1052/1052/1002 1051/1051/1001 1049/1049/999
f 1053/1053/1003 1054/1054/1004 1055/1055/1005
f 1056/1056/1006 1055/1055/1005 1054/1054/1004
f 1053/1053/1003 1057/1057/1007 1054/1054/1004
f 1058/1058/1008 1054/1054/1004 1057/1057/1007
f 1057/1057/1007 1053/1053/1003 1059/1059/1009
f 1053/1053/1003 1055/1055/1005 1059/1059/1009
f 1054/1054/1004 1060/1060/1010 1056/1056/1006
f 1054/1054/1004 1058/1058/1008 1060/1060/1010
f 1061/1061/1011 1056/1056/1006 1060/1060/1010
f 1060/1060/1010 1062/1062/1012 1061/1061/1011
f 1063/1063/1013 1061/1061/1011 1062/1062/1012
f 1062/1062/1012 1060/1060/1010 1064/1064/1014
f 1065/1065/1015 1064/1064/1014 1060/1060/1010
f 1065/1065/1015 1060/1060/1010 1058/1058/1008
f 1066/1066/1016 1063/1063/1013 1062/1062/1012
f 1062/1062/1012 1064/1064/1014 1067/1067/1017
f 1067/1067/1017 1066/1066/1016 1062/1062/1012
f 1068/1068/1018 1067/1067/1017 1064/1064/1014
f 1069/1069/1019 1070/1070/1020 1071/1071/1021
f 1070/1070/1020 1069/1069/1019 1072/1072/1022
f 1073/1073/1023 1072/1072/1022 1069/1069/1019
f 1072/1072/1022 1073/1073/1023 1074/1074/1024
f 1075/1075/1025 1074/1074/1024 1073/1073/1023
f 1076/1076/1026 1074/1074/1024 1075/1075/1025
f 1077/1077/1027 1076/1076/1026 1075/1075/1025
f 1078/1078/1028 1079/1079/1029 1080/1080/1030
f 1081/1081/1031 1080/1080/1030 1079/1079/1029
f 1080/1080/1030 1081/1081/1031 1082/1082/1032
f 1083/1083/1033 1082/1082/1032 1081/1081/1031
f 1084/1084/1034 1078/1078/1028 1080/1080/1030
f 1083/1083/1033 1081/1081/1031 1085/1085/1035
f 1082/1082/1032 1086/1086/1036 1080/1080/1030
f 1086/1086/1036 1084/1084/1034 1080/1080/1030
f 1081/1081/1031 1079/1079/1029 1087/1087/1037
f 1081/1081/1031 1087/1087/1037 1085/1085/1035
f 1087/1087/1037 1088/1088/1038 1085/1085/1035
f 1089/1089/1039 1090/1090/1040 1091/1091/1041
f 1092/1092/1042 1091/1091/1041 1090/1090/1040
f 1092/1092/1042 1093/1093/1043 1091/1091/1041
f 1090/1090/1040 1089/1089/1039 1094/1094/1044
f 1095/1095/1045 1094/1094/1044 1089/1089/1039
f 1094/1094/1044 1095/1095/1045 1096/1096/1046
f 1097/1097/1047 1094/1094/1044 1096/1096/1046
f 1094/1094/1044 1097/1097/1047 1090/1090/1040
f 1098/1098/1048 1096/1096/1046 1095/1095/1045
f 1099/1099/1049 1096/1096/1046 1098/1098/1048
f 1099/1099/1049 1100/1100/1050 1096/1096/1046
f 1096/1096/1046 1100/1100/1050 1097/1097/1047
f 1090/1090/1040 1101/1101/1051 1092/1092/1042
f 1101/1101/1051 1090/1090/1040 1097/1097/1047
f 1097/1097/1047 1102/1102/1052 1101/1101/1051
f 1102/1102/1052 1097/1097/1047 1100/1100/1050
f 1103/1103/1053 1101/1101/1051 1102/1102/1052
f 1101/1101/1051 1103/1103/1053 1104/1104/1054
f 1104/1104/1054 1092/1092/1042 1101/1101/1051
f 1104/1104/1054 1093/1093/1043 1092/1092/1042
f 1105/1105/1055 1104/1104/1054 1103/1103/1053
f 1093/1093/1043 1104/1104/1054 1105/1105/1055
f 1106/1106/1056 1107/1107/1057 1108/1108/1058
f 1109/1109/1059 1108/1108/1058 1107/1107/1057
f 1106/1106/1056 1110/1110/1060 1107/1107/1057
f 1111/1111/1061 1107/1107/1057 1110/1110/1060
f 1110/1110/1060 1112/1112/1062 1111/1111/1061
f 1113/1113/1063 1111/1111/1061 1112/1112/1062
f 1111/1111/1061 1113/1113/1063 1114/1114/1064
f 1111/1111/1061 1114/1114/1064 1107/1107/1057
f 1115/1115/1065 1114/1114/1064 1113/1113/1063
f 1113/1113/1063 1116/1116/1066 1115/1115/1065
f 1117/1117/1067 1115/1115/1065 1116/1116/1066
f 1112/1112/1062 1118/1118/1068 1113/1113/1063
f 1116/1116/1066 1113/1113/1063 1118/1118/1068
f 1107/1107/1057 1119/1119/1069 1109/1109/1059
f 1119/1119/1069 1107/1107/1057 1114/1114/1064
f 1120/1120/1070 1109/1109/1059 1119/1119/1069
f 1116/1116/1066 1121/1121/1071 1117/1117/1067
f 1122/1122/1072 1117/1117/1067 1121/1121/1071
f 1123/1123/1073 1122/1122/1072 1121/1121/1071
f 1123/1123/1073 1121/1121/1071 1124/1124/1074
f 1121/1121/1071 1116/1116/1066 1124/1124/1074
f 1118/1118/1068 1124/1124/1074 1116/1116/1066
f 1109/1109/1059 1120/1120/1070 1125/1125/1075
f 1125/1125/1075 1126/1126/1076 1109/1109/1059
f 1125/1125/1075 1127/1127/1077 1126/1126/1076
f 1125/1125/1075 1128/1128/1078 1127/1127/1077
f 1128/1128/1078 1125/1125/1075 1120/1120/1070
f 1108/1108/1058 1109/1109/1059 1126/1126/1076
f 1129/1129/1079 1130/1130/1080 1131/1131/1081
f 1130/1130/1080 1132/1132/1082 1131/1131/1081
f 1133/1133/1083 1131/1131/1081 1132/1132/1082
f 1131/1131/1081 1133/1133/1083 1134/1134/1084
f 1135/1135/1085 1134/1134/1084 1133/1133/1083
f 1133/1133/1083 1136/1136/1086 1135/1135/1085
f 1137/1137/1087 1135/1135/1085 1136/1136/1086
f 1132/1132/1082 1138/1138/1088 1133/1133/1083
f 1136/1136/1086 1133/1133/1083 1138/1138/1088
f 1136/1136/1086 1139/1139/1089 1137/1137/1087
f 1140/1140/1090 1137/1137/1087 1139/1139/1089
f 1139/1139/1089 1136/1136/1086 1141/1141/1091
f 1138/1138/1088 1141/1141/1091 1136/1136/1086
f 1134/1134/1084 1142/1142/1092 1131/1131/1081
f 1142/1142/1092 1129/1129/1079 1131/1131/1081
f 1143/1143/1093 1129/1129/1079 1142/1142/1092
f 1144/1144/1094 1145/1145/1095 1146/1146/1096
f 1147/1147/1097 1146/1146/1096 1145/1145/1095
f 1145/1145/1095 1144/1144/1094 1148/1148/1098
f 1148/1148/1098 1149/1149/1099 1145/1145/1095
f 1150/1150/1100 1145/1145/1095 1149/1149/1099
f 1145/1145/1095 1150/1150/1100 1147/1147/1097
f 1151/1151/1101 1148/1148/1098 1144/1144/1094
f 1144/1144/1094 1152/1152/1102 1151/1151/1101
f 1153/1153/1103 1151/1151/1101 1152/1152/1102
f 1146/1146/1096 1154/1154/1104 1144/1144/1094
f 1152/1152/1102 1144/1144/1094 1154/1154/1104
f 1154/1154/1104 1155/1155/1105 1152/1152/1102
f 1156/1156/1106 1152/1152/1102 1155/1155/1105
f 1152/1152/1102 1156/1156/1106 1153/1153/1103
f 1156/1156/1106 1155/1155/1105 1157/1157/1107
f 1149/1149/1099 1158/1158/1108 1150/1150/1100
f 1159/1159/1109 1150/1150/1100 1158/1158/1108
f 1150/1150/1100 1159/1159/1109 1160/1160/1110
f 1160/1160/1110 1147/1147/1097 1150/1150/1100
f 1161/1161/1111 1160/1160/1110 1159/1159/1109
f 1162/1162/1112 1153/1153/1103 1156/1156/1106
f 1162/1162/1112 1156/1156/1106 1157/1157/1107
f 1163/1163/1113 1164/1164/1114 1165/1165/1115
f 1163/1163/1113 1166/1166/1116 1164/1164/1114
f 1167/1167/1117 1164/1164/1114 1166/1166/1116
f 1164/1164/1114 1167/1167/1117 1168/1168/1118
f 1165/1165/1115 1164/1164/1114 1168/1168/1118
f 1169/1169/1119 1168/1168/1118 1167/1167/1117
f 1166/1166/1116 1170/1170/1120 1167/1167/1117
f 1171/1171/1121 1167/1167/1117 1170/1170/1120
f 1167/1167/1117 1171/1171/1121 1169/1169/1119
f 1170/1170/1120 1172/1172/1122 1171/1171/1121
f 1173/1173/1123 1171/1171/1121 1172/1172/1122
f 1171/1171/1121 1173/1173/1123 1174/1174/1124
f 1174/1174/1124 1169/1169/1119 1171/1171/1121
f 1175/1175/1125 1174/1174/1124 1173/1173/1123
f 1173/1173/1123 1172/1172/1122 1176/1176/1126
f 1177/1177/1127 1173/1173/1123 1176/1176/1126
f 1178/1178/1128 1173/1173/1123 1177/1177/1127
f 1178/1178/1128 1175/1175/1125 1173/1173/1123
f 1179/1179/1129 1180/1180/1130 1181/1181/1131
f 1182/1182/1132 1181/1181/1131 1180/1180/1130
f 1181/1181/1131 1183/1183/1133 1179/1179/1129
f 1184/1184/1134 1179/1179/1129 1183/1183/1133
f 1183/1183/1133 1185/1185/1135 1184/1184/1134
f 1186/1186/1136 1184/1184/1134 1185/1185/1135
f 1184/1184/1134 1186/1186/1136 1187/1187/1137
f 1188/1188/1138 1187/1187/1137 1186/1186/1136
f 1186/1186/1136 1189/1189/1139 1188/1188/1138
f 1190/1190/1140 1188/1188/1138 1189/1189/1139
f 1187/1187/1137 1191/1191/1141 1184/1184/1134
f 1179/1179/1129 1184/1184/1134 1191/1191/1141
f 1189/1189/1139 1186/1186/1136 1192/1192/1142
f 1185/1185/1135 1192/1192/1142 1186/1186/1136
f 1180/1180/1130 1179/1179/1129 1193/1193/1143
f 1191/1191/1141 1193/1193/1143 1179/1179/1129
f 1182/1182/1132 1180/1180/1130 1194/1194/1144
f 1194/1194/1144 1180/1180/1130 1193/1193/1143
f 1195/1195/1145 1196/1196/1146 1197/1197/1147
f 1198/1198/1148 1197/1197/1147 1196/1196/1146
f 1197/1197/1147 1198/1198/1148 1199/1199/1149
f 1200/1200/1150 1199/1199/1149 1198/1198/1148
f 1195/1195/1145 1201/1201/1151 1196/1196/1146
f 1202/1202/1152 1196/1196/1146 1201/1201/1151
f 1201/1201/1151 1203/1203/1153 1202/1202/1152
f 1204/1204/1154 1202/1202/1152 1203/1203/1153
f 1204/1204/1154 1203/1203/1153 1205/1205/1155
f 1206/1206/1156 1205/1205/1155 1203/1203/1153
f 1207/1207/1157 1205/1205/1155 1206/1206/1156
f 1208/1208/1158 1198/1198/1148 1196/1196/1146
f 1205/1205/1155 1209/1209/1159 1204/1204/1154
f 1210/1210/1160 1204/1204/1154 1209/1209/1159
f 1208/1208/1158 1196/1196/1146 1211/1211/1161
f 1202/1202/1152 1211/1211/1161 1196/1196/1146
f 1210/1210/1160 1211/1211/1161 1204/1204/1154
f 1202/1202/1152 1204/1204/1154 1211/1211/1161
f 1209/1209/1159 1205/1205/1155 1212/1212/1162
f 1212/1212/1162 1205/1205/1155 1207/1207/1157
f 1210/1210/1160 1209/1209/1159 1213/1213/1163
f 1210/1210/1160 1213/1213/1163 1211/1211/1161
f 1214/1214/1164 1213/1213/1163 1209/1209/1159
f 1214/1214/1164 1209/1209/1159 1212/1212/1162
f 1211/1211/1161 1215/1215/1165 1208/1208/1158
f 1215/1215/1165 1211/1211/1161 1213/1213/1163
f 1216/1216/1166 1208/1208/1158 1215/1215/1165
f 1208/1208/1158 1216/1216/1166 1198/1198/1148
f 1200/1200/1150 1198/1198/1148 1216/1216/1166
f 1217/1217/1167 1218/1218/1168 1219/1219/1169
f 1218/1218/1168 1220/1220/1170 1219/1219/1169
f 1221/1221/1171 1219/1219/1169 1220/1220/1170
f 1218/1218/1168 1222/1222/1172 1220/1220/1170
f 1223/1223/1173 1222/1222/1172 1218/1218/1168
f 1224/1224/1174 1220/1220/1170 1222/1222/1172
f 1220/1220/1170 1224/1224/1174 1225/1225/1175
f 1226/1226/1176 1225/1225/1175 1224/1224/1174
f 1225/1225/1175 1227/1227/1177 1220/1220/1170
f 1221/1221/1171 1220/1220/1170 1227/1227/1177
f 1228/1228/1178 1227/1227/1177 1225/1225/1175
f 1228/1228/1178 1225/1225/1175 1226/1226/1176
f 1229/1229/1179 1230/1230/1180 1231/1231/1181
f 1230/1230/1180 1232/1232/1182 1231/1231/1181
f 1233/1233/1183 1231/1231/1181 1232/1232/1182
f 1233/1233/1183 1232/1232/1182 1234/1234/1184
f 1232/1232/1182 1230/1230/1180 1235/1235/1185
f 1236/1236/1186 1235/1235/1185 1230/1230/1180
f 1237/1237/1187 1236/1236/1186 1230/1230/1180
f 1235/1235/1185 1238/1238/1188 1232/1232/1182
f 1232/1232/1182 1238/1238/1188 1234/1234/1184
f 1238/1238/1188 1239/1239/1189 1234/1234/1184
f 1240/1240/1190 1241/1241/1191 1242/1242/1192
f 1243/1243/1193 1242/1242/1192 1241/1241/1191
f 1243/1243/1193 1244/1244/1194 1242/1242/1192
f 1245/1245/1195 1242/1242/1192 1244/1244/1194
f 1242/1242/1192 1246/1246/1196 1240/1240/1190
f 1247/1247/1197 1240/1240/1190 1246/1246/1196
f 1246/1246/1196 1242/1242/1192 1248/1248/1198
f 1245/1245/1195 1248/1248/1198 1242/1242/1192
f 1245/1245/1195 1249/1249/1199 1248/1248/1198
f 1250/1250/1200 1248/1248/1198 1249/1249/1199
f 1249/1249/1199 1251/1251/1201 1250/1250/1200
f 1251/1251/1201 1249/1249/1199 1252/1252/1202
f 1252/1252/1202 1253/1253/1203 1251/1251/1201
f 1254/1254/1204 1252/1252/1202 1249/1249/1199
f 1244/1244/1194 1254/1254/1204 1245/1245/1195
f 1249/1249/1199 1245/1245/1195 1254/1254/1204
f 1255/1255/1205 1250/1250/1200 1251/1251/1201
f 1251/1251/1201 1256/1256/1206 1255/1255/1205
f 1253/1253/1203 1256/1256/1206 1251/1251/1201
f 1241/1241/1191 1240/1240/1190 1257/1257/1207
f 1258/1258/1208 1257/1257/1207 1240/1240/1190
f 1240/1240/1190 1247/1247/1197 1258/1258/1208
f 1259/1259/1209 1258/1258/1208 1247/1247/1197
f 1259/1259/1209 1260/1260/1210 1258/1258/1208
f 1261/1261/1211 1258/1258/1208 1260/1260/1210
f 1262/1262/1212 1261/1261/1211 1260/1260/1210
f 1263/1263/1213 1261/1261/1211 1262/1262/1212
f 1261/1261/1211 1263/1263/1213 1258/1258/1208
f 1257/1257/1207 1258/1258/1208 1263/1263/1213
f 1264/1264/1214 1265/1265/1215 1266/1266/1216
f 1265/1265/1215 1267/1267/1217 1266/1266/1216
f 1268/1268/1218 1266/1266/1216 1267/1267/1217
f 1265/1265/1215 1269/1269/1219 1267/1267/1217
f 1270/1270/1220 1269/1269/1219 1265/1265/1215
f 1271/1271/1221 1267/1267/1217 1269/1269/1219
f 1267/1267/1217 1271/1271/1221 1272/1272/1222
f 1267/1267/1217 1272/1272/1222 1268/1268/1218
f 1273/1273/1223 1272/1272/1222 1271/1271/1221
f 1273/1273/1223 1274/1274/1224 1272/1272/1222
f 1275/1275/1225 1272/1272/1222 1274/1274/1224
f 1276/1276/1226 1275/1275/1225 1274/1274/1224
f 1275/1275/1225 1277/1277/1227 1272/1272/1222
f 1278/1278/1228 1277/1277/1227 1275/1275/1225
f 1278/1278/1228 1275/1275/1225 1279/1279/1229
f 1280/1280/1230 1279/1279/1229 1275/1275/1225
f 1276/1276/1226 1280/1280/1230 1275/1275/1225
f 1281/1281/1231 1272/1272/1222 1277/1277/1227
f 1281/1281/1231 1268/1268/1218 1272/1272/1222
f 1282/1282/1232 1270/1270/1220 1265/1265/1215
f 1264/1264/1214 1282/1282/1232 1265/1265/1215
f 1283/1283/1233 1284/1284/1234 1285/1285/1235
f 1286/1286/1236 1285/1285/1235 1284/1284/1234
f 1285/1285/1235 1286/1286/1236 1287/1287/1237
f 1287/1287/1237 1288/1288/1238 1285/1285/1235
f 1289/1289/1239 1285/1285/1235 1288/1288/1238
f 1285/1285/1235 1289/1289/1239 1283/1283/1233
f 1290/1290/1240 1287/1287/1237 1286/1286/1236
f 1286/1286/1236 1291/1291/1241 1290/1290/1240
f 1289/1289/1239 1288/1288/1238 1292/1292/1242
f 1289/1289/1239 1292/1292/1242 1293/1293/1243
f 1293/1293/1243 1283/1283/1233 1289/1289/1239
f 1294/1294/1244 1293/1293/1243 1292/1292/1242
f 1295/1295/1245 1292/1292/1242 1288/1288/1238
f 1292/1292/1242 1295/1295/1245 1296/1296/1246
f 1297/1297/1247 1296/1296/1246 1295/1295/1245
f 1298/1298/1248 1296/1296/1246 1297/1297/1247
f 1294/1294/1244 1292/1292/1242 1299/1299/1249
f 1296/1296/1246 1299/1299/1249 1292/1292/1242
f 1299/1299/1249 1296/1296/1246 1298/1298/1248
f 1300/1300/1250 1291/1291/1241 1286/1286/1236
f 1284/1284/1234 1300/1300/1250 1286/1286/1236
f 1301/1301/1251 1302/1302/1252 1303/1303/1253
f 1302/1302/1252 1304/1304/1254 1303/1303/1253
f 1302/1302/1252 1305/1305/1255 1304/1304/1254
f 1301/1301/1251 1306/1306/1256 1302/1302/1252
f 1307/1307/1257 1302/1302/1252 1306/1306/1256
f 1302/1302/1252 1307/1307/1257 1305/1305/1255
f 1307/1307/1257 1306/1306/1256 1308/1308/1258
f 1309/1309/1259 1308/1308/1258 1306/1306/1256
f 1308/1308/1258 1309/1309/1259 1310/1310/1260
f 1311/1311/1261 1310/1310/1260 1309/1309/1259
f 1310/1310/1260 1311/1311/1261 1312/1312/1262
f 1313/1313/1263 1312/1312/1262 1311/1311/1261
f 1308/1308/1258 1310/1310/1260 1314/1314/1264
f 1315/1315/1265 1314/1314/1264 1310/1310/1260
f 1312/1312/1262 1313/1313/1263 1316/1316/1266
f 1316/1316/1266 1317/1317/1267 1312/1312/1262
f 1318/1318/1268 1312/1312/1262 1317/1317/1267
f 1312/1312/1262 1318/1318/1268 1310/1310/1260
f 1315/1315/1265 1310/1310/1260 1318/1318/1268
f 1319/1319/1269 1316/1316/1266 1313/1313/1263
f 1314/1314/1264 1320/1320/1270 1308/1308/1258
f 1307/1307/1257 1308/1308/1258 1320/1320/1270
f 1320/1320/1270 1305/1305/1255 1307/1307/1257
f 1316/1316/1266 1319/1319/1269 1321/1321/1271
f 1316/1316/1266 1321/1321/1271 1317/1317/1267
f 1322/1322/1254 1323/1323/1272 1324/1324/1273
f 1323/1323/1272 1325/1325/1274 1324/1324/1273
f 1325/1325/1274 1323/1323/1272 1326/1326/1275
f 1327/1327/1276 1326/1326/1275 1323/1323/1272
f 1326/1326/1275 1327/1327/1276 1328/1328/1277
f 1329/1329/1278 1328/1328/1277 1327/1327/1276
f 1328/1328/1277 1329/1329/1278 1330/1330/1279
f 1331/1331/1280 1330/1330/1279 1329/1329/1278
f 1330/1330/1279 1331/1331/1280 1332/1332/1281
f 1333/1333/1282 1332/1332/1281 1331/1331/1280
f 1327/1327/1276 1334/1334/1283 1329/1329/1278
f 1327/1327/1276 1323/1323/1272 1334/1334/1283
f 1335/1335/1264 1329/1329/1278 1334/1334/1283
f 1329/1329/1278 1335/1335/1264 1331/1331/1280
f 1336/1336/1265 1331/1331/1280 1335/1335/1264
f 1331/1331/1280 1336/1336/1265 1333/1333/1282
f 1337/1337/1284 1333/1333/1282 1336/1336/1265
f 1333/1333/1282 1337/1337/1284 1338/1338/1285
f 1333/1333/1282 1338/1338/1285 1332/1332/1281
f 1339/1339/1255 1334/1334/1283 1323/1323/1272
f 1322/1322/1254 1339/1339/1255 1323/1323/1272
f 1340/1340/1277 1341/1341/1286 1342/1342/1275
f 1343/1343/1287 1342/1342/1275 1341/1341/1286
f 1342/1342/1275 1343/1343/1287 1344/1344/1274
f 1345/1345/1288 1344/1344/1274 1343/1343/1287
f 1341/1341/1286 1346/1346/1289 1343/1343/1287
f 1346/1346/1289 1341/1341/1286 1347/1347/1290
f 1348/1348/1291 1347/1347/1290 1341/1341/1286
f 1341/1341/1286 1340/1340/1277 1348/1348/1291
f 1347/1347/1290 1348/1348/1291 1349/1349/1292
f 1350/1350/1293 1349/1349/1292 1348/1348/1291
f 1351/1351/1294 1343/1343/1287 1346/1346/1289
f 1343/1343/1287 1351/1351/1294 1345/1345/1288
f 1352/1352/1279 1348/1348/1291 1340/1340/1277
f 1348/1348/1291 1352/1352/1279 1350/1350/1293
f 1350/1350/1293 1353/1353/1295 1349/1349/1292
f 1350/1350/1293 1354/1354/1296 1353/1353/1295
f 1354/1354/1296 1350/1350/1293 1352/1352/1279
f 1355/1355/1273 1344/1344/1274 1345/1345/1288
f 1345/1345/1288 1356/1356/1297 1355/1355/1273
f 1345/1345/1288 1357/1357/1298 1356/1356/1297
f 1357/1357/1298 1345/1345/1288 1351/1351/1294
f 1358/1358/1299 1359/1359/1300 1360/1360/1301
f 1359/1359/1300 1358/1358/1299 1361/1361/1302
f 1361/1361/1302 1362/1362/1289 1359/1359/1300
f 1362/1362/1289 1361/1361/1302 1363/1363/1303
f 1364/1364/1304 1363/1363/1303 1361/1361/1302
f 1365/1365/1305 1359/1359/1300 1362/1362/1289
f 1359/1359/1300 1365/1365/1305 1360/1360/1301
f 1361/1361/1302 1366/1366/1306 1364/1364/1304
f 1366/1366/1306 1361/1361/1302 1358/1358/1299
f 1367/1367/1307 1364/1364/1304 1366/1366/1306
f 1364/1364/1304 1367/1367/1307 1368/1368/1308
f 1363/1363/1303 1364/1364/1304 1369/1369/1298
f 1364/1364/1304 1368/1368/1308 1369/1369/1298
f 1369/1369/1298 1368/1368/1308 1370/1370/1297
f 1371/1371/1309 1372/1372/1310 1373/1373/1253
f 1372/1372/1310 1374/1374/1251 1373/1373/1253
f 1374/1374/1251 1372/1372/1310 1375/1375/1256
f 1376/1376/1311 1375/1375/1256 1372/1372/1310
f 1375/1375/1256 1376/1376/1311 1377/1377/1312
f 1378/1378/1313 1377/1377/1312 1376/1376/1311
f 1377/1377/1312 1378/1378/1313 1379/1379/1261
f 1380/1380/1314 1379/1379/1261 1378/1378/1313
f 1380/1380/1314 1381/1381/1315 1379/1379/1261
f 1382/1382/1316 1379/1379/1261 1381/1381/1315
f 1378/1378/1313 1383/1383/1317 1380/1380/1314
f 1384/1384/1318 1380/1380/1314 1383/1383/1317
f 1380/1380/1314 1384/1384/1318 1381/1381/1315
f 1382/1382/1316 1381/1381/1315 1385/1385/1319
f 1386/1386/1320 1385/1385/1319 1381/1381/1315
f 1381/1381/1315 1387/1387/1321 1386/1386/1320
f 1387/1387/1321 1381/1381/1315 1384/1384/1318
f 1388/1388/1322 1386/1386/1320 1387/1387/1321
f 1386/1386/1320 1389/1389/1323 1385/1385/1319
f 1386/1386/1320 1388/1388/1322 1389/1389/1323
f 1376/1376/1311 1390/1390/1324 1378/1378/1313
f 1383/1383/1317 1378/1378/1313 1390/1390/1324
f 1390/1390/1324 1376/1376/1311 1391/1391/1325
f 1372/1372/1310 1391/1391/1325 1376/1376/1311
f 1371/1371/1309 1391/1391/1325 1372/1372/1310
f 1392/1392/1326 1393/1393/1327 1394/1394/1328
f 1393/1393/1327 1395/1395/1329 1394/1394/1328
f 1393/1393/1327 1396/1396/1330 1395/1395/1329
f 1392/1392/1326 1397/1397/1331 1393/1393/1327
f 1398/1398/1332 1393/1393/1327 1397/1397/1331
f 1393/1393/1327 1398/1398/1332 1396/1396/1330
f 1397/1397/1331 1399/1399/1333 1398/1398/1332
f 1400/1400/1334 1398/1398/1332 1399/1399/1333
f 1399/1399/1333 1401/1401/1335 1400/1400/1334
f 1402/1402/1336 1400/1400/1334 1401/1401/1335
f 1401/1401/1335 1403/1403/1337 1402/1402/1336
f 1404/1404/1338 1402/1402/1336 1403/1403/1337
f 1398/1398/1332 1400/1400/1334 1405/1405/1324
f 1405/1405/1324 1396/1396/1330 1398/1398/1332
f 1406/1406/1317 1405/1405/1324 1400/1400/1334
f 1402/1402/1336 1407/1407/1318 1400/1400/1334
f 1406/1406/1317 1400/1400/1334 1407/1407/1318
f 1402/1402/1336 1404/1404/1338 1407/1407/1318
f 1408/1408/1339 1407/1407/1318 1404/1404/1338
f 1403/1403/1337 1409/1409/1340 1404/1404/1338
f 1404/1404/1338 1409/1409/1340 1408/1408/1339
f 1410/1410/1341 1411/1411/1331 1412/1412/1342
f 1413/1413/1343 1412/1412/1342 1411/1411/1331
f 1411/1411/1331 1414/1414/1326 1413/1413/1343
f 1415/1415/1344 1413/1413/1343 1414/1414/1326
f 1412/1412/1342 1413/1413/1343 1416/1416/1345
f 1416/1416/1345 1417/1417/1346 1412/1412/1342
f 1418/1418/1347 1412/1412/1342 1417/1417/1346
f 1412/1412/1342 1418/1418/1347 1410/1410/1341
f 1417/1417/1346 1419/1419/1348 1418/1418/1347
f 1420/1420/1349 1418/1418/1347 1419/1419/1348
f 1421/1421/1350 1416/1416/1345 1413/1413/1343
f 1413/1413/1343 1415/1415/1344 1421/1421/1350
f 1422/1422/1335 1410/1410/1341 1418/1418/1347
f 1418/1418/1347 1420/1420/1349 1422/1422/1335
f 1423/1423/1351 1422/1422/1335 1420/1420/1349
f 1419/1419/1348 1424/1424/1352 1420/1420/1349
f 1420/1420/1349 1424/1424/1352 1423/1423/1351
f 1425/1425/1353 1421/1421/1350 1415/1415/1344
f 1426/1426/1328 1415/1415/1344 1414/1414/1326
f 1426/1426/1328 1427/1427/1354 1415/1415/1344
f 1427/1427/1354 1425/1425/1353 1415/1415/1344
f 1428/1428/1355 1429/1429/1356 1430/1430/1357
f 1428/1428/1355 1431/1431/1345 1429/1429/1356
f 1432/1432/1358 1429/1429/1356 1431/1431/1345
f 1431/1431/1345 1433/1433/1350 1432/1432/1358
f 1434/1434/1359 1432/1432/1358 1433/1433/1350
f 1433/1433/1350 1435/1435/1353 1434/1434/1359
f 1436/1436/1360 1434/1434/1359 1435/1435/1353
f 1436/1436/1360 1435/1435/1353 1437/1437/1354
f 1438/1438/1361 1439/1439/1362 1440/1440/1363
f 1439/1439/1362 1441/1441/1364 1440/1440/1363
f 1441/1441/1364 1439/1439/1362 1442/1442/1365
f 1443/1443/1366 1442/1442/1365 1439/1439/1362
f 1441/1441/1364 1442/1442/1365 1444/1444/1367
f 1445/1445/1368 1444/1444/1367 1442/1442/1365
f 1445/1445/1368 1446/1446/1369 1444/1444/1367
f 1447/1447/1370 1444/1444/1367 1446/1446/1369
f 1448/1448/1371 1447/1447/1370 1446/1446/1369
f 1449/1449/1372 1440/1440/1363 1441/1441/1364
f 1444/1444/1367 1450/1450/1373 1441/1441/1364
f 1449/1449/1372 1441/1441/1364 1450/1450/1373
f 1447/1447/1370 1451/1451/1374 1444/1444/1367
f 1450/1450/1373 1444/1444/1367 1451/1451/1374
f 1451/1451/1374 1447/1447/1370 1448/1448/1371
f 1452/1452/1375 1439/1439/1362 1438/1438/1361
f 1443/1443/1366 1439/1439/1362 1452/1452/1375
f 1453/1453/1376 1454/1454/1377 1455/1455/1378
f 1455/1455/1378 1454/1454/1377 1456/1456/1379
f 1457/1457/1380 1456/1456/1379 1454/1454/1377
f 1454/1454/1377 1458/1458/1381 1457/1457/1380
f 1459/1459/1382 1457/1457/1380 1458/1458/1381
f 1457/1457/1380 1459/1459/1382 1460/1460/1383
f 1461/1461/1384 1460/1460/1383 1459/1459/1382
f 1462/1462/1385 1460/1460/1383 1461/1461/1384
f 1460/1460/1383 1463/1463/1386 1457/1457/1380
f 1456/1456/1379 1457/1457/1380 1463/1463/1386
f 1463/1463/1386 1460/1460/1383 1462/1462/1385
f 1458/1458/1381 1454/1454/1377 1464/1464/1387
f 1464/1464/1387 1454/1454/1377 1453/1453/1376
f 1465/1465/1388 1466/1466/1389 1467/1467/1390
f 1468/1468/1391 1467/1467/1390 1466/1466/1389
f 1467/1467/1390 1468/1468/1391 1469/1469/1392
f 1470/1470/1393 1469/1469/1392 1468/1468/1391
f 1469/1469/1392 1470/1470/1393 1471/1471/1394
f 1472/1472/1395 1471/1471/1394 1470/1470/1393
f 1471/1471/1394 1472/1472/1395 1473/1473/1396
f 1474/1474/1397 1473/1473/1396 1472/1472/1395
f 1465/1465/1388 1475/1475/1398 1466/1466/1389
f 1467/1467/1390 1476/1476/1399 1465/1465/1388
f 1477/1477/1400 1465/1465/1388 1476/1476/1399
f 1469/1469/1392 1478/1478/1401 1467/1467/1390
f 1476/1476/1399 1467/1467/1390 1478/1478/1401
f 1471/1471/1394 1479/1479/1402 1469/1469/1392
f 1478/1478/1401 1469/1469/1392 1479/1479/1402
f 1480/1480/1403 1475/1475/1398 1465/1465/1388
f 1477/1477/1400 1480/1480/1403 1465/1465/1388
f 1481/1481/1404 1473/1473/1396 1474/1474/1397
f 1482/1482/1405 1473/1473/1396 1481/1481/1404
f 1479/1479/1402 1471/1471/1394 1482/1482/1405
f 1473/1473/1396 1482/1482/1405 1471/1471/1394
f 1483/1483/1406 1484/1484/1407 1485/1485/1408
f 1486/1486/1409 1485/1485/1408 1484/1484/1407
f 1486/1486/1409 1487/1487/1410 1485/1485/1408
f 1484/1484/1407 1488/1488/1411 1486/1486/1409
f 1489/1489/1412 1486/1486/1409 1488/1488/1411
f 1490/1490/1413 1487/1487/1410 1486/1486/1409
f 1489/1489/1412 1490/1490/1413 1486/1486/1409
f 1483/1483/1406 1491/1491/1414 1484/1484/1407
f 1492/1492/1415 1484/1484/1407 1491/1491/1414
f 1491/1491/1414 1493/1493/1416 1492/1492/1415
f 1494/1494/1417 1492/1492/1415 1493/1493/1416
f 1494/1494/1417 1493/1493/1416 1495/1495/1418
f 1496/1496/1419 1495/1495/1418 1493/1493/1416
f 1494/1494/1417 1497/1497/1420 1492/1492/1415
f 1498/1498/1421 1492/1492/1415 1497/1497/1420
f 1488/1488/1411 1484/1484/1407 1498/1498/1421
f 1492/1492/1415 1498/1498/1421 1484/1484/1407
f 1497/1497/1420 1494/1494/1417 1499/1499/1422
f 1500/1500/1423 1499/1499/1422 1494/1494/1417
f 1499/1499/1422 1500/1500/1423 1501/1501/1424
f 1502/1502/1425 1495/1495/1418 1496/1496/1419
f 1503/1503/1426 1504/1504/1427 1505/1505/1428
f 1506/1506/1429 1505/1505/1428 1504/1504/1427
f 1505/1505/1428 1506/1506/1429 1507/1507/1430
f 1508/1508/1431 1507/1507/1430 1506/1506/1429
f 1507/1507/1430 1508/1508/1431 1509/1509/1432
f 1510/1510/1433 1509/1509/1432 1508/1508/1431
f 1511/1511/1434 1509/1509/1432 1510/1510/1433
f 1507/1507/1430 1512/1512/1435 1505/1505/1428
f 1513/1513/1436 1505/1505/1428 1512/1512/1435
f 1513/1513/1436 1503/1503/1426 1505/1505/1428
f 1509/1509/1432 1514/1514/1437 1507/1507/1430
f 1512/1512/1435 1507/1507/1430 1514/1514/1437
f 1514/1514/1437 1509/1509/1432 1511/1511/1434
f 1503/1503/1426 1515/1515/1438 1504/1504/1427
f 1516/1516/1439 1503/1503/1426 1513/1513/1436
f 1516/1516/1439 1517/1517/1440 1503/1503/1426
f 1517/1517/1440 1515/1515/1438 1503/1503/1426
f 1518/1518/1441 1519/1519/1442 1520/1520/1443
f 1521/1521/1444 1519/1519/1442 1518/1518/1441
f 1522/1522/1445 1521/1521/1444 1518/1518/1441
f 1518/1518/1441 1520/1520/1443 1523/1523/1446
f 1524/1524/1447 1523/1523/1446 1520/1520/1443
f 1523/1523/1446 1524/1524/1447 1525/1525/1448
f 1526/1526/1449 1525/1525/1448 1524/1524/1447
f 1526/1526/1449 1527/1527/1450 1525/1525/1448
f 1528/1528/1451 1525/1525/1448 1527/1527/1450
f 1528/1528/1451 1527/1527/1450 1529/1529/1452
f 1530/1530/1453 1529/1529/1452 1527/1527/1450
f 1525/1525/1448 1531/1531/1454 1523/1523/1446
f 1532/1532/1455 1523/1523/1446 1531/1531/1454
f 1522/1522/1445 1518/1518/1441 1532/1532/1455
f 1523/1523/1446 1532/1532/1455 1518/1518/1441
f 1528/1528/1451 1533/1533/1456 1525/1525/1448
f 1531/1531/1454 1525/1525/1448 1533/1533/1456
f 1534/1534/1457 1529/1529/1452 1530/1530/1453
f 1535/1535/1458 1529/1529/1452 1534/1534/1457
f 1533/1533/1456 1528/1528/1451 1535/1535/1458
f 1529/1529/1452 1535/1535/1458 1528/1528/1451
f 1536/1536/1459 1537/1537/1460 1538/1538/1461
f 1539/1539/1462 1536/1536/1459 1538/1538/1461
f 1539/1539/1462 1540/1540/1463 1536/1536/1459
f 1541/1541/1464 1536/1536/1459 1540/1540/1463
f 1536/1536/1459 1541/1541/1464 1542/1542/1465
f 1542/1542/1465 1537/1537/1460 1536/1536/1459
f 1543/1543/1466 1542/1542/1465 1541/1541/1464
f 1543/1543/1466 1541/1541/1464 1544/1544/1467
f 1545/1545/1468 1544/1544/1467 1541/1541/1464
f 1545/1545/1468 1541/1541/1464 1546/1546/1469
f 1540/1540/1463 1546/1546/1469 1541/1541/1464
f 1545/1545/1468 1546/1546/1469 1547/1547/1470
f 1548/1548/1471 1547/1547/1470 1546/1546/1469
f 1547/1547/1470 1548/1548/1471 1549/1549/1472
f 1550/1550/1473 1549/1549/1472 1548/1548/1471
f 1547/1547/1470 1551/1551/1474 1545/1545/1468
f 1544/1544/1467 1545/1545/1468 1551/1551/1474
f 1552/1552/1475 1549/1549/1472 1550/1550/1473
f 1553/1553/1476 1549/1549/1472 1552/1552/1475
f 1551/1551/1474 1547/1547/1470 1553/1553/1476
f 1549/1549/1472 1553/1553/1476 1547/1547/1470
f 1554/1554/1477 1555/1555/1478 1556/1556/1479
f 1557/1557/1480 1556/1556/1479 1555/1555/1478
f 1555/1555/1478 1554/1554/1477 1558/1558/1481
f 1559/1559/1482 1558/1558/1481 1554/1554/1477
f 1554/1554/1477 1560/1560/1483 1559/1559/1482
f 1561/1561/1484 1559/1559/1482 1560/1560/1483
f 1560/1560/1483 1562/1562/1485 1561/1561/1484
f 1560/1560/1483 1554/1554/1477 1563/1563/1486
f 1556/1556/1479 1563/1563/1486 1554/1554/1477
f 1564/1564/1487 1562/1562/1485 1560/1560/1483
f 1563/1563/1486 1564/1564/1487 1560/1560/1483
f 1557/1557/1480 1555/1555/1478 1565/1565/1488
f 1555/1555/1478 1566/1566/1489 1565/1565/1488
f 1558/1558/1481 1566/1566/1489 1555/1555/1478
f 1565/1565/1488 1566/1566/1489 1567/1567/1490
f 1568/1568/1491 1569/1569/1492 1570/1570/1493
f 1571/1571/1494 1570/1570/1493 1569/1569/1492
f 1569/1569/1492 1572/1572/1495 1571/1571/1494
f 1572/1572/1495 1569/1569/1492 1573/1573/1496
f 1574/1574/1497 1573/1573/1496 1569/1569/1492
f 1569/1569/1492 1568/1568/1491 1574/1574/1497
f 1574/1574/1497 1575/1575/1498 1573/1573/1496
f 1576/1576/1499 1571/1571/1494 1572/1572/1495
f 1577/1577/1500 1574/1574/1497 1568/1568/1491
f 1578/1578/1501 1575/1575/1498 1574/1574/1497
f 1577/1577/1500 1578/1578/1501 1574/1574/1497
f 1570/1570/1493 1571/1571/1494 1579/1579/1502
f 1571/1571/1494 1580/1580/1503 1579/1579/1502
f 1576/1576/1499 1580/1580/1503 1571/1571/1494
f 1579/1579/1502 1580/1580/1503 1581/1581/1504
f 1582/1582/1505 1583/1583/1506 1584/1584/1507
f 1582/1582/1505 1585/1585/1508 1583/1583/1506
f 1585/1585/1508 1582/1582/1505 1586/1586/1509
f 1587/1587/1510 1586/1586/1509 1582/1582/1505
f 1586/1586/1509 1588/1588/1511 1585/1585/1508
f 1589/1589/1512 1585/1585/1508 1588/1588/1511
f 1585/1585/1508 1589/1589/1512 1590/1590/1513
f 1590/1590/1513 1583/1583/1506 1585/1585/1508
f 1591/1591/1514 1590/1590/1513 1589/1589/1512
f 1591/1591/1514 1589/1589/1512 1592/1592/1515
f 1593/1593/1516 1592/1592/1515 1589/1589/1512
f 1588/1588/1511 1594/1594/1517 1589/1589/1512
f 1593/1593/1516 1589/1589/1512 1594/1594/1517
f 1595/1595/1518 1582/1582/1505 1584/1584/1507
f 1587/1587/1510 1582/1582/1505 1595/1595/1518
f 1594/1594/1517 1596/1596/1519 1593/1593/1516
f 1593/1593/1516 1596/1596/1519 1597/1597/1520
f 1592/1592/1515 1593/1593/1516 1597/1597/1520
f 1597/1597/1520 1596/1596/1519 1598/1598/1521
f 1599/1599/1522 1600/1600/1523 1601/1601/1524
f 1602/1602/1525 1601/1601/1524 1600/1600/1523
f 1602/1602/1525 1603/1603/1526 1601/1601/1524
f 1604/1604/1527 1601/1601/1524 1603/1603/1526
f 1604/1604/1527 1603/1603/1526 1605/1605/1528
f 1606/1606/1529 1605/1605/1528 1603/1603/1526
f 1599/1599/1522 1601/1601/1524 1607/1607/1530
f 1608/1608/1531 1607/1607/1530 1601/1601/1524
f 1601/1601/1524 1604/1604/1527 1608/1608/1531
f 1604/1604/1527 1605/1605/1528 1609/1609/1532
f 1609/1609/1532 1608/1608/1531 1604/1604/1527
f 1610/1610/1533 1609/1609/1532 1605/1605/1528
f 1607/1607/1530 1611/1611/1534 1599/1599/1522
f 1612/1612/1535 1599/1599/1522 1611/1611/1534
f 1612/1612/1535 1611/1611/1534 1613/1613/1536
f 1614/1614/1537 1612/1612/1535 1613/1613/1536
f 1612/1612/1535 1614/1614/1537 1599/1599/1522
f 1600/1600/1523 1599/1599/1522 1614/1614/1537
f 1615/1615/1538 1616/1616/1539 1617/1617/1540
f 1618/1618/1541 1617/1617/1540 1616/1616/1539
f 1615/1615/1538 1619/1619/1542 1616/1616/1539
f 1620/1620/1543 1616/1616/1539 1619/1619/1542
f 1620/1620/1543 1621/1621/1544 1616/1616/1539
f 1622/1622/1545 1616/1616/1539 1621/1621/1544
f 1616/1616/1539 1622/1622/1545 1618/1618/1541
f 1621/1621/1544 1623/1623/1546 1622/1622/1545
f 1624/1624/1547 1622/1622/1545 1623/1623/1546
f 1623/1623/1546 1625/1625/1548 1624/1624/1547
f 1626/1626/1549 1624/1624/1547 1625/1625/1548
f 1627/1627/1550 1626/1626/1549 1625/1625/1548
f 1628/1628/1551 1618/1618/1541 1622/1622/1545
f 1622/1622/1545 1624/1624/1547 1628/1628/1551
f 1624/1624/1547 1626/1626/1549 1629/1629/1552
f 1629/1629/1552 1628/1628/1551 1624/1624/1547
f 1630/1630/1553 1629/1629/1552 1626/1626/1549
f 1630/1630/1553 1626/1626/1549 1627/1627/1550
f 1631/1631/1554 1632/1632/1555 1633/1633/1556
f 1631/1631/1554 1634/1634/1557 1632/1632/1555
f 1631/1631/1554 1635/1635/1558 1634/1634/1557
f 1635/1635/1558 1631/1631/1554 1633/1633/1556
f 1636/1636/1559 1634/1634/1557 1635/1635/1558
f 1634/1634/1557 1636/1636/1559 1637/1637/1560
f 1638/1638/1561 1637/1637/1560 1636/1636/1559
f 1639/1639/1562 1632/1632/1555 1634/1634/1557
f 1637/1637/1560 1638/1638/1561 1640/1640/1563
f 1640/1640/1563 1641/1641/1564 1637/1637/1560
f 1641/1641/1564 1640/1640/1563 1642/1642/1565
f 1643/1643/1566 1642/1642/1565 1640/1640/1563
f 1640/1640/1563 1644/1644/1567 1643/1643/1566
f 1644/1644/1567 1640/1640/1563 1638/1638/1561
f 1645/1645/1568 1643/1643/1566 1644/1644/1567
f 1645/1645/1568 1646/1646/1569 1643/1643/1566
f 1647/1647/1570 1643/1643/1566 1646/1646/1569
f 1643/1643/1566 1647/1647/1570 1642/1642/1565
f 1648/1648/1571 1637/1637/1560 1641/1641/1564
f 1637/1637/1560 1648/1648/1571 1634/1634/1557
f 1639/1639/1562 1634/1634/1557 1648/1648/1571
f 1649/1649/1572 1642/1642/1565 1647/1647/1570
f 1650/1650/1573 1651/1651/1574 1652/1652/1575
f 1653/1653/1576 1652/1652/1575 1651/1651/1574
f 1651/1651/1574 1650/1650/1573 1654/1654/1577
f 1655/1655/1578 1654/1654/1577 1650/1650/1573
f 1654/1654/1577 1655/1655/1578 1656/1656/1579
f 1657/1657/1580 1656/1656/1579 1655/1655/1578
f 1653/1653/1576 1658/1658/1581 1652/1652/1575
f 1659/1659/1582 1652/1652/1575 1658/1658/1581
f 1652/1652/1575 1660/1660/1583 1650/1650/1573
f 1652/1652/1575 1659/1659/1582 1660/1660/1583
f 1661/1661/1584 1650/1650/1573 1660/1660/1583
f 1650/1650/1573 1661/1661/1584 1655/1655/1578
f 1662/1662/1585 1655/1655/1578 1661/1661/1584
f 1657/1657/1580 1655/1655/1578 1663/1663/1586
f 1662/1662/1585 1663/1663/1586 1655/1655/1578
f 1658/1658/1581 1664/1664/1587 1659/1659/1582
f 1665/1665/1588 1659/1659/1582 1664/1664/1587
f 1665/1665/1588 1666/1666/1589 1659/1659/1582
f 1667/1667/1590 1659/1659/1582 1666/1666/1589
f 1667/1667/1590 1660/1660/1583 1659/1659/1582
f 1656/1656/1579 1657/1657/1580 1668/1668/1591
f 1669/1669/1592 1668/1668/1591 1657/1657/1580
f 1668/1668/1591 1669/1669/1592 1670/1670/1593
f 1671/1671/1594 1670/1670/1593 1669/1669/1592
f 1671/1671/1594 1669/1669/1592 1672/1672/1595
f 1673/1673/1596 1672/1672/1595 1669/1669/1592
f 1674/1674/1597 1670/1670/1593 1671/1671/1594
f 1674/1674/1597 1671/1671/1594 1672/1672/1595
f 1663/1663/1586 1673/1673/1596 1657/1657/1580
f 1669/1669/1592 1657/1657/1580 1673/1673/1596
f 1675/1675/1598 1676/1676/1599 1677/1677/1600
f 1678/1678/1601 1677/1677/1600 1676/1676/1599
f 1678/1678/1601 1676/1676/1599 1679/1679/1602
f 1678/1678/1601 1679/1679/1602 1680/1680/1603
f 1677/1677/1600 1678/1678/1601 1680/1680/1603
f 1681/1681/1604 1679/1679/1602 1676/1676/1599
f 1681/1681/1604 1676/1676/1599 1682/1682/1605
f 1683/1683/1606 1682/1682/1605 1676/1676/1599
f 1676/1676/1599 1675/1675/1598 1683/1683/1606
f 1683/1683/1606 1684/1684/1607 1682/1682/1605
f 1685/1685/1608 1683/1683/1606 1675/1675/1598
f 1686/1686/1609 1684/1684/1607 1683/1683/1606
f 1685/1685/1608 1686/1686/1609 1683/1683/1606
f 1687/1687/1610 1688/1688/1611 1689/1689/1612
f 1689/1689/1612 1688/1688/1611 1690/1690/1613
f 1688/1688/1611 1691/1691/1614 1690/1690/1613
f 1692/1692/1615 1690/1690/1613 1691/1691/1614
f 1688/1688/1611 1693/1693/1616 1691/1691/1614
f 1694/1694/1617 1693/1693/1616 1688/1688/1611
f 1695/1695/1618 1691/1691/1614 1693/1693/1616
f 1691/1691/1614 1696/1696/1619 1692/1692/1615
f 1695/1695/1618 1696/1696/1619 1691/1691/1614
f 1697/1697/1620 1688/1688/1611 1687/1687/1610
f 1694/1694/1617 1688/1688/1611 1697/1697/1620
f 1698/1698/1621 1699/1699/1622 1700/1700/1623
f 1700/1700/1623 1701/1701/1624 1698/1698/1621
f 1702/1702/1625 1698/1698/1621 1701/1701/1624
f 1701/1701/1624 1703/1703/1626 1702/1702/1625
f 1704/1704/1627 1702/1702/1625 1703/1703/1626
f 1702/1702/1625 1704/1704/1627 1705/1705/1628
f 1706/1706/1629 1705/1705/1628 1704/1704/1627
f 1707/1707/1630 1698/1698/1621 1702/1702/1625
f 1705/1705/1628 1707/1707/1630 1702/1702/1625
f 1708/1708/1631 1699/1699/1622 1698/1698/1621
f 1707/1707/1630 1708/1708/1631 1698/1698/1621
f 1709/1709/1632 1699/1699/1622 1708/1708/1631
f 1704/1704/1627 1710/1710/1633 1706/1706/1629
f 1711/1711/1634 1706/1706/1629 1710/1710/1633
f 1710/1710/1633 1712/1712/1635 1711/1711/1634
f 1713/1713/1636 1711/1711/1634 1712/1712/1635
f 1710/1710/1633 1714/1714/1637 1712/1712/1635
f 1703/1703/1626 1714/1714/1637 1704/1704/1627
f 1710/1710/1633 1704/1704/1627 1714/1714/1637
f 1715/1715/1638 1712/1712/1635 1714/1714/1637
f 1712/1712/1635 1716/1716/1639 1713/1713/1636
f 1712/1712/1635 1715/1715/1638 1716/1716/1639
f 1717/1717/1640 1713/1713/1636 1716/1716/1639
f 1717/1717/1640 1716/1716/1639 1718/1718/1641
f 1719/1719/1642 1716/1716/1639 1715/1715/1638
f 1718/1718/1641 1716/1716/1639 1719/1719/1642
f 1720/1720/1643 1721/1721/1644 1722/1722/1623
f 1722/1722/1623 1721/1721/1644 1723/1723/1624
f 1724/1724/1645 1723/1723/1624 1721/1721/1644
f 1725/1725/1646 1724/1724/1645 1721/1721/1644
f 1724/1724/1645 1725/1725/1646 1726/1726/1647
f 1724/1724/1645 1726/1726/1647 1723/1723/1624
f 1727/1727/1648 1726/1726/1647 1725/1725/1646
f 1726/1726/1647 1727/1727/1648 1728/1728/1649
f 1726/1726/1647 1728/1728/1649 1729/1729/1650
f 1729/1729/1650 1723/1723/1624 1726/1726/1647
f 1730/1730/1651 1729/1729/1650 1728/1728/1649
f 1728/1728/1649 1731/1731/1652 1730/1730/1651
f 1728/1728/1649 1732/1732/1653 1731/1731/1652
f 1732/1732/1653 1728/1728/1649 1727/1727/1648
f 1733/1733/1654 1731/1731/1652 1732/1732/1653
f 1733/1733/1654 1734/1734/1655 1731/1731/1652
f 1735/1735/1656 1731/1731/1652 1734/1734/1655
f 1736/1736/1657 1735/1735/1656 1734/1734/1655
f 1731/1731/1652 1735/1735/1656 1737/1737/1638
f 1737/1737/1638 1730/1730/1651 1731/1731/1652
f 1738/1738/1658 1737/1737/1638 1735/1735/1656
f 1738/1738/1658 1735/1735/1656 1736/1736/1657
f 1739/1739/1659 1740/1740/1660 1741/1741/1661
f 1742/1742/1662 1741/1741/1661 1740/1740/1660
f 1740/1740/1660 1739/1739/1659 1743/1743/1663
f 1744/1744/1664 1743/1743/1663 1739/1739/1659
f 1739/1739/1659 1745/1745/1665 1744/1744/1664
f 1746/1746/1666 1744/1744/1664 1745/1745/1665
f 1745/1745/1665 1747/1747/1667 1746/1746/1666
f 1747/1747/1667 1745/1745/1665 1748/1748/1668
f 1749/1749/1669 1747/1747/1667 1748/1748/1668
f 1750/1750/1670 1748/1748/1668 1745/1745/1665
f 1741/1741/1661 1750/1750/1670 1739/1739/1659
f 1745/1745/1665 1739/1739/1659 1750/1750/1670
f 1742/1742/1662 1740/1740/1660 1751/1751/1671
f 1752/1752/1672 1751/1751/1671 1740/1740/1660
f 1740/1740/1660 1743/1743/1663 1752/1752/1672
f 1753/1753/1673 1752/1752/1672 1743/1743/1663
f 1752/1752/1672 1753/1753/1673 1754/1754/1674
f 1755/1755/1675 1754/1754/1674 1753/1753/1673
f 1751/1751/1671 1752/1752/1672 1756/1756/1676
f 1754/1754/1674 1756/1756/1676 1752/1752/1672
f 1756/1756/1676 1754/1754/1674 1757/1757/1677
f 1758/1758/1678 1757/1757/1677 1754/1754/1674
f 1754/1754/1674 1755/1755/1675 1758/1758/1678
f 1759/1759/1679 1757/1757/1677 1758/1758/1678
f 1759/1759/1679 1758/1758/1678 1760/1760/1680
f 1760/1760/1680 1758/1758/1678 1755/1755/1675
f 1761/1761/1681 1762/1762/1682 1763/1763/1683
f 1764/1764/1684 1763/1763/1683 1762/1762/1682
f 1763/1763/1683 1765/1765/1685 1761/1761/1681
f 1766/1766/1686 1761/1761/1681 1765/1765/1685
f 1762/1762/1682 1761/1761/1681 1767/1767/1687
f 1768/1768/1688 1762/1762/1682 1767/1767/1687
f 1764/1764/1684 1762/1762/1682 1768/1768/1688
f 1769/1769/1689 1767/1767/1687 1761/1761/1681
f 1761/1761/1681 1766/1766/1686 1769/1769/1689
f 1770/1770/1690 1769/1769/1689 1766/1766/1686
f 1766/1766/1686 1771/1771/1691 1770/1770/1690
f 1772/1772/1692 1770/1770/1690 1771/1771/1691
f 1771/1771/1691 1773/1773/1693 1772/1772/1692
f 1765/1765/1685 1774/1774/1694 1766/1766/1686
f 1771/1771/1691 1766/1766/1686 1774/1774/1694
f 1771/1771/1691 1774/1774/1694 1775/1775/1669
f 1773/1773/1693 1771/1771/1691 1775/1775/1669
f 1776/1776/1695 1777/1777/1696 1778/1778/1697
f 1779/1779/1698 1778/1778/1697 1777/1777/1696
f 1777/1777/1696 1776/1776/1695 1780/1780/1699
f 1780/1780/1699 1781/1781/1700 1777/1777/1696
f 1782/1782/1701 1777/1777/1696 1781/1781/1700
f 1777/1777/1696 1782/1782/1701 1779/1779/1698
f 1781/1781/1700 1783/1783/1702 1782/1782/1701
f 1784/1784/1703 1782/1782/1701 1783/1783/1702
f 1783/1783/1702 1785/1785/1704 1784/1784/1703
f 1786/1786/1705 1784/1784/1703 1785/1785/1704
f 1787/1787/1670 1780/1780/1699 1776/1776/1695
f 1788/1788/1706 1779/1779/1698 1782/1782/1701
f 1782/1782/1701 1784/1784/1703 1788/1788/1706
f 1784/1784/1703 1786/1786/1705 1789/1789/1707
f 1789/1789/1707 1788/1788/1706 1784/1784/1703
f 1790/1790/1708 1789/1789/1707 1786/1786/1705
f 1790/1790/1708 1786/1786/1705 1791/1791/1709
f 1791/1791/1709 1786/1786/1705 1785/1785/1704
f 1792/1792/1710 1793/1793/1711 1794/1794/1712
f 1795/1795/1713 1792/1792/1710 1794/1794/1712
f 1796/1796/1714 1792/1792/1710 1795/1795/1713
f 1793/1793/1711 1792/1792/1710 1797/1797/1715
f 1797/1797/1715 1792/1792/1710 1796/1796/1714
f 1798/1798/1716 1797/1797/1715 1796/1796/1714
f 1796/1796/1714 1799/1799/1717 1798/1798/1716
f 1799/1799/1717 1796/1796/1714 1800/1800/1718
f 1801/1801/1719 1800/1800/1718 1796/1796/1714
f 1801/1801/1719 1796/1796/1714 1795/1795/1713
f 1799/1799/1717 1800/1800/1718 1802/1802/1720
f 1803/1803/1721 1802/1802/1720 1800/1800/1718
f 1802/1802/1720 1803/1803/1721 1804/1804/1722
f 1805/1805/1723 1804/1804/1722 1803/1803/1721
f 1804/1804/1722 1805/1805/1723 1806/1806/1724
f 1807/1807/1725 1806/1806/1724 1805/1805/1723
f 1808/1808/1726 1806/1806/1724 1807/1807/1725
f 1809/1809/1727 1798/1798/1716 1799/1799/1717
f 1799/1799/1717 1802/1802/1720 1809/1809/1727
f 1802/1802/1720 1804/1804/1722 1810/1810/1728
f 1810/1810/1728 1809/1809/1727 1802/1802/1720
f 1811/1811/1729 1810/1810/1728 1804/1804/1722
f 1804/1804/1722 1806/1806/1724 1811/1811/1729
f 1812/1812/1730 1811/1811/1729 1806/1806/1724
f 1812/1812/1730 1806/1806/1724 1813/1813/1731
f 1813/1813/1731 1806/1806/1724 1808/1808/1726
f 1814/1814/1732 1813/1813/1731 1808/1808/1726
f 1815/1815/1733 1816/1816/1734 1817/1817/1735
f 1818/1818/1736 1815/1815/1733 1817/1817/1735
f 1818/1818/1736 1819/1819/1737 1815/1815/1733
f 1820/1820/1738 1815/1815/1733 1819/1819/1737
f 1819/1819/1737 1821/1821/1739 1820/1820/1738
f 1822/1822/1740 1820/1820/1738 1821/1821/1739
f 1815/1815/1733 1820/1820/1738 1823/1823/1741
f 1816/1816/1734 1815/1815/1733 1823/1823/1741
f 1824/1824/1742 1823/1823/1741 1820/1820/1738
f 1820/1820/1738 1822/1822/1740 1824/1824/1742
f 1821/1821/1739 1825/1825/1743 1822/1822/1740
f 1826/1826/1744 1822/1822/1740 1825/1825/1743
f 1826/1826/1744 1825/1825/1743 1827/1827/1745
f 1828/1828/1746 1827/1827/1745 1825/1825/1743
f 1829/1829/1747 1827/1827/1745 1828/1828/1746
f 1827/1827/1745 1830/1830/1748 1826/1826/1744
f 1831/1831/1749 1826/1826/1744 1830/1830/1748
f 1826/1826/1744 1831/1831/1749 1822/1822/1740
f 1832/1832/1750 1822/1822/1740 1831/1831/1749
f 1832/1832/1750 1824/1824/1742 1822/1822/1740
f 1827/1827/1745 1829/1829/1747 1833/1833/1751
f 1830/1830/1748 1827/1827/1745 1833/1833/1751
f 1834/1834/1752 1833/1833/1751 1829/1829/1747
f 1835/1835/1753 1836/1836/1754 1837/1837/1755
f 1838/1838/1756 1837/1837/1755 1836/1836/1754
f 1837/1837/1755 1838/1838/1756 1839/1839/1757
f 1840/1840/1758 1839/1839/1757 1838/1838/1756
f 1838/1838/1756 1841/1841/1759 1840/1840/1758
f 1842/1842/1760 1840/1840/1758 1841/1841/1759
f 1841/1841/1759 1843/1843/1761 1842/1842/1760
f 1844/1844/1762 1843/1843/1761 1841/1841/1759
f 1845/1845/1763 1844/1844/1762 1841/1841/1759
f 1841/1841/1759 1838/1838/1756 1845/1845/1763
f 1836/1836/1754 1845/1845/1763 1838/1838/1756
f 1837/1837/1755 1846/1846/1764 1835/1835/1753
f 1847/1847/1765 1835/1835/1753 1846/1846/1764
f 1846/1846/1764 1837/1837/1755 1848/1848/1766
f 1839/1839/1757 1848/1848/1766 1837/1837/1755
f 1848/1848/1766 1849/1849/1767 1846/1846/1764
f 1850/1850/1768 1846/1846/1764 1849/1849/1767
f 1851/1851/1769 1850/1850/1768 1849/1849/1767
f 1852/1852/1770 1850/1850/1768 1851/1851/1769
f 1850/1850/1768 1852/1852/1770 1846/1846/1764
f 1847/1847/1765 1846/1846/1764 1852/1852/1770
f 1853/1853/1771 1854/1854/1772 1855/1855/1773
f 1856/1856/1774 1853/1853/1771 1855/1855/1773
f 1853/1853/1771 1856/1856/1774 1857/1857/1775
f 1858/1858/1776 1857/1857/1775 1856/1856/1774
f 1858/1858/1776 1859/1859/1777 1857/1857/1775
f 1860/1860/1778 1857/1857/1775 1859/1859/1777
f 1857/1857/1775 1860/1860/1778 1861/1861/1779
f 1862/1862/1780 1861/1861/1779 1860/1860/1778
f 1859/1859/1777 1863/1863/1781 1860/1860/1778
f 1864/1864/1782 1860/1860/1778 1863/1863/1781
f 1860/1860/1778 1864/1864/1782 1862/1862/1780
f 1863/1863/1781 1865/1865/1783 1864/1864/1782
f 1866/1866/1784 1864/1864/1782 1865/1865/1783
f 1865/1865/1783 1867/1867/1785 1866/1866/1784
f 1868/1868/1786 1866/1866/1784 1867/1867/1785
f 1864/1864/1782 1866/1866/1784 1869/1869/1787
f 1869/1869/1787 1862/1862/1780 1864/1864/1782
f 1870/1870/1788 1869/1869/1787 1866/1866/1784
f 1866/1866/1784 1868/1868/1786 1870/1870/1788
f 1861/1861/1779 1871/1871/1789 1857/1857/1775
f 1853/1853/1771 1857/1857/1775 1871/1871/1789
f 1872/1872/1790 1870/1870/1788 1868/1868/1786
f 1868/1868/1786 1873/1873/1791 1872/1872/1790
f 1867/1867/1785 1873/1873/1791 1868/1868/1786
f 1871/1871/1789 1854/1854/1772 1853/1853/1771
f 1874/1874/1792 1875/1875/1793 1876/1876/1794
f 1877/1877/1795 1876/1876/1794 1875/1875/1793
f 1874/1874/1792 1876/1876/1794 1878/1878/1796
f 1879/1879/1797 1878/1878/1796 1876/1876/1794
f 1879/1879/1797 1876/1876/1794 1880/1880/1798
f 1881/1881/1799 1880/1880/1798 1876/1876/1794
f 1876/1876/1794 1877/1877/1795 1881/1881/1799
f 1882/1882/1800 1877/1877/1795 1875/1875/1793
f 1883/1883/1801 1877/1877/1795 1882/1882/1800
f 1883/1883/1801 1881/1881/1799 1877/1877/1795
f 1878/1878/1796 1879/1879/1797 1884/1884/1802
f 1885/1885/1803 1884/1884/1802 1879/1879/1797
f 1880/1880/1798 1886/1886/1804 1879/1879/1797
f 1885/1885/1803 1879/1879/1797 1886/1886/1804
f 1884/1884/1802 1885/1885/1803 1887/1887/1805
f 1888/1888/1806 1887/1887/1805 1885/1885/1803
f 1888/1888/1806 1889/1889/1807 1887/1887/1805
f 1889/1889/1807 1888/1888/1806 1890/1890/1808
f 1891/1891/1809 1890/1890/1808 1888/1888/1806
f 1886/1886/1804 1891/1891/1809 1885/1885/1803
f 1888/1888/1806 1885/1885/1803 1891/1891/1809
f 1892/1892/1810 1887/1887/1805 1889/1889/1807
f 1890/1890/1808 1893/1893/1811 1889/1889/1807
f 1894/1894/1812 1892/1892/1810 1889/1889/1807
f 1894/1894/1812 1889/1889/1807 1893/1893/1811
f 1895/1895/1813 1896/1896/1814 1897/1897/1815
f 1898/1898/1816 1897/1897/1815 1896/1896/1814
f 1897/1897/1815 1898/1898/1816 1899/1899/1817
f 1900/1900/1818 1899/1899/1817 1898/1898/1816
f 1896/1896/1814 1895/1895/1813 1901/1901/1819
f 1902/1902/1820 1901/1901/1819 1895/1895/1813
f 1901/1901/1819 1902/1902/1820 1903/1903/1821
f 1904/1904/1822 1903/1903/1821 1902/1902/1820
f 1904/1904/1822 1902/1902/1820 1905/1905/1823
f 1905/1905/1823 1906/1906/1824 1904/1904/1822
f 1907/1907/1825 1904/1904/1822 1906/1906/1824
f 1908/1908/1826 1905/1905/1823 1902/1902/1820
f 1902/1902/1820 1895/1895/1813 1908/1908/1826
f 1909/1909/1827 1899/1899/1817 1900/1900/1818
f 1903/1903/1821 1904/1904/1822 1910/1910/1828
f 1907/1907/1825 1910/1910/1828 1904/1904/1822
f 1911/1911/1829 1908/1908/1826 1895/1895/1813
f 1895/1895/1813 1897/1897/1815 1911/1911/1829
f 1912/1912/1830 1911/1911/1829 1897/1897/1815
f 1899/1899/1817 1912/1912/1830 1897/1897/1815
f 1905/1905/1823 1908/1908/1826 1913/1913/1831
f 1914/1914/1832 1913/1913/1831 1908/1908/1826
f 1908/1908/1826 1911/1911/1829 1914/1914/1832
f 1915/1915/1833 1914/1914/1832 1911/1911/1829
f 1911/1911/1829 1912/1912/1830 1915/1915/1833
f 1916/1916/1834 1915/1915/1833 1912/1912/1830
f 1912/1912/1830 1899/1899/1817 1916/1916/1834
f 1917/1917/1835 1916/1916/1834 1899/1899/1817
f 1899/1899/1817 1909/1909/1827 1917/1917/1835
f 1906/1906/1824 1905/1905/1823 1918/1918/1836
f 1913/1913/1831 1918/1918/1836 1905/1905/1823
f 1918/1918/1836 1919/1919/1837 1906/1906/1824
f 1920/1920/1838 1906/1906/1824 1919/1919/1837
f 1920/1920/1838 1919/1919/1837 1921/1921/1839
f 1922/1922/1840 1920/1920/1838 1923/1923/1839
f 1922/1922/1840 1907/1907/1825 1920/1920/1838
f 1906/1906/1824 1920/1920/1838 1907/1907/1825
f 1922/1922/1840 1924/1924/1841 1907/1907/1825
f 1924/1924/1841 1922/1922/1840 1925/1925/1839
f 1910/1910/1828 1907/1907/1825 1924/1924/1841
o male_lobby_tshirt_V-neck.000_male_lobby_tshirt_V-neck.016
v 0.462169 1.302765 -0.044527
v 0.455061 1.293314 -0.010491
v 0.504887 1.237698 -0.037494
v 0.495728 1.233668 -0.010235
v 0.477372 1.221322 -0.003018
v 0.433773 1.276169 -0.000050
v 0.399445 1.315883 0.001783
v 0.425127 1.336765 -0.011664
v 0.377976 1.346768 -0.005985
v 0.402632 1.366735 -0.016134
v 0.431539 1.344460 -0.048044
v 0.404207 1.373183 -0.052075
v 0.452606 1.298883 -0.075083
v 0.412415 1.340356 -0.077830
v 0.502578 1.233412 -0.061820
v 0.492797 1.224986 -0.078307
v 0.435935 1.288881 -0.093879
v 0.418055 1.263784 -0.008073
v 0.377023 1.301300 -0.009979
v 0.359326 1.326031 -0.013715
v 0.349800 1.357576 -0.006058
v 0.364676 1.373439 -0.014228
v 0.376254 1.391283 -0.028040
v 0.376363 1.394763 -0.059036
v 0.389369 1.363988 -0.073472
v 0.411644 1.317971 -0.101352
v 0.394315 1.300311 -0.103038
v 0.419998 1.274996 -0.097028
v 0.324229 1.394030 0.001343
v 0.340752 1.412385 -0.022325
v 0.349398 1.420262 -0.038408
v 0.479938 1.213554 -0.081313
v 0.383543 1.290237 -0.096808
v 0.398639 1.258325 -0.086002
v 0.380099 1.314674 -0.104685
v 0.369622 1.303755 -0.095894
v 0.397943 1.332699 -0.102451
v 0.383947 1.346988 -0.101974
v 0.367204 1.328486 -0.106226
v 0.356323 1.315334 -0.093952
v 0.344561 1.327168 -0.090873
v 0.354966 1.341162 -0.104027
v 0.357421 1.293241 -0.087173
v 0.336868 1.314161 -0.080836
v 0.313309 1.341236 -0.077794
v 0.323678 1.348124 -0.091277
v 0.288616 1.375638 -0.094537
v 0.282901 1.363327 -0.062663
v 0.246923 1.398134 -0.058927
v 0.253920 1.410334 -0.098018
v 0.336832 1.362009 -0.104356
v 0.374384 1.358236 -0.098530
v 0.357055 1.381976 -0.096736
v 0.308584 1.393810 -0.109670
v 0.275902 1.429604 -0.117985
v 0.305432 1.456094 -0.105822
v 0.334522 1.415059 -0.100291
v 0.324154 1.461442 -0.076732
v 0.351413 1.424146 -0.076292
v 0.370026 1.387875 -0.075706
v 0.351302 1.423377 -0.054603
v 0.319721 1.455105 -0.035845
v 0.295321 1.434514 0.004237
v 0.271324 1.416123 0.005007
v 0.305140 1.377652 0.000573
v 0.253739 1.403593 -0.012286
v 0.290191 1.364464 -0.017379
v 0.246923 1.398134 -0.058927
v 0.282901 1.363327 -0.062663
v 0.332655 1.345522 -0.010235
v 0.319868 1.337829 -0.028371
v 0.308511 1.333103 -0.054823
v 0.335330 1.319216 -0.025585
v 0.358410 1.287342 -0.019101
v 0.400836 1.247957 -0.022105
v 0.322580 1.307895 -0.056177
v 0.345662 1.279318 -0.056032
v 0.391751 1.239751 -0.057130
v 0.468469 1.210221 -0.008366
v 0.521776 1.163691 0.002039
v 0.513313 1.153981 -0.004447
v 0.458285 1.196994 -0.024120
v 0.507964 1.145371 -0.022436
v 0.456306 1.190106 -0.050755
v 0.510675 1.142038 -0.045847
v 0.517967 1.145189 -0.063689
v 0.465136 1.199376 -0.071895
v 0.528444 1.126356 -0.045187
v 0.534674 1.130973 -0.064385
v 0.525147 1.125367 -0.022654
v 0.528408 1.131853 -0.001954
v 0.537825 1.141672 0.005336
v 0.552002 1.150977 -0.002762
v 0.537750 1.173474 -0.005729
v 0.547826 1.177539 -0.029177
v 0.564129 1.153175 -0.026649
v 0.550097 1.174572 -0.051159
v 0.567244 1.153066 -0.047935
v 0.547166 1.170139 -0.065520
v 0.542696 1.165817 -0.070137
v 0.529837 1.156399 -0.068526
v 0.465136 1.199376 -0.071895
v 0.517967 1.145189 -0.063689
v 0.559916 1.145811 -0.066473
v 0.566695 1.149548 -0.060025
v 0.534674 1.130973 -0.064385
v 0.547020 1.138410 -0.066804
v 0.398639 1.258325 -0.086002
v 0.357421 1.293241 -0.087173
v 0.336868 1.314161 -0.080836
v 0.313309 1.341236 -0.077794
v 0.610731 1.034728 -0.033499
v 0.625131 1.013148 -0.033574
v 0.608131 1.033006 -0.021556
v 0.626377 1.012708 -0.021885
v 0.594648 1.042678 -0.013423
v 0.609524 1.034213 -0.011884
v 0.630846 1.022380 -0.038739
v 0.621614 1.046818 -0.037494
v 0.634181 1.013661 -0.039178
v 0.636818 0.985633 -0.035405
v 0.643487 0.991275 -0.040498
v 0.611355 1.037512 -0.039472
v 0.621944 1.047513 -0.039069
v 0.634914 1.028462 -0.040643
v 0.629417 1.021061 -0.044491
v 0.592525 1.051397 -0.040607
v 0.573839 1.056894 -0.011628
v 0.567611 1.073635 -0.031411
v 0.580763 1.046964 0.005263
v 0.593732 1.040992 0.002917
v 0.609377 1.039014 -0.050902
v 0.604504 1.043667 -0.060830
v 0.588568 1.055941 -0.057461
v 0.627586 1.021172 -0.054750
v 0.630590 1.027582 -0.060830
v 0.618427 1.053595 -0.059476
v 0.632861 1.021941 -0.060941
v 0.637405 0.998274 -0.047642
v 0.635279 0.998932 -0.056910
v 0.639749 1.002560 -0.062223
v 0.638394 1.020181 -0.041780
v 0.643926 1.001021 -0.043905
v 0.644733 0.996148 -0.044307
v 0.638540 0.983947 -0.048851
v 0.645979 0.984314 -0.045480
v 0.643229 0.971931 -0.051050
v 0.647590 0.972921 -0.047862
v 0.648871 0.967827 -0.052075
v 0.636525 0.984571 -0.058339
v 0.641471 0.972408 -0.058487
v 0.641069 0.996770 -0.062627
v 0.642460 0.985449 -0.063176
v 0.644695 0.973946 -0.062627
v 0.647480 0.968267 -0.059732
v 0.638247 1.015015 0.003541
v 0.645940 0.997357 0.001270
v 0.641545 1.016848 -0.008366
v 0.647773 0.998603 -0.008769
v 0.647517 0.990615 0.000719
v 0.649348 0.991751 -0.009318
v 0.651033 0.973653 -0.001332
v 0.652463 0.974604 -0.010235
v 0.644109 0.976437 -0.015805
v 0.641398 0.989333 -0.015254
v 0.639787 0.995781 -0.015108
v 0.630921 1.011755 -0.015365
v 0.636123 0.993766 0.004714
v 0.637734 0.987391 0.004090
v 0.640556 0.976914 0.002295
v 0.643853 0.966983 0.000133
v 0.645427 0.967791 -0.015437
v 0.633081 0.976621 -0.002943
v 0.629564 0.992155 -0.001149
v 0.640225 0.965152 -0.004629
v 0.646308 0.962185 -0.003714
v 0.651621 0.963798 -0.003676
v 0.652719 0.964640 -0.010784
v 0.646893 0.962589 -0.012322
v 0.628391 1.011353 0.006912
v 0.633337 1.024433 0.003614
v 0.636929 1.026336 -0.008586
v 0.626560 1.051580 -0.007633
v 0.618427 1.041469 -0.015365
v 0.626560 1.020328 -0.015510
v 0.621138 1.049786 0.005007
v 0.611428 1.039894 0.008927
v 0.600694 1.054035 0.010942
v 0.615643 1.061876 0.006692
v 0.609084 1.071035 0.006545
v 0.587835 1.086862 0.012480
v 0.581056 1.075652 0.017206
v 0.567720 1.094923 0.017975
v 0.577905 1.120605 -0.001076
v 0.563764 1.115879 0.011089
v 0.560721 1.135114 0.004677
v 0.568782 1.135883 -0.003531
v 0.585269 1.123389 -0.021703
v 0.603478 1.094592 -0.015621
v 0.601536 1.097927 -0.046469
v 0.621211 1.076017 -0.033426
v 0.620333 1.073894 -0.018552
v 0.619123 1.077447 -0.043318
v 0.613701 1.079021 -0.055739
v 0.619489 1.071219 -0.055812
v 0.622824 1.070742 -0.045736
v 0.617474 1.068873 -0.059183
v 0.626084 1.057405 -0.056068
v 0.618427 1.053595 -0.059476
v 0.616117 1.052899 -0.061638
v 0.621907 1.058614 -0.065082
v 0.625973 1.040809 -0.065996
v 0.619196 1.035643 -0.061931
v 0.628208 1.032528 -0.067169
v 0.620954 1.029086 -0.063104
v 0.631908 1.013917 -0.069660
v 0.625864 1.011389 -0.065484
v 0.626962 1.006003 -0.066107
v 0.633117 1.006553 -0.070357
v 0.628171 0.993766 -0.067426
v 0.634217 0.991642 -0.072006
v 0.628684 0.987246 -0.069184
v 0.632019 0.993033 -0.080103
v 0.631908 0.986256 -0.080580
v 0.633557 0.984863 -0.073873
v 0.629344 0.983727 -0.073324
v 0.627402 0.984972 -0.080469
v 0.625020 0.989444 -0.082483
v 0.621944 0.997026 -0.082594
v 0.629784 1.008202 -0.079187
v 0.620001 1.008386 -0.082447
v 0.628502 1.015419 -0.078490
v 0.618940 1.014026 -0.082227
v 0.615385 1.031393 -0.081092
v 0.625644 1.033628 -0.076988
v 0.609193 1.031466 -0.075450
v 0.615568 1.010108 -0.077428
v 0.617730 0.996845 -0.077941
v 0.621944 0.987831 -0.078490
v 0.613921 1.038025 -0.080836
v 0.600034 1.045573 -0.075010
v 0.608351 1.053082 -0.079223
v 0.623922 1.041981 -0.076072
v 0.618134 1.057772 -0.074974
v 0.616117 1.070999 -0.064494
v 0.608240 1.074332 -0.075010
v 0.610001 1.080450 -0.065118
v 0.586771 1.097303 -0.074094
v 0.595016 1.100016 -0.065851
v 0.586771 1.121742 -0.045847
v 0.578930 1.121229 -0.062956
v 0.594392 1.067335 -0.079223
v 0.573070 1.090526 -0.078198
v 0.569955 1.117565 -0.069440
v 0.577172 1.137568 -0.046104
v 0.571750 1.133392 -0.062371
v 0.576038 1.137605 -0.023900
v 0.555410 1.109760 -0.071273
v 0.558670 1.129179 -0.066253
v 0.563287 1.147680 -0.063249
v 0.567244 1.153066 -0.047935
v 0.564129 1.153175 -0.026649
v 0.552002 1.150977 -0.002762
v 0.537825 1.141672 0.005336
v 0.545482 1.126284 0.007094
v 0.547020 1.138410 -0.066804
v 0.547204 1.120496 -0.066913
v 0.534674 1.130973 -0.064385
v 0.538703 1.114779 -0.044418
v 0.528444 1.126356 -0.045187
v 0.545775 1.102323 -0.056692
v 0.564533 1.081696 -0.068964
v 0.587320 1.060007 -0.073032
v 0.548706 1.110089 0.011162
v 0.535699 1.118810 -0.000307
v 0.539143 1.105144 0.003725
v 0.541818 1.090086 0.011894
v 0.537641 1.085653 0.000682
v 0.548009 1.068617 0.019992
v 0.553212 1.093714 0.019735
v 0.559696 1.072830 0.026219
v 0.556032 1.050884 0.024901
v 0.565009 1.055757 0.028089
v 0.569039 1.043154 0.029114
v 0.560503 1.039050 0.026147
v 0.572775 1.028278 0.030762
v 0.578858 1.043812 0.025999
v 0.582265 1.029964 0.026367
v 0.585966 1.009300 0.029003
v 0.578089 1.007542 0.030909
v 0.564093 1.024909 0.027209
v 0.570981 1.005454 0.028161
v 0.566438 1.009155 0.023545
v 0.561493 1.023040 0.022190
v 0.557241 1.035239 0.020870
v 0.552075 1.044949 0.017206
v 0.543980 1.062718 0.009880
v 0.547313 1.054914 0.000501
v 0.555117 1.041396 0.008083
v 0.559110 1.051360 -0.005874
v 0.565375 1.041138 0.002661
v 0.580763 1.046964 0.005263
v 0.573839 1.056894 -0.011628
v 0.554274 1.068177 -0.020018
v 0.540792 1.081623 -0.012581
v 0.536652 1.098916 -0.010491
v 0.543504 1.095583 -0.025769
v 0.534930 1.114597 -0.021665
v 0.567611 1.073635 -0.031411
v 0.577760 1.042934 0.007278
v 0.561858 1.029122 0.012553
v 0.570688 1.030075 0.007461
v 0.578749 1.031502 0.009036
v 0.564165 1.022416 0.013067
v 0.572850 1.023736 0.008414
v 0.568637 1.009191 0.014826
v 0.576732 1.010766 0.009696
v 0.570688 0.998787 0.025158
v 0.574828 0.997026 0.018671
v 0.576916 0.993839 0.026328
v 0.577136 0.995268 0.029700
v 0.581642 0.996513 0.032302
v 0.586369 0.998346 0.030285
v 0.582778 0.993913 0.026879
v 0.587688 0.997357 0.025927
v 0.581092 0.998199 0.016108
v 0.585818 1.000470 0.016913
v 0.589813 1.002816 0.024021
v 0.588164 1.014393 0.019515
v 0.586222 1.028755 0.017060
v 0.583620 1.012122 0.010869
v 0.580287 1.025751 0.009183
v 0.578749 1.031502 0.009036
v 0.584244 1.038721 0.016729
v 0.577760 1.042934 0.007278
v 0.582193 1.050884 0.016144
v 0.576587 1.055208 0.024094
v 0.585306 1.059714 0.014898
v 0.571933 1.073306 0.022152
v 0.580763 1.046964 0.005263
v 0.593732 1.040992 0.002917
v 0.602782 1.031942 0.001122
v 0.623922 1.018203 0.007389
v 0.618463 1.009155 -0.000050
v 0.618463 1.009155 -0.000050
v 0.619380 1.010180 -0.011260
v 0.629564 0.992155 -0.001149
v 0.630701 0.992593 -0.010895
v 0.602782 1.031942 0.001122
v 0.626560 1.020328 -0.015510
v 0.618427 1.041469 -0.015365
v 0.630921 1.011755 -0.015365
v 0.618572 1.041761 -0.016830
v 0.632679 1.021318 -0.017307
v 0.636856 1.013477 -0.017636
v 0.638138 0.985340 -0.025404
v 0.645722 0.990506 -0.020860
v 0.646784 0.985560 -0.021336
v 0.641069 0.970209 -0.027271
v 0.639567 0.970026 -0.037126
v 0.650632 0.969329 -0.023534
v 0.648066 0.958925 -0.029689
v 0.652903 0.960903 -0.025622
v 0.646491 0.958814 -0.037714
v 0.653928 0.956286 -0.031119
v 0.652315 0.956359 -0.038665
v 0.649788 0.961305 -0.041816
v 0.647406 0.969733 -0.041891
v 0.644146 0.985816 -0.040790
v 0.595821 1.090122 0.003394
v 0.616705 1.073415 -0.009795
v 0.620514 1.060923 -0.015292
v 0.622749 1.064367 -0.008000
v 0.625828 1.065649 -0.019614
v 0.624582 1.067078 -0.032072
v 0.629893 1.053010 -0.032621
v 0.622785 1.065393 -0.039910
v 0.631214 1.051580 -0.020896
v 0.639127 1.029158 -0.034232
v 0.640702 1.028535 -0.023718
v 0.621614 1.046818 -0.037494
v 0.630846 1.022380 -0.038739
v 0.643156 1.018278 -0.035295
v 0.634181 1.013661 -0.039178
v 0.651914 0.994242 -0.036906
v 0.643487 0.991275 -0.040498
v 0.644438 1.018278 -0.024927
v 0.654001 0.993877 -0.027015
v 0.653452 0.986733 -0.037896
v 0.644146 0.985816 -0.040790
v 0.647406 0.969733 -0.041891
v 0.656199 0.967864 -0.039216
v 0.655539 0.986329 -0.027858
v 0.646784 0.985560 -0.021336
v 0.645722 0.990506 -0.020860
v 0.636856 1.013477 -0.017636
v 0.650632 0.969329 -0.023534
v 0.658289 0.967607 -0.030130
v 0.658765 0.958594 -0.031484
v 0.657445 0.958741 -0.039069
v 0.652903 0.960903 -0.025622
v 0.653928 0.956286 -0.031119
v 0.652315 0.956359 -0.038665
v 0.649788 0.961305 -0.041816
v 0.632679 1.021318 -0.017307
v 0.618572 1.041761 -0.016830
v 0.543504 1.095583 -0.025769
v 0.543540 1.099319 -0.041780
v 0.563544 1.076786 -0.052953
v 0.545775 1.102323 -0.056692
v 0.564533 1.081696 -0.068964
v 0.534930 1.114597 -0.021665
v 0.538703 1.114779 -0.044418
v 0.528444 1.126356 -0.045187
v 0.525147 1.125367 -0.022654
v 0.587320 1.060007 -0.073032
v 0.600034 1.045573 -0.075010
v 0.609193 1.031466 -0.075450
v 0.612272 1.030844 -0.065740
v 0.615568 1.010108 -0.077428
v 0.619049 1.009007 -0.068635
v 0.620954 1.029086 -0.063104
v 0.625864 1.011389 -0.065484
v 0.619196 1.035643 -0.061931
v 0.616117 1.052899 -0.061638
v 0.626962 1.006003 -0.066107
v 0.621063 0.994426 -0.069880
v 0.628171 0.993766 -0.067426
v 0.624655 0.986256 -0.071713
v 0.628684 0.987246 -0.069184
v 0.629344 0.983727 -0.073324
v 0.617730 0.996845 -0.077941
v 0.621944 0.987831 -0.078490
v 0.627402 0.984972 -0.080469
v 0.525147 1.125367 -0.022654
v 0.528408 1.131853 -0.001954
v 0.628831 1.055977 -0.045773
v 0.638871 1.035754 -0.056581
v 0.640702 1.035203 -0.046617
v 0.630590 1.027582 -0.060830
v 0.621944 1.047513 -0.039069
v 0.634914 1.028462 -0.040643
v 0.644806 1.024834 -0.046982
v 0.638394 1.020181 -0.041780
v 0.650886 1.003329 -0.048815
v 0.643926 1.001021 -0.043905
v 0.644733 0.996148 -0.044307
v 0.652206 0.996513 -0.049328
v 0.648982 1.003658 -0.058414
v 0.642827 1.025458 -0.057057
v 0.639749 1.002560 -0.062223
v 0.641069 0.996770 -0.062627
v 0.650373 0.996917 -0.058963
v 0.632861 1.021941 -0.060941
v 0.642460 0.985449 -0.063176
v 0.652390 0.980467 -0.060061
v 0.644695 0.973946 -0.062627
v 0.653196 0.969915 -0.060172
v 0.653745 0.979881 -0.050755
v 0.653928 0.969477 -0.052441
v 0.648871 0.967827 -0.052075
v 0.647590 0.972921 -0.047862
v 0.647480 0.968267 -0.059732
v 0.645979 0.984314 -0.045480
v 0.640225 0.965152 -0.004629
v 0.641069 0.965225 -0.012141
v 0.646308 0.962185 -0.003714
v 0.646893 0.962589 -0.012322
v 0.645427 0.967791 -0.015437
v 0.644109 0.976437 -0.015805
v 0.634254 0.977535 -0.012250
v 0.633081 0.976621 -0.002943
v 0.641398 0.989333 -0.015254
v 0.639787 0.995781 -0.015108
v 0.580287 1.025751 0.009183
v 0.583620 1.012122 0.010869
v 0.581092 0.998199 0.016108
v 0.585818 1.000470 0.016913
v 0.554274 1.068177 -0.020018
v 0.543504 1.095583 -0.025769
v 0.567611 1.073635 -0.031411
v 0.319868 1.466390 -0.077281
v 0.313309 1.462506 -0.036137
v 0.287554 1.444224 0.004494
v 0.265974 1.423524 0.005227
v 0.250513 1.407879 -0.012104
v -0.495718 1.233668 -0.010235
v -0.455087 1.293314 -0.010491
v -0.504877 1.237698 -0.037494
v -0.462157 1.302765 -0.044527
v -0.477398 1.221322 -0.003018
v -0.433800 1.276169 -0.000050
v -0.399435 1.315883 0.001783
v -0.425153 1.336765 -0.011664
v -0.378002 1.346768 -0.005985
v -0.402622 1.366735 -0.016134
v -0.431565 1.344460 -0.048044
v -0.404197 1.373183 -0.052075
v -0.452596 1.298883 -0.075083
v -0.412441 1.340356 -0.077830
v -0.502568 1.233412 -0.061820
v -0.492787 1.224986 -0.078307
v -0.435925 1.288881 -0.093879
v -0.418045 1.263784 -0.008073
v -0.377013 1.301300 -0.009979
v -0.359353 1.326031 -0.013715
v -0.349790 1.357576 -0.006058
v -0.364666 1.373439 -0.014228
v -0.376243 1.391283 -0.028040
v -0.376352 1.394763 -0.059036
v -0.389359 1.363988 -0.073472
v -0.411672 1.317971 -0.101352
v -0.394305 1.300311 -0.103038
v -0.419987 1.274996 -0.097028
v -0.324219 1.394030 0.001343
v -0.340742 1.412385 -0.022325
v -0.349388 1.420262 -0.038408
v -0.479926 1.213554 -0.081313
v -0.383533 1.290237 -0.096808
v -0.398627 1.258325 -0.086002
v -0.380089 1.314674 -0.104685
v -0.369612 1.303755 -0.095894
v -0.397933 1.332699 -0.102451
v -0.383937 1.346988 -0.101974
v -0.367193 1.328486 -0.106226
v -0.356313 1.315334 -0.093952
v -0.344551 1.327168 -0.090873
v -0.354956 1.341162 -0.104027
v -0.357447 1.293241 -0.087173
v -0.336894 1.314161 -0.080836
v -0.313299 1.341236 -0.077794
v -0.323668 1.348124 -0.091277
v -0.288606 1.375638 -0.094537
v -0.282964 1.363327 -0.062700
v -0.246913 1.398134 -0.058963
v -0.253947 1.410334 -0.098018
v -0.336822 1.362009 -0.104356
v -0.374374 1.358236 -0.098530
v -0.357045 1.381976 -0.096736
v -0.308573 1.393810 -0.109670
v -0.275931 1.429604 -0.117985
v -0.305422 1.456094 -0.105822
v -0.334512 1.415059 -0.100291
v -0.324144 1.461442 -0.076732
v -0.351403 1.424146 -0.076292
v -0.370014 1.387875 -0.075706
v -0.351292 1.423377 -0.054603
v -0.319711 1.455105 -0.035845
v -0.295347 1.434514 0.004237
v -0.271314 1.416123 0.005007
v -0.305130 1.377652 0.000573
v -0.253727 1.403593 -0.012322
v -0.290217 1.364464 -0.017416
v -0.246913 1.398134 -0.058963
v -0.282964 1.363327 -0.062700
v -0.332681 1.345522 -0.010235
v -0.319858 1.337829 -0.028371
v -0.308501 1.333103 -0.054823
v -0.335318 1.319216 -0.025585
v -0.358400 1.287342 -0.019101
v -0.400826 1.247957 -0.022105
v -0.322569 1.307895 -0.056177
v -0.345650 1.279318 -0.056032
v -0.391741 1.239751 -0.057130
v -0.468459 1.210221 -0.008366
v -0.521766 1.163691 0.002039
v -0.513340 1.153981 -0.004447
v -0.458275 1.196994 -0.024120
v -0.507954 1.145371 -0.022436
v -0.456333 1.190106 -0.050755
v -0.510665 1.142038 -0.045847
v -0.517956 1.145189 -0.063689
v -0.465163 1.199376 -0.071895
v -0.528434 1.126356 -0.045187
v -0.534700 1.130973 -0.064385
v -0.525173 1.125367 -0.022654
v -0.528397 1.131853 -0.001954
v -0.537815 1.141672 0.005336
v -0.551992 1.150977 -0.002762
v -0.537776 1.173474 -0.005729
v -0.547816 1.177539 -0.029177
v -0.564155 1.153175 -0.026649
v -0.550087 1.174572 -0.051159
v -0.567234 1.153066 -0.047935
v -0.547155 1.170139 -0.065520
v -0.542722 1.165817 -0.070137
v -0.529863 1.156399 -0.068526
v -0.465163 1.199376 -0.071895
v -0.517956 1.145189 -0.063689
v -0.559906 1.145811 -0.066473
v -0.566685 1.149548 -0.060025
v -0.534700 1.130973 -0.064385
v -0.547010 1.138410 -0.066804
v 0.053331 1.671156 -0.095490
v 0.039884 1.693029 -0.081569
v 0.075204 1.678226 -0.064642
v 0.063223 1.689401 -0.058303
v -0.000014 1.671229 -0.096699
v -0.000014 1.691489 -0.086111
v 0.050180 1.715084 -0.056508
v 0.029920 1.717209 -0.076439
v 0.050620 1.739411 -0.058632
v 0.029078 1.741353 -0.076841
v -0.000014 1.717062 -0.077978
v -0.000014 1.742268 -0.081458
v 0.091655 1.667492 -0.069220
v -0.000014 1.587879 0.049045
v 0.011674 1.592458 0.048201
v -0.000014 1.598247 0.031129
v 0.014458 1.602533 0.034682
v -0.000014 1.618544 0.026072
v 0.009403 1.619826 0.025596
v -0.000014 1.650785 0.029772
v 0.012114 1.652983 0.026512
v 0.023068 1.599822 0.041388
v 0.028821 1.625248 0.021017
v 0.044905 1.662473 0.005628
v 0.013433 1.685188 0.030945
v 0.041424 1.699477 0.012335
v 0.059193 1.709954 -0.013570
v 0.039006 1.707719 0.022555
v -0.000014 1.676102 0.037944
v -0.000014 1.686947 0.038162
v 0.017317 1.695629 0.037577
v -0.000014 1.692296 0.042266
v 0.062125 1.672402 -0.021776
v 0.051829 1.720141 0.007169
v 0.059230 1.732449 -0.020823
v 0.057948 1.629865 -0.006975
v 0.045234 1.610045 0.026585
v 0.068132 1.626532 0.000610
v 0.086670 1.642139 -0.023022
v 0.075240 1.673904 -0.042880
v 0.094622 1.662510 -0.046176
v 0.075204 1.678226 -0.064642
v 0.063223 1.689401 -0.058303
v 0.066483 1.686579 -0.038628
v 0.057104 1.712996 -0.036870
v 0.050180 1.715084 -0.056508
v 0.091655 1.667492 -0.069220
v 0.050620 1.739411 -0.058632
v -0.398627 1.258325 -0.086002
v -0.357447 1.293241 -0.087173
v -0.336894 1.314161 -0.080836
v -0.313299 1.341236 -0.077794
v -0.626367 1.012708 -0.021885
v -0.625121 1.013148 -0.033574
v -0.608121 1.033006 -0.021556
v -0.610721 1.034728 -0.033499
v -0.594674 1.042678 -0.013423
v -0.609512 1.034213 -0.011884
v -0.630836 1.022380 -0.038739
v -0.621604 1.046818 -0.037494
v -0.634171 1.013661 -0.039178
v -0.636807 0.985633 -0.035405
v -0.643475 0.991275 -0.040498
v -0.611345 1.037512 -0.039472
v -0.621933 1.047513 -0.039069
v -0.634940 1.028462 -0.040643
v -0.629443 1.021061 -0.044491
v -0.592512 1.051397 -0.040607
v -0.573829 1.056894 -0.011628
v -0.567599 1.073635 -0.031411
v -0.580753 1.046964 0.005263
v -0.593722 1.040992 0.002917
v -0.609403 1.039014 -0.050902
v -0.604494 1.043667 -0.060830
v -0.588556 1.055941 -0.057461
v -0.627576 1.021172 -0.054750
v -0.630580 1.027582 -0.060830
v -0.618453 1.053595 -0.059476
v -0.632851 1.021941 -0.060941
v -0.637395 0.998274 -0.047642
v -0.635306 0.998932 -0.056910
v -0.639739 1.002560 -0.062223
v -0.638384 1.020181 -0.041780
v -0.643915 1.001021 -0.043905
v -0.644759 0.996148 -0.044307
v -0.638529 0.983947 -0.048851
v -0.646005 0.984314 -0.045480
v -0.643257 0.971931 -0.051050
v -0.647616 0.972921 -0.047862
v -0.648861 0.967827 -0.052075
v -0.636551 0.984571 -0.058339
v -0.641497 0.972408 -0.058487
v -0.641059 0.996770 -0.062627
v -0.642450 0.985449 -0.063176
v -0.644685 0.973946 -0.062627
v -0.647470 0.968267 -0.059732
v -0.647763 0.998603 -0.008769
v -0.645930 0.997357 0.001270
v -0.641572 1.016848 -0.008366
v -0.638237 1.015015 0.003541
v -0.647507 0.990615 0.000719
v -0.649374 0.991751 -0.009318
v -0.651023 0.973653 -0.001332
v -0.652453 0.974604 -0.010235
v -0.644135 0.976437 -0.015805
v -0.641388 0.989333 -0.015254
v -0.639775 0.995781 -0.015108
v -0.630909 1.011755 -0.015365
v -0.636149 0.993766 0.004714
v -0.637724 0.987391 0.004090
v -0.640583 0.976914 0.002295
v -0.643843 0.966983 0.000133
v -0.645417 0.967791 -0.015437
v -0.633071 0.976621 -0.002943
v -0.629554 0.992155 -0.001149
v -0.640215 0.965152 -0.004629
v -0.646298 0.962185 -0.003714
v -0.651609 0.963798 -0.003676
v -0.652709 0.964640 -0.010784
v -0.646883 0.962589 -0.012322
v -0.628381 1.011353 0.006912
v -0.633363 1.024433 0.003614
v -0.636955 1.026336 -0.008586
v -0.626550 1.051580 -0.007633
v -0.618417 1.041469 -0.015365
v -0.626587 1.020328 -0.015510
v -0.621128 1.049786 0.005007
v -0.611418 1.039894 0.008927
v -0.600684 1.054035 0.010942
v -0.615631 1.061876 0.006692
v -0.609074 1.071035 0.006545
v -0.587825 1.086862 0.012480
v -0.581046 1.075652 0.017206
v -0.567710 1.094923 0.017975
v -0.577931 1.120605 -0.001076
v -0.563754 1.115879 0.011089
v -0.560711 1.135114 0.004677
v -0.568772 1.135883 -0.003531
v -0.585259 1.123389 -0.021703
v -0.603504 1.094592 -0.015621
v -0.601526 1.097927 -0.046469
v -0.621237 1.076017 -0.033426
v -0.620320 1.073894 -0.018552
v -0.619150 1.077447 -0.043318
v -0.613689 1.079021 -0.055739
v -0.619479 1.071219 -0.055812
v -0.622814 1.070742 -0.045736
v -0.617464 1.068873 -0.059183
v -0.626110 1.057405 -0.056068
v -0.618453 1.053595 -0.059476
v -0.616107 1.052899 -0.061638
v -0.621897 1.058614 -0.065082
v -0.625963 1.040809 -0.065996
v -0.619186 1.035643 -0.061931
v -0.628198 1.032528 -0.067169
v -0.620944 1.029086 -0.063104
v -0.631934 1.013917 -0.069660
v -0.625854 1.011389 -0.065484
v -0.626952 1.006003 -0.066107
v -0.633107 1.006553 -0.070357
v -0.628161 0.993766 -0.067426
v -0.634207 0.991642 -0.072006
v -0.628674 0.987246 -0.069184
v -0.632045 0.993033 -0.080103
v -0.631898 0.986256 -0.080580
v -0.633547 0.984863 -0.073873
v -0.629334 0.983727 -0.073324
v -0.627392 0.984972 -0.080469
v -0.625010 0.989444 -0.082483
v -0.621933 0.997026 -0.082594
v -0.629774 1.008202 -0.079187
v -0.619991 1.008386 -0.082447
v -0.628492 1.015419 -0.078490
v -0.618966 1.014026 -0.082227
v -0.615411 1.031393 -0.081092
v -0.625634 1.033628 -0.076988
v -0.609183 1.031466 -0.075450
v -0.615558 1.010108 -0.077428
v -0.617757 0.996845 -0.077941
v -0.621933 0.987831 -0.078490
v -0.613947 1.038025 -0.080836
v -0.600060 1.045573 -0.075010
v -0.608341 1.053082 -0.079223
v -0.623912 1.041981 -0.076072
v -0.618122 1.057772 -0.074974
v -0.616107 1.070999 -0.064494
v -0.608230 1.074332 -0.075010
v -0.609989 1.080450 -0.065118
v -0.586761 1.097303 -0.074094
v -0.595042 1.100016 -0.065851
v -0.586761 1.121742 -0.045847
v -0.578920 1.121229 -0.062956
v -0.594418 1.067335 -0.079223
v -0.573058 1.090526 -0.078198
v -0.569945 1.117565 -0.069440
v -0.577198 1.137568 -0.046104
v -0.571740 1.133392 -0.062371
v -0.576027 1.137605 -0.023900
v -0.555400 1.109760 -0.071273
v -0.558660 1.129179 -0.066253
v -0.563313 1.147680 -0.063249
v -0.567234 1.153066 -0.047935
v -0.564155 1.153175 -0.026649
v -0.551992 1.150977 -0.002762
v -0.537815 1.141672 0.005336
v -0.545472 1.126284 0.007094
v -0.547010 1.138410 -0.066804
v -0.547192 1.120496 -0.066913
v -0.534700 1.130973 -0.064385
v -0.538693 1.114779 -0.044418
v -0.528434 1.126356 -0.045187
v -0.545765 1.102323 -0.056692
v -0.564559 1.081696 -0.068964
v -0.587348 1.060007 -0.073032
v -0.548696 1.110089 0.011162
v -0.535689 1.118810 -0.000307
v -0.539133 1.105144 0.003725
v -0.541808 1.090086 0.011894
v -0.537667 1.085653 0.000682
v -0.547999 1.068617 0.019992
v -0.553202 1.093714 0.019735
v -0.559686 1.072830 0.026219
v -0.556022 1.050884 0.024901
v -0.564999 1.055757 0.028089
v -0.569028 1.043154 0.029114
v -0.560491 1.039050 0.026147
v -0.572765 1.028278 0.030762
v -0.578848 1.043812 0.025999
v -0.582255 1.029964 0.026367
v -0.585992 1.009300 0.029003
v -0.578115 1.007542 0.030909
v -0.564119 1.024909 0.027209
v -0.570970 1.005454 0.028161
v -0.566465 1.009155 0.023545
v -0.561519 1.023040 0.022190
v -0.557231 1.035239 0.020870
v -0.552065 1.044949 0.017206
v -0.543968 1.062718 0.009880
v -0.547303 1.054914 0.000501
v -0.555107 1.041396 0.008083
v -0.559100 1.051360 -0.005874
v -0.565364 1.041138 0.002661
v -0.580753 1.046964 0.005263
v -0.573829 1.056894 -0.011628
v -0.554263 1.068177 -0.020018
v -0.540782 1.081623 -0.012581
v -0.536678 1.098916 -0.010491
v -0.543491 1.095583 -0.025769
v -0.534920 1.114597 -0.021665
v -0.567599 1.073635 -0.031411
v -0.577786 1.042934 0.007278
v -0.561884 1.029122 0.012553
v -0.570678 1.030075 0.007461
v -0.578775 1.031502 0.009036
v -0.564192 1.022416 0.013067
v -0.572876 1.023736 0.008414
v -0.568663 1.009191 0.014826
v -0.576722 1.010766 0.009696
v -0.570678 0.998787 0.025158
v -0.574818 0.997026 0.018671
v -0.576906 0.993839 0.026328
v -0.577126 0.995268 0.029700
v -0.581631 0.996513 0.032302
v -0.586396 0.998346 0.030285
v -0.582768 0.993913 0.026879
v -0.587678 0.997357 0.025927
v -0.581082 0.998199 0.016108
v -0.585808 1.000470 0.016913
v -0.589803 1.002816 0.024021
v -0.588154 1.014393 0.019515
v -0.586248 1.028755 0.017060
v -0.583610 1.012122 0.010869
v -0.580277 1.025751 0.009183
v -0.578775 1.031502 0.009036
v -0.584270 1.038721 0.016729
v -0.577786 1.042934 0.007278
v -0.582183 1.050884 0.016144
v -0.576577 1.055208 0.024094
v -0.585295 1.059714 0.014898
v -0.571960 1.073306 0.022152
v -0.580753 1.046964 0.005263
v -0.593722 1.040992 0.002917
v -0.602772 1.031942 0.001122
v -0.623948 1.018203 0.007389
v -0.618453 1.009155 -0.000050
v -0.630689 0.992593 -0.010895
v -0.619406 1.010180 -0.011260
v -0.629554 0.992155 -0.001149
v -0.618453 1.009155 -0.000050
v -0.602772 1.031942 0.001122
v -0.626587 1.020328 -0.015510
v -0.618417 1.041469 -0.015365
v -0.630909 1.011755 -0.015365
v -0.618598 1.041761 -0.016830
v -0.632705 1.021318 -0.017307
v -0.636844 1.013477 -0.017636
v -0.638128 0.985340 -0.025404
v -0.645710 0.990506 -0.020860
v -0.646774 0.985560 -0.021336
v -0.641059 0.970209 -0.027271
v -0.639593 0.970026 -0.037126
v -0.650656 0.969329 -0.023534
v -0.648092 0.958925 -0.029689
v -0.652893 0.960903 -0.025622
v -0.646481 0.958814 -0.037714
v -0.653918 0.956286 -0.031119
v -0.652342 0.956359 -0.038665
v -0.649814 0.961305 -0.041816
v -0.647396 0.969733 -0.041891
v -0.644172 0.985816 -0.040790
v -0.595847 1.090122 0.003394
v -0.616695 1.073415 -0.009795
v -0.620504 1.060923 -0.015292
v -0.622739 1.064367 -0.008000
v -0.625854 1.065649 -0.019614
v -0.624572 1.067078 -0.032072
v -0.629920 1.053010 -0.032621
v -0.622814 1.065393 -0.039910
v -0.631203 1.051580 -0.020896
v -0.639117 1.029158 -0.034232
v -0.640728 1.028535 -0.023718
v -0.621604 1.046818 -0.037494
v -0.630836 1.022380 -0.038739
v -0.643146 1.018278 -0.035295
v -0.634171 1.013661 -0.039178
v -0.651904 0.994242 -0.036906
v -0.643475 0.991275 -0.040498
v -0.644428 1.018278 -0.024927
v -0.654027 0.993877 -0.027015
v -0.653442 0.986733 -0.037896
v -0.644172 0.985816 -0.040790
v -0.647396 0.969733 -0.041891
v -0.656189 0.967864 -0.039216
v -0.655529 0.986329 -0.027858
v -0.646774 0.985560 -0.021336
v -0.645710 0.990506 -0.020860
v -0.636844 1.013477 -0.017636
v -0.650656 0.969329 -0.023534
v -0.658277 0.967607 -0.030130
v -0.658753 0.958594 -0.031484
v -0.657435 0.958741 -0.039069
v -0.652893 0.960903 -0.025622
v -0.653918 0.956286 -0.031119
v -0.652342 0.956359 -0.038665
v -0.649814 0.961305 -0.041816
v -0.632705 1.021318 -0.017307
v -0.618598 1.041761 -0.016830
v -0.543530 1.099319 -0.041780
v -0.543491 1.095583 -0.025769
v -0.563570 1.076786 -0.052953
v -0.545765 1.102323 -0.056692
v -0.564559 1.081696 -0.068964
v -0.534920 1.114597 -0.021665
v -0.538693 1.114779 -0.044418
v -0.528434 1.126356 -0.045187
v -0.525173 1.125367 -0.022654
v -0.587348 1.060007 -0.073032
v -0.600060 1.045573 -0.075010
v -0.609183 1.031466 -0.075450
v -0.612262 1.030844 -0.065740
v -0.615558 1.010108 -0.077428
v -0.619039 1.009007 -0.068635
v -0.620944 1.029086 -0.063104
v -0.625854 1.011389 -0.065484
v -0.619186 1.035643 -0.061931
v -0.616107 1.052899 -0.061638
v -0.626952 1.006003 -0.066107
v -0.621092 0.994426 -0.069880
v -0.628161 0.993766 -0.067426
v -0.624681 0.986256 -0.071713
v -0.628674 0.987246 -0.069184
v -0.629334 0.983727 -0.073324
v -0.617757 0.996845 -0.077941
v -0.621933 0.987831 -0.078490
v -0.627392 0.984972 -0.080469
v -0.525173 1.125367 -0.022654
v -0.528397 1.131853 -0.001954
v -0.640692 1.035203 -0.046617
v -0.628858 1.055977 -0.045773
v -0.638861 1.035754 -0.056581
v -0.630580 1.027582 -0.060830
v -0.621933 1.047513 -0.039069
v -0.634940 1.028462 -0.040643
v -0.644796 1.024834 -0.046982
v -0.638384 1.020181 -0.041780
v -0.650876 1.003329 -0.048815
v -0.643915 1.001021 -0.043905
v -0.644759 0.996148 -0.044307
v -0.652196 0.996513 -0.049328
v -0.648972 1.003658 -0.058414
v -0.642817 1.025458 -0.057057
v -0.639739 1.002560 -0.062223
v -0.641059 0.996770 -0.062627
v -0.650363 0.996917 -0.058963
v -0.632851 1.021941 -0.060941
v -0.642450 0.985449 -0.063176
v -0.652416 0.980467 -0.060061
v -0.644685 0.973946 -0.062627
v -0.653185 0.969915 -0.060172
v -0.653735 0.979881 -0.050755
v -0.653955 0.969477 -0.052441
v -0.648861 0.967827 -0.052075
v -0.647616 0.972921 -0.047862
v -0.647470 0.968267 -0.059732
v -0.646005 0.984314 -0.045480
v -0.646883 0.962589 -0.012322
v -0.641095 0.965225 -0.012141
v -0.646298 0.962185 -0.003714
v -0.640215 0.965152 -0.004629
v -0.645417 0.967791 -0.015437
v -0.644135 0.976437 -0.015805
v -0.634244 0.977535 -0.012250
v -0.633071 0.976621 -0.002943
v -0.641388 0.989333 -0.015254
v -0.639775 0.995781 -0.015108
v -0.580277 1.025751 0.009183
v -0.583610 1.012122 0.010869
v -0.581082 0.998199 0.016108
v -0.585808 1.000470 0.016913
v -0.543491 1.095583 -0.025769
v -0.554263 1.068177 -0.020018
v -0.567599 1.073635 -0.031411
v -0.063249 1.689401 -0.058303
v -0.039874 1.693029 -0.081569
v -0.075230 1.678226 -0.064642
v -0.053357 1.671156 -0.095490
v -0.000014 1.671229 -0.096699
v -0.000014 1.691489 -0.086111
v -0.050170 1.715084 -0.056508
v -0.029910 1.717209 -0.076439
v -0.050682 1.739375 -0.057461
v -0.030350 1.740328 -0.076916
v -0.000014 1.717062 -0.077978
v -0.000014 1.742268 -0.081458
v -0.091681 1.667492 -0.069220
v -0.011921 1.592678 0.048385
v -0.000014 1.587879 0.049045
v -0.000014 1.598247 0.031129
v -0.014484 1.602533 0.034682
v -0.000014 1.618544 0.026072
v -0.009393 1.619826 0.025596
v -0.000014 1.650785 0.029772
v -0.012104 1.652983 0.026512
v -0.023094 1.599822 0.041388
v -0.028848 1.625248 0.021017
v -0.044931 1.662473 0.005628
v -0.013423 1.685188 0.030945
v -0.041414 1.699477 0.012335
v -0.059220 1.709954 -0.013570
v -0.038628 1.708343 0.022555
v -0.000014 1.676102 0.037944
v -0.000014 1.686947 0.038162
v -0.017307 1.695629 0.037577
v -0.000014 1.692296 0.042266
v -0.062114 1.672402 -0.021776
v -0.052148 1.720250 0.006105
v -0.059440 1.733402 -0.021960
v -0.057938 1.629865 -0.006975
v -0.045224 1.610045 0.026585
v -0.068122 1.626532 0.000610
v -0.086660 1.642139 -0.023022
v -0.075266 1.673904 -0.042880
v -0.094648 1.662510 -0.046176
v -0.075230 1.678226 -0.064642
v -0.063249 1.689401 -0.058303
v -0.066473 1.686579 -0.038628
v -0.057094 1.712996 -0.036870
v -0.050170 1.715084 -0.056508
v -0.091681 1.667492 -0.069220
v -0.050682 1.739375 -0.057461
v -0.313299 1.462506 -0.036137
v -0.319858 1.466390 -0.077281
v -0.287544 1.444224 0.004494
v -0.266000 1.423524 0.005227
v -0.250539 1.407879 -0.012104
vt 0.113500 0.125094
vt 0.112534 0.104806
vt 0.072925 0.123161
vt 0.073891 0.105772
vt 0.073891 0.090315
vt 0.111568 0.088382
vt 0.132822 0.088382
vt 0.135720 0.106738
vt 0.150212 0.090315
vt 0.151178 0.108670
vt 0.136686 0.127026
vt 0.156008 0.127992
vt 0.111568 0.142483
vt 0.139585 0.143449
vt 0.072925 0.138619
vt 0.071959 0.151178
vt 0.110602 0.156974
vt 0.111568 0.076789
vt 0.133788 0.072925
vt 0.146347 0.071959
vt 0.163737 0.079688
vt 0.164703 0.094179
vt 0.169533 0.109636
vt 0.174364 0.129924
vt 0.156974 0.142483
vt 0.127992 0.158906
vt 0.125094 0.172431
vt 0.108670 0.169533
vt 0.192719 0.079688
vt 0.192719 0.099009
vt 0.192719 0.112534
vt 0.070993 0.162771
vt 0.124127 0.181126
vt 0.109636 0.187889
vt 0.135720 0.173397
vt 0.134754 0.183058
vt 0.138619 0.158906
vt 0.149246 0.159872
vt 0.146347 0.173397
vt 0.144415 0.184990
vt 0.154076 0.185956
vt 0.156008 0.175330
vt 0.136686 0.193685
vt 0.153110 0.195617
vt 0.173397 0.198516
vt 0.172431 0.187889
vt 0.199482 0.193685
vt 0.196583 0.204312
vt 0.220735 0.211075
vt 0.225566 0.197550
vt 0.174364 0.174364
vt 0.157940 0.158906
vt 0.176296 0.156974
vt 0.201414 0.176296
vt 0.227498 0.179194
vt 0.225566 0.153110
vt 0.200448 0.155042
vt 0.219769 0.132822
vt 0.196583 0.136686
vt 0.174364 0.142483
vt 0.194651 0.123161
vt 0.217837 0.106738
vt 0.218803 0.076789
vt 0.219769 0.061332
vt 0.192719 0.064230
vt 0.217837 0.044909
vt 0.190787 0.048773
vt 0.209143 0.013994
vt 0.183058 0.016892
vt 0.163737 0.065196
vt 0.162771 0.050705
vt 0.162771 0.033316
vt 0.151178 0.054570
vt 0.133788 0.058434
vt 0.109636 0.061332
vt 0.148279 0.034282
vt 0.131856 0.037180
vt 0.105772 0.041044
vt 0.071959 0.080654
vt 0.032350 0.093213
vt 0.031384 0.084518
vt 0.070027 0.067129
vt 0.029451 0.071959
vt 0.067129 0.049739
vt 0.026553 0.057468
vt 0.023655 0.045875
vt 0.062298 0.036214
vt 0.013028 0.057468
vt 0.012062 0.044909
vt 0.014960 0.070993
vt 0.015926 0.084518
vt 0.016892 0.094179
vt 0.016892 0.104806
vt 0.032350 0.105772
vt 0.032350 0.121229
vt 0.014960 0.121229
vt 0.030418 0.133788
vt 0.014960 0.133788
vt 0.030418 0.143449
vt 0.029451 0.148279
vt 0.029451 0.157940
vt 0.069061 0.176296
vt 0.028485 0.167601
vt 0.014960 0.147313
vt 0.013994 0.141517
vt 0.016892 0.164703
vt 0.015926 0.156008
vt 0.100941 0.021723
vt 0.127026 0.018825
vt 0.142483 0.018825
vt 0.161804 0.019791
vt 0.296090 0.309615
vt 0.298988 0.279666
vt 0.309615 0.311547
vt 0.308649 0.279666
vt 0.312513 0.330869
vt 0.324106 0.318310
vt 0.289327 0.283531
vt 0.289327 0.303818
vt 0.290293 0.275802
vt 0.299954 0.249718
vt 0.291259 0.251650
vt 0.282565 0.311547
vt 0.286429 0.304785
vt 0.284497 0.289327
vt 0.276768 0.286429
vt 0.280632 0.330869
vt 0.312513 0.355021
vt 0.283531 0.356953
vt 0.325072 0.350190
vt 0.328936 0.336665
vt 0.270006 0.314445
vt 0.256480 0.320242
vt 0.261311 0.334733
vt 0.267107 0.287395
vt 0.260345 0.291259
vt 0.262277 0.309615
vt 0.260345 0.287395
vt 0.271938 0.262277
vt 0.262277 0.264209
vt 0.255514 0.267107
vt 0.282565 0.281599
vt 0.279666 0.262277
vt 0.277734 0.258413
vt 0.268073 0.249718
vt 0.275802 0.246820
vt 0.266141 0.238125
vt 0.270972 0.236193
vt 0.265175 0.232328
vt 0.260345 0.251650
vt 0.259379 0.240057
vt 0.254548 0.262277
vt 0.253582 0.251650
vt 0.254548 0.240057
vt 0.257446 0.233295
vt 0.833231 0.622625
vt 0.829366 0.600405
vt 0.842891 0.620693
vt 0.838061 0.598473
vt 0.827434 0.594609
vt 0.837095 0.591710
vt 0.824536 0.579151
vt 0.832264 0.577219
vt 0.841925 0.575287
vt 0.845790 0.588812
vt 0.847722 0.595575
vt 0.854484 0.619727
vt 0.818739 0.601371
vt 0.817773 0.595575
vt 0.815841 0.585914
vt 0.815841 0.576253
vt 0.836129 0.567558
vt 0.808113 0.586880
vt 0.811011 0.603303
vt 0.811977 0.573355
vt 0.818739 0.569491
vt 0.822604 0.572389
vt 0.828400 0.569491
vt 0.828400 0.564660
vt 0.822604 0.625523
vt 0.835163 0.630354
vt 0.843858 0.629388
vt 0.847722 0.658370
vt 0.858349 0.652574
vt 0.856417 0.628421
vt 0.838061 0.659336
vt 0.823570 0.657404
vt 0.819705 0.677692
vt 0.838061 0.669963
vt 0.836129 0.682522
vt 0.819705 0.712470
vt 0.806180 0.710538
vt 0.804248 0.730826
vt 0.831298 0.739521
vt 0.812943 0.741453
vt 0.818739 0.755944
vt 0.829366 0.754012
vt 0.851586 0.738555
vt 0.853518 0.708606
vt 0.880569 0.716335
vt 0.874772 0.686386
vt 0.862213 0.682522
vt 0.884433 0.690251
vt 0.896992 0.697013
vt 0.898924 0.687352
vt 0.889263 0.682522
vt 0.907619 0.688318
vt 0.906653 0.675759
vt 0.918246 0.676726
vt 0.920178 0.677692
vt 0.922110 0.685420
vt 0.941432 0.668997
vt 0.937567 0.661268
vt 0.948194 0.664167
vt 0.944330 0.657404
vt 0.963651 0.656438
vt 0.960753 0.650641
vt 0.965584 0.647743
vt 0.969448 0.653540
vt 0.976210 0.641947
vt 0.981041 0.646777
vt 0.983939 0.640015
vt 0.983939 0.653540
vt 0.988770 0.651608
vt 0.986837 0.645811
vt 0.989736 0.643879
vt 0.991668 0.652574
vt 0.989736 0.657404
vt 0.984905 0.663200
vt 0.972346 0.661268
vt 0.977177 0.669963
vt 0.967516 0.664167
vt 0.972346 0.672861
vt 0.957855 0.680590
vt 0.952058 0.672861
vt 0.959787 0.688318
vt 0.978143 0.675759
vt 0.987804 0.668031
vt 0.993600 0.659336
vt 0.952058 0.684454
vt 0.942398 0.705708
vt 0.937567 0.699911
vt 0.945296 0.676726
vt 0.927907 0.693149
vt 0.910517 0.696047
vt 0.917280 0.707640
vt 0.905687 0.703776
vt 0.908585 0.730826
vt 0.897958 0.725996
vt 0.873806 0.741453
vt 0.890229 0.749182
vt 0.929839 0.713437
vt 0.921144 0.736623
vt 0.900856 0.754012
vt 0.869942 0.757876
vt 0.886365 0.761741
vt 0.849654 0.754978
vt 0.915348 0.759808
vt 0.898924 0.768503
vt 0.880569 0.773334
vt 0.866077 0.772367
vt 0.847722 0.769469
vt 0.824536 0.770435
vt 0.808113 0.769469
vt 0.804248 0.758842
vt 0.896992 0.779130
vt 0.912449 0.771401
vt 0.909551 0.783961
vt 0.930805 0.782028
vt 0.926940 0.791689
vt 0.929839 0.766571
vt 0.936601 0.741453
vt 0.938533 0.718267
vt 0.799418 0.748215
vt 0.790723 0.762707
vt 0.788791 0.751114
vt 0.783961 0.740487
vt 0.773334 0.742419
vt 0.771401 0.718267
vt 0.793621 0.737589
vt 0.781062 0.714403
vt 0.764639 0.702810
vt 0.773334 0.698945
vt 0.766571 0.685420
vt 0.758842 0.687352
vt 0.758842 0.671895
vt 0.775266 0.680590
vt 0.767537 0.668031
vt 0.755944 0.652574
vt 0.750148 0.656438
vt 0.751114 0.675759
vt 0.744351 0.658370
vt 0.741453 0.664167
vt 0.747249 0.676726
vt 0.753046 0.689285
vt 0.757876 0.704742
vt 0.763673 0.718267
vt 0.754978 0.720199
vt 0.749182 0.708606
vt 0.739521 0.719233
vt 0.736623 0.709572
vt 0.723097 0.717301
vt 0.727928 0.730826
vt 0.746283 0.743385
vt 0.761741 0.747249
vt 0.779130 0.754978
vt 0.760775 0.767537
vt 0.774300 0.775266
vt 0.727928 0.757876
vt 0.727928 0.710538
vt 0.742419 0.688318
vt 0.733724 0.691217
vt 0.726962 0.693149
vt 0.739521 0.679624
vt 0.731792 0.682522
vt 0.735656 0.666099
vt 0.726962 0.668997
vt 0.739521 0.654506
vt 0.733724 0.649675
vt 0.741453 0.647743
vt 0.743385 0.648709
vt 0.746283 0.647743
vt 0.750148 0.645811
vt 0.745317 0.644845
vt 0.751114 0.643879
vt 0.744351 0.640980
vt 0.755944 0.640980
vt 0.755944 0.644845
vt 0.765605 0.651608
vt 0.774300 0.663200
vt 0.770435 0.646777
vt 0.780096 0.659336
vt 0.783961 0.665133
vt 0.781062 0.673827
vt 0.790723 0.678658
vt 0.788791 0.685420
vt 0.782028 0.692183
vt 0.801350 0.693149
vt 0.792655 0.709572
vt 0.796520 0.681556
vt 0.810045 0.672861
vt 0.814875 0.658370
vt 0.823570 0.632286
vt 0.813909 0.629388
vt 0.346326 0.293191
vt 0.336665 0.290293
vt 0.353088 0.268073
vt 0.343428 0.265175
vt 0.334733 0.323140
vt 0.326038 0.291259
vt 0.321208 0.305750
vt 0.328936 0.284497
vt 0.317344 0.303818
vt 0.317344 0.283531
vt 0.318310 0.276768
vt 0.309615 0.250684
vt 0.318310 0.253582
vt 0.318310 0.248752
vt 0.309615 0.236193
vt 0.300920 0.235227
vt 0.318310 0.233295
vt 0.309615 0.224600
vt 0.316377 0.223634
vt 0.302852 0.224600
vt 0.310581 0.218803
vt 0.301886 0.217837
vt 0.297056 0.222668
vt 0.294158 0.231362
vt 0.292225 0.246820
vt 0.832264 0.711505
vt 0.849654 0.679624
vt 0.857383 0.668997
vt 0.849654 0.668997
vt 0.866077 0.672861
vt 0.875738 0.675759
vt 0.878636 0.664167
vt 0.884433 0.677692
vt 0.869942 0.660302
vt 0.890229 0.633252
vt 0.881535 0.629388
vt 0.891195 0.662234
vt 0.900856 0.635184
vt 0.894094 0.624557
vt 0.904720 0.626489
vt 0.903754 0.601371
vt 0.913415 0.603303
vt 0.885399 0.620693
vt 0.895060 0.597507
vt 0.906653 0.595575
vt 0.915348 0.599439
vt 0.920178 0.583982
vt 0.912449 0.579151
vt 0.897958 0.591710
vt 0.888297 0.589778
vt 0.886365 0.593643
vt 0.875738 0.615862
vt 0.896026 0.575287
vt 0.904720 0.576253
vt 0.908585 0.570457
vt 0.914381 0.572389
vt 0.900856 0.567558
vt 0.908585 0.565626
vt 0.917280 0.568524
vt 0.921144 0.575287
vt 0.871874 0.623591
vt 0.861247 0.651608
vt 0.283531 0.391732
vt 0.267107 0.388833
vt 0.265175 0.358885
vt 0.254548 0.386901
vt 0.252616 0.360817
vt 0.281599 0.408155
vt 0.261311 0.402359
vt 0.259379 0.413952
vt 0.278700 0.418782
vt 0.249718 0.337631
vt 0.245853 0.324106
vt 0.237159 0.300920
vt 0.244888 0.297056
vt 0.229430 0.280632
vt 0.237159 0.276768
vt 0.250684 0.291259
vt 0.244888 0.275802
vt 0.252616 0.296090
vt 0.259379 0.311547
vt 0.242955 0.270972
vt 0.233295 0.264209
vt 0.239091 0.260345
vt 0.231362 0.256480
vt 0.235227 0.254548
vt 0.230396 0.250684
vt 0.225566 0.268073
vt 0.224600 0.258413
vt 0.223634 0.251650
vt 0.782028 0.781062
vt 0.796520 0.771401
vt 0.898924 0.670929
vt 0.922110 0.653540
vt 0.914381 0.647743
vt 0.932737 0.656438
vt 0.893128 0.661268
vt 0.908585 0.640015
vt 0.921144 0.640015
vt 0.915348 0.633252
vt 0.934669 0.623591
vt 0.928873 0.617795
vt 0.931771 0.613930
vt 0.938533 0.618761
vt 0.941432 0.629388
vt 0.927907 0.645811
vt 0.948194 0.635184
vt 0.952058 0.631320
vt 0.945296 0.624557
vt 0.935635 0.651608
vt 0.958821 0.622625
vt 0.954957 0.612964
vt 0.964618 0.611998
vt 0.958821 0.606202
vt 0.948194 0.607168
vt 0.954957 0.602337
vt 0.955923 0.598473
vt 0.948194 0.598473
vt 0.963651 0.604270
vt 0.939499 0.605236
vt 0.355987 0.238125
vt 0.349224 0.238125
vt 0.356953 0.231362
vt 0.348258 0.232328
vt 0.343428 0.237159
vt 0.339563 0.243921
vt 0.347292 0.250684
vt 0.355987 0.252616
vt 0.335699 0.256480
vt 0.333767 0.262277
vt 0.724064 0.685420
vt 0.719233 0.669963
vt 0.724064 0.653540
vt 0.718267 0.654506
vt 0.742419 0.747249
vt 0.760775 0.767537
vt 0.727928 0.757876
vt 0.231362 0.133788
vt 0.230396 0.106738
vt 0.231362 0.075823
vt 0.227498 0.060366
vt 0.222668 0.044909
vt 0.073891 0.105772
vt 0.112534 0.104806
vt 0.072925 0.123161
vt 0.113500 0.125094
vt 0.073891 0.090315
vt 0.111568 0.088382
vt 0.132822 0.088382
vt 0.135720 0.106738
vt 0.150212 0.090315
vt 0.151178 0.108670
vt 0.136686 0.127026
vt 0.156008 0.127992
vt 0.111568 0.142483
vt 0.139585 0.143449
vt 0.072925 0.138619
vt 0.071959 0.151178
vt 0.110602 0.156974
vt 0.111568 0.076789
vt 0.133788 0.072925
vt 0.146347 0.071959
vt 0.163737 0.079688
vt 0.164703 0.094179
vt 0.169533 0.109636
vt 0.174364 0.129924
vt 0.156974 0.142483
vt 0.127992 0.158906
vt 0.125094 0.172431
vt 0.108670 0.169533
vt 0.192719 0.079688
vt 0.192719 0.099009
vt 0.192719 0.112534
vt 0.070993 0.162771
vt 0.124127 0.181126
vt 0.109636 0.187889
vt 0.135720 0.173397
vt 0.134754 0.183058
vt 0.138619 0.158906
vt 0.149246 0.159872
vt 0.146347 0.173397
vt 0.144415 0.184990
vt 0.154076 0.185956
vt 0.156008 0.175330
vt 0.136686 0.193685
vt 0.153110 0.195617
vt 0.173397 0.198516
vt 0.172431 0.187889
vt 0.199482 0.193685
vt 0.196583 0.204312
vt 0.220735 0.211075
vt 0.225566 0.197550
vt 0.174364 0.174364
vt 0.157940 0.158906
vt 0.176296 0.156974
vt 0.201414 0.176296
vt 0.227498 0.179194
vt 0.225566 0.153110
vt 0.200448 0.155042
vt 0.219769 0.132822
vt 0.196583 0.136686
vt 0.174364 0.142483
vt 0.194651 0.123161
vt 0.217837 0.106738
vt 0.218803 0.076789
vt 0.219769 0.061332
vt 0.192719 0.064230
vt 0.217837 0.044909
vt 0.190787 0.048773
vt 0.209143 0.013994
vt 0.183058 0.016892
vt 0.163737 0.065196
vt 0.162771 0.050705
vt 0.162771 0.033316
vt 0.151178 0.054570
vt 0.133788 0.058434
vt 0.109636 0.061332
vt 0.148279 0.034282
vt 0.131856 0.037180
vt 0.105772 0.041044
vt 0.071959 0.080654
vt 0.032350 0.093213
vt 0.031384 0.084518
vt 0.070027 0.067129
vt 0.029451 0.071959
vt 0.067129 0.049739
vt 0.026553 0.057468
vt 0.023655 0.045875
vt 0.062298 0.036214
vt 0.013028 0.057468
vt 0.012062 0.044909
vt 0.014960 0.070993
vt 0.015926 0.084518
vt 0.016892 0.094179
vt 0.016892 0.104806
vt 0.032350 0.105772
vt 0.032350 0.121229
vt 0.014960 0.121229
vt 0.030418 0.133788
vt 0.014960 0.133788
vt 0.030418 0.143449
vt 0.029451 0.148279
vt 0.029451 0.157940
vt 0.069061 0.176296
vt 0.028485 0.167601
vt 0.014960 0.147313
vt 0.013994 0.141517
vt 0.016892 0.164703
vt 0.015926 0.156008
vt 0.488340 0.930805
vt 0.498001 0.949160
vt 0.469018 0.948194
vt 0.476747 0.954957
vt 0.525051 0.930805
vt 0.525051 0.946262
vt 0.486408 0.970414
vt 0.504763 0.967516
vt 0.492204 0.985871
vt 0.508627 0.985871
vt 0.525051 0.966550
vt 0.525051 0.984905
vt 0.456459 0.939499
vt 0.170499 0.869942
vt 0.179194 0.872840
vt 0.170499 0.879602
vt 0.182092 0.880569
vt 0.170499 0.893128
vt 0.178228 0.893128
vt 0.170499 0.913415
vt 0.180160 0.915348
vt 0.186923 0.876704
vt 0.194651 0.896992
vt 0.208176 0.924042
vt 0.180160 0.936601
vt 0.200448 0.949160
vt 0.219769 0.959787
vt 0.192719 0.954957
vt 0.170499 0.931771
vt 0.170499 0.938533
vt 0.179194 0.942398
vt 0.170499 0.943364
vt 0.229430 0.935635
vt 0.206244 0.963651
vt 0.218803 0.978143
vt 0.222668 0.906653
vt 0.206244 0.887331
vt 0.228464 0.900856
vt 0.245853 0.915348
vt 0.244888 0.940466
vt 0.256480 0.931771
vt 0.255514 0.950126
vt 0.248752 0.954957
vt 0.239091 0.947228
vt 0.233295 0.964618
vt 0.244888 0.970414
vt 0.266141 0.944330
vt 0.244888 0.986837
vt 0.100941 0.021723
vt 0.127026 0.018825
vt 0.142483 0.018825
vt 0.161804 0.019791
vt 0.308649 0.279666
vt 0.298988 0.279666
vt 0.309615 0.311547
vt 0.296090 0.309615
vt 0.312513 0.330869
vt 0.324106 0.318310
vt 0.289327 0.283531
vt 0.289327 0.303818
vt 0.290293 0.275802
vt 0.299954 0.249718
vt 0.291259 0.251650
vt 0.282565 0.311547
vt 0.286429 0.304785
vt 0.284497 0.289327
vt 0.276768 0.286429
vt 0.280632 0.330869
vt 0.312513 0.355021
vt 0.283531 0.356953
vt 0.325072 0.350190
vt 0.328936 0.336665
vt 0.270006 0.314445
vt 0.256480 0.320242
vt 0.261311 0.334733
vt 0.267107 0.287395
vt 0.260345 0.291259
vt 0.262277 0.309615
vt 0.260345 0.287395
vt 0.271938 0.262277
vt 0.262277 0.264209
vt 0.255514 0.267107
vt 0.282565 0.281599
vt 0.279666 0.262277
vt 0.277734 0.258413
vt 0.268073 0.249718
vt 0.275802 0.246820
vt 0.266141 0.238125
vt 0.270972 0.236193
vt 0.265175 0.232328
vt 0.260345 0.251650
vt 0.259379 0.240057
vt 0.254548 0.262277
vt 0.253582 0.251650
vt 0.254548 0.240057
vt 0.257446 0.233295
vt 0.838061 0.598473
vt 0.829366 0.600405
vt 0.842891 0.620693
vt 0.833231 0.622625
vt 0.827434 0.594609
vt 0.837095 0.591710
vt 0.824536 0.579151
vt 0.832264 0.577219
vt 0.841925 0.575287
vt 0.845790 0.588812
vt 0.847722 0.595575
vt 0.854484 0.619727
vt 0.818739 0.601371
vt 0.817773 0.595575
vt 0.815841 0.585914
vt 0.815841 0.576253
vt 0.836129 0.567558
vt 0.808113 0.586880
vt 0.811011 0.603303
vt 0.811977 0.573355
vt 0.818739 0.569491
vt 0.822604 0.572389
vt 0.828400 0.569491
vt 0.828400 0.564660
vt 0.822604 0.625523
vt 0.835163 0.630354
vt 0.843858 0.629388
vt 0.847722 0.658370
vt 0.858349 0.652574
vt 0.856417 0.628421
vt 0.838061 0.659336
vt 0.823570 0.657404
vt 0.819705 0.677692
vt 0.838061 0.669963
vt 0.836129 0.682522
vt 0.819705 0.712470
vt 0.806180 0.710538
vt 0.804248 0.730826
vt 0.831298 0.739521
vt 0.812943 0.741453
vt 0.818739 0.755944
vt 0.829366 0.754012
vt 0.851586 0.738555
vt 0.853518 0.708606
vt 0.880569 0.716335
vt 0.874772 0.686386
vt 0.862213 0.682522
vt 0.884433 0.690251
vt 0.896992 0.697013
vt 0.898924 0.687352
vt 0.889263 0.682522
vt 0.907619 0.688318
vt 0.906653 0.675759
vt 0.918246 0.676726
vt 0.920178 0.677692
vt 0.922110 0.685420
vt 0.941432 0.668997
vt 0.937567 0.661268
vt 0.948194 0.664167
vt 0.944330 0.657404
vt 0.963651 0.656438
vt 0.960753 0.650641
vt 0.965584 0.647743
vt 0.969448 0.653540
vt 0.976210 0.641947
vt 0.981041 0.646777
vt 0.983939 0.640015
vt 0.983939 0.653540
vt 0.988770 0.651608
vt 0.986837 0.645811
vt 0.989736 0.643879
vt 0.991668 0.652574
vt 0.989736 0.657404
vt 0.984905 0.663200
vt 0.972346 0.661268
vt 0.977177 0.669963
vt 0.967516 0.664167
vt 0.972346 0.672861
vt 0.957855 0.680590
vt 0.952058 0.672861
vt 0.959787 0.688318
vt 0.978143 0.675759
vt 0.987804 0.668031
vt 0.993600 0.659336
vt 0.952058 0.684454
vt 0.942398 0.705708
vt 0.937567 0.699911
vt 0.945296 0.676726
vt 0.927907 0.693149
vt 0.910517 0.696047
vt 0.917280 0.707640
vt 0.905687 0.703776
vt 0.908585 0.730826
vt 0.897958 0.725996
vt 0.873806 0.741453
vt 0.890229 0.749182
vt 0.929839 0.713437
vt 0.921144 0.736623
vt 0.900856 0.754012
vt 0.869942 0.757876
vt 0.886365 0.761741
vt 0.849654 0.754978
vt 0.915348 0.759808
vt 0.898924 0.768503
vt 0.880569 0.773334
vt 0.866077 0.772367
vt 0.847722 0.769469
vt 0.824536 0.770435
vt 0.808113 0.769469
vt 0.804248 0.758842
vt 0.896992 0.779130
vt 0.912449 0.771401
vt 0.909551 0.783961
vt 0.930805 0.782028
vt 0.926940 0.791689
vt 0.929839 0.766571
vt 0.936601 0.741453
vt 0.938533 0.718267
vt 0.799418 0.748215
vt 0.790723 0.762707
vt 0.788791 0.751114
vt 0.783961 0.740487
vt 0.773334 0.742419
vt 0.771401 0.718267
vt 0.793621 0.737589
vt 0.781062 0.714403
vt 0.764639 0.702810
vt 0.773334 0.698945
vt 0.766571 0.685420
vt 0.758842 0.687352
vt 0.758842 0.671895
vt 0.775266 0.680590
vt 0.767537 0.668031
vt 0.755944 0.652574
vt 0.750148 0.656438
vt 0.751114 0.675759
vt 0.744351 0.658370
vt 0.741453 0.664167
vt 0.747249 0.676726
vt 0.753046 0.689285
vt 0.757876 0.704742
vt 0.763673 0.718267
vt 0.754978 0.720199
vt 0.749182 0.708606
vt 0.739521 0.719233
vt 0.736623 0.709572
vt 0.723097 0.717301
vt 0.727928 0.730826
vt 0.746283 0.743385
vt 0.761741 0.747249
vt 0.779130 0.754978
vt 0.760775 0.767537
vt 0.774300 0.775266
vt 0.727928 0.757876
vt 0.727928 0.710538
vt 0.742419 0.688318
vt 0.733724 0.691217
vt 0.726962 0.693149
vt 0.739521 0.679624
vt 0.731792 0.682522
vt 0.735656 0.666099
vt 0.726962 0.668997
vt 0.739521 0.654506
vt 0.733724 0.649675
vt 0.741453 0.647743
vt 0.743385 0.648709
vt 0.746283 0.647743
vt 0.750148 0.645811
vt 0.745317 0.644845
vt 0.751114 0.643879
vt 0.744351 0.640980
vt 0.755944 0.640980
vt 0.755944 0.644845
vt 0.765605 0.651608
vt 0.774300 0.663200
vt 0.770435 0.646777
vt 0.780096 0.659336
vt 0.783961 0.665133
vt 0.781062 0.673827
vt 0.790723 0.678658
vt 0.788791 0.685420
vt 0.782028 0.692183
vt 0.801350 0.693149
vt 0.792655 0.709572
vt 0.796520 0.681556
vt 0.810045 0.672861
vt 0.814875 0.658370
vt 0.823570 0.632286
vt 0.813909 0.629388
vt 0.343428 0.265175
vt 0.336665 0.290293
vt 0.353088 0.268073
vt 0.346326 0.293191
vt 0.334733 0.323140
vt 0.326038 0.291259
vt 0.321208 0.305750
vt 0.328936 0.284497
vt 0.317344 0.303818
vt 0.317344 0.283531
vt 0.318310 0.276768
vt 0.309615 0.250684
vt 0.318310 0.253582
vt 0.318310 0.248752
vt 0.309615 0.236193
vt 0.300920 0.235227
vt 0.318310 0.233295
vt 0.309615 0.224600
vt 0.316377 0.223634
vt 0.302852 0.224600
vt 0.310581 0.218803
vt 0.301886 0.217837
vt 0.297056 0.222668
vt 0.294158 0.231362
vt 0.292225 0.246820
vt 0.832264 0.711505
vt 0.849654 0.679624
vt 0.857383 0.668997
vt 0.849654 0.668997
vt 0.866077 0.672861
vt 0.875738 0.675759
vt 0.878636 0.664167
vt 0.884433 0.677692
vt 0.869942 0.660302
vt 0.890229 0.633252
vt 0.881535 0.629388
vt 0.891195 0.662234
vt 0.900856 0.635184
vt 0.894094 0.624557
vt 0.904720 0.626489
vt 0.903754 0.601371
vt 0.913415 0.603303
vt 0.885399 0.620693
vt 0.895060 0.597507
vt 0.906653 0.595575
vt 0.915348 0.599439
vt 0.920178 0.583982
vt 0.912449 0.579151
vt 0.897958 0.591710
vt 0.888297 0.589778
vt 0.886365 0.593643
vt 0.875738 0.615862
vt 0.896026 0.575287
vt 0.904720 0.576253
vt 0.908585 0.570457
vt 0.914381 0.572389
vt 0.900856 0.567558
vt 0.908585 0.565626
vt 0.917280 0.568524
vt 0.921144 0.575287
vt 0.871874 0.623591
vt 0.861247 0.651608
vt 0.267107 0.388833
vt 0.283531 0.391732
vt 0.265175 0.358885
vt 0.254548 0.386901
vt 0.252616 0.360817
vt 0.281599 0.408155
vt 0.261311 0.402359
vt 0.259379 0.413952
vt 0.278700 0.418782
vt 0.249718 0.337631
vt 0.245853 0.324106
vt 0.237159 0.300920
vt 0.244888 0.297056
vt 0.229430 0.280632
vt 0.237159 0.276768
vt 0.250684 0.291259
vt 0.244888 0.275802
vt 0.252616 0.296090
vt 0.259379 0.311547
vt 0.242955 0.270972
vt 0.233295 0.264209
vt 0.239091 0.260345
vt 0.231362 0.256480
vt 0.235227 0.254548
vt 0.230396 0.250684
vt 0.225566 0.268073
vt 0.224600 0.258413
vt 0.223634 0.251650
vt 0.782028 0.781062
vt 0.796520 0.771401
vt 0.914381 0.647743
vt 0.898924 0.670929
vt 0.922110 0.653540
vt 0.932737 0.656438
vt 0.893128 0.661268
vt 0.908585 0.640015
vt 0.921144 0.640015
vt 0.915348 0.633252
vt 0.934669 0.623591
vt 0.928873 0.617795
vt 0.931771 0.613930
vt 0.938533 0.618761
vt 0.941432 0.629388
vt 0.927907 0.645811
vt 0.948194 0.635184
vt 0.952058 0.631320
vt 0.945296 0.624557
vt 0.935635 0.651608
vt 0.958821 0.622625
vt 0.954957 0.612964
vt 0.964618 0.611998
vt 0.958821 0.606202
vt 0.948194 0.607168
vt 0.954957 0.602337
vt 0.955923 0.598473
vt 0.948194 0.598473
vt 0.963651 0.604270
vt 0.939499 0.605236
vt 0.348258 0.232328
vt 0.349224 0.238125
vt 0.356953 0.231362
vt 0.355987 0.238125
vt 0.343428 0.237159
vt 0.339563 0.243921
vt 0.347292 0.250684
vt 0.355987 0.252616
vt 0.335699 0.256480
vt 0.333767 0.262277
vt 0.724064 0.685420
vt 0.719233 0.669963
vt 0.724064 0.653540
vt 0.718267 0.654506
vt 0.760775 0.767537
vt 0.742419 0.747249
vt 0.727928 0.757876
vt 0.476747 0.954957
vt 0.498001 0.949160
vt 0.469018 0.948194
vt 0.488340 0.930805
vt 0.525051 0.930805
vt 0.525051 0.946262
vt 0.486408 0.970414
vt 0.504763 0.967516
vt 0.492204 0.985871
vt 0.508627 0.985871
vt 0.525051 0.966550
vt 0.525051 0.984905
vt 0.456459 0.939499
vt 0.179194 0.872840
vt 0.170499 0.869942
vt 0.170499 0.879602
vt 0.182092 0.880569
vt 0.170499 0.893128
vt 0.178228 0.893128
vt 0.170499 0.913415
vt 0.180160 0.915348
vt 0.186923 0.876704
vt 0.194651 0.896992
vt 0.208176 0.924042
vt 0.180160 0.936601
vt 0.200448 0.949160
vt 0.219769 0.959787
vt 0.192719 0.954957
vt 0.170499 0.931771
vt 0.170499 0.938533
vt 0.179194 0.942398
vt 0.170499 0.943364
vt 0.229430 0.935635
vt 0.206244 0.963651
vt 0.218803 0.978143
vt 0.222668 0.906653
vt 0.206244 0.887331
vt 0.228464 0.900856
vt 0.245853 0.915348
vt 0.244888 0.940466
vt 0.256480 0.931771
vt 0.255514 0.950126
vt 0.248752 0.954957
vt 0.239091 0.947228
vt 0.233295 0.964618
vt 0.244888 0.970414
vt 0.266141 0.944330
vt 0.244888 0.986837
vt 0.230396 0.106738
vt 0.231362 0.133788
vt 0.231362 0.075823
vt 0.227498 0.060366
vt 0.222668 0.044909
vn 0.8193 0.5733 -0.0039
vn 0.5920 0.4101 0.6938
vn 0.8115 0.5774 0.0902
vn 0.5606 0.4269 0.7096
vn -0.0274 -0.0000 0.9996
vn 0.0196 -0.0180 0.9996
vn -0.0587 0.0000 0.9983
vn 0.5528 0.4842 0.6782
vn -0.0117 0.1272 0.9918
vn 0.4744 0.6055 0.6390
vn 0.7644 0.6332 -0.1215
vn 0.6703 0.7077 -0.2234
vn 0.7017 0.4770 -0.5292
vn 0.6077 0.5922 -0.5292
vn 0.7566 0.5143 -0.4037
vn 0.4665 0.2131 -0.8585
vn 0.4273 0.1601 -0.8898
vn -0.3175 -0.3054 0.8977
vn -0.3253 -0.2132 0.9212
vn -0.2940 -0.2245 0.9291
vn 0.0980 -0.0819 0.9918
vn 0.2705 0.3673 0.8899
vn 0.5292 0.6870 0.4979
vn 0.7409 0.6387 -0.2077
vn 0.5920 0.5791 -0.5605
vn 0.4273 0.2588 -0.8663
vn -0.0196 -0.2166 -0.9761
vn 0.0276 -0.2156 -0.9761
vn 0.3176 0.1460 0.9369
vn 0.5528 0.4950 0.6704
vn 0.6782 0.6335 0.3724
vn 0.0275 -0.2158 -0.9761
vn -0.2861 -0.3745 -0.8820
vn -0.3645 -0.5537 -0.7487
vn -0.1293 -0.1749 -0.9761
vn -0.3802 -0.3022 -0.8741
vn 0.3960 0.3459 -0.8506
vn 0.3332 0.4526 -0.8271
vn -0.1999 -0.1504 -0.9682
vn -0.4743 -0.3223 -0.8193
vn -0.4900 -0.3730 -0.7879
vn -0.2077 -0.1394 -0.9682
vn -0.5292 -0.4771 -0.7017
vn -0.6076 -0.4261 -0.6703
vn -0.6154 -0.5770 -0.5370
vn -0.4272 -0.5069 -0.7487
vn -0.4978 -0.5689 -0.6547
vn -0.7173 -0.6815 -0.1450
vn -0.7016 -0.7078 -0.0823
vn -0.4978 -0.5949 -0.6311
vn -0.0745 -0.1622 -0.9839
vn 0.3960 0.4443 -0.8036
vn 0.4900 0.3185 -0.8114
vn -0.0039 -0.1788 -0.9839
vn 0.0040 -0.2175 -0.9761
vn 0.5449 0.2644 -0.7957
vn 0.5057 0.2703 -0.8193
vn 0.7723 0.6030 -0.1998
vn 0.7724 0.5358 -0.3410
vn 0.7252 0.4586 -0.5135
vn 0.7645 0.6314 0.1296
vn 0.6861 0.5944 0.4195
vn 0.3646 0.2473 0.8977
vn -0.2312 -0.2323 0.9448
vn -0.1842 -0.3426 0.9212
vn -0.6390 -0.5796 0.5057
vn -0.5762 -0.6599 0.4822
vn -0.7017 -0.7077 -0.0823
vn -0.2549 -0.4598 0.8507
vn -0.5997 -0.6137 0.5136
vn -0.7957 -0.6055 0.0118
vn -0.5997 -0.4488 0.6625
vn -0.5527 -0.4371 0.7096
vn -0.5214 -0.5828 0.6234
vn -0.8114 -0.5842 -0.0196
vn -0.7252 -0.6860 -0.0588
vn -0.6233 -0.7712 -0.1293
vn -0.4037 -0.3367 0.8507
vn -0.0743 0.0000 0.9972
vn -0.5840 -0.3798 0.7174
vn -0.6154 -0.6235 0.4822
vn -0.7251 -0.6428 0.2470
vn -0.6468 -0.7472 -0.1528
vn -0.6546 -0.7312 -0.1921
vn -0.4351 -0.5337 -0.7252
vn -0.3724 -0.5485 -0.7487
vn -0.6781 -0.6894 -0.2548
vn -0.4586 -0.4532 -0.7644
vn -0.7487 -0.6587 0.0745
vn -0.6781 -0.3765 0.6312
vn -0.1293 0.1228 0.9840
vn 0.4979 0.5305 0.6860
vn 0.5528 0.4495 0.7017
vn 0.7880 0.5767 0.2156
vn 0.7644 0.6018 0.2313
vn 0.7958 0.5860 -0.1528
vn 0.8115 0.5774 -0.0901
vn 0.6547 0.4603 -0.5996
vn 0.2784 0.1233 -0.9525
vn -0.0823 -0.2014 -0.9761
vn -0.3723 -0.5485 -0.7487
vn 0.3724 0.1128 -0.9212
vn 0.7096 0.4908 -0.5056
vn -0.0039 -0.0291 -0.9996
vn -0.5292 -0.4772 -0.7016
vn -0.5056 -0.6625 -0.5527
vn -0.7644 -0.4191 -0.4900
vn -0.5369 -0.8282 0.1610
vn -0.6546 -0.4497 0.6077
vn -0.5684 -0.8019 -0.1842
vn -0.3880 -0.7902 -0.4743
vn -0.0430 -0.0000 -0.9991
vn 0.6469 -0.2797 -0.7095
vn -0.1136 0.0597 -0.9917
vn -0.8820 -0.2150 -0.4194
vn -0.0902 0.0913 -0.9917
vn -0.2783 -0.9587 0.0588
vn 0.7644 -0.0854 0.6390
vn 0.2392 -0.0723 0.9683
vn -0.5840 -0.4905 0.6468
vn -0.6311 -0.7620 -0.1450
vn -0.3332 -0.8103 -0.4821
vn -0.6233 -0.7111 -0.3253
vn 0.2470 -0.9681 -0.0431
vn -0.4586 -0.7514 0.4744
vn -0.5292 -0.7699 -0.3567
vn -0.4586 -0.8659 0.2000
vn -0.6624 -0.7462 -0.0666
vn -0.8193 -0.4722 -0.3253
vn -0.1685 -0.0597 -0.9839
vn 0.3881 -0.1233 -0.9133
vn -0.2469 -0.0400 -0.9682
vn -0.7565 -0.1978 0.6233
vn -0.9369 -0.1894 -0.2940
vn -0.1991 0.0000 -0.9800
vn 0.1608 -0.0773 0.9840
vn 0.0824 -0.0977 0.9918
vn -0.7644 -0.2556 0.5920
vn 0.0667 -0.1654 0.9840
vn -0.6624 -0.5861 0.4666
vn -0.0039 -0.3699 0.9291
vn -0.0744 -0.9251 0.3724
vn -0.9212 -0.2011 -0.3332
vn -0.7879 -0.5570 -0.2626
vn -0.1840 0.0000 -0.9829
vn -0.1764 -0.0293 -0.9839
vn -0.2626 -0.2607 -0.9290
vn -0.1842 -0.8693 -0.4586
vn 0.6547 0.2606 0.7096
vn 0.7409 0.1497 0.6547
vn 0.8585 0.3829 -0.3410
vn 0.8977 0.2789 -0.3410
vn 0.7488 0.0204 0.6625
vn 0.9056 0.2169 -0.3645
vn 0.7634 -0.0000 0.6459
vn 0.9212 0.0822 -0.3802
vn 0.1137 -0.0595 -0.9917
vn 0.1137 0.0595 -0.9917
vn 0.1371 0.0000 -0.9906
vn 0.0743 -0.0000 -0.9972
vn -0.1293 -0.1745 0.9761
vn -0.1528 -0.1543 0.9761
vn -0.1371 -0.2424 0.9604
vn -0.1607 -0.4269 0.8899
vn 0.0118 -0.2172 -0.9761
vn -0.8506 -0.4002 0.3411
vn -0.8349 -0.3902 0.3881
vn -0.6781 -0.6864 0.2627
vn -0.0588 -0.9230 0.3803
vn 0.6860 -0.5710 0.4509
vn 0.8037 -0.4578 -0.3802
vn 0.0353 -0.8574 -0.5135
vn -0.0901 -0.1539 0.9840
vn 0.6468 0.2795 0.7096
vn 0.8507 0.3787 -0.3645
vn 0.9526 0.2479 -0.1764
vn 0.7017 -0.2812 -0.6546
vn 0.0666 0.0000 -0.9978
vn 0.6233 0.2254 0.7488
vn -0.0352 -0.1228 0.9918
vn 0.1059 -0.1897 0.9761
vn 0.5684 0.2837 0.7723
vn 0.5606 0.3851 0.7331
vn 0.4587 0.3247 0.8272
vn 0.4038 0.1300 0.9056
vn 0.2470 0.3449 0.9056
vn 0.6704 0.4770 0.5684
vn 0.2391 0.3294 0.9134
vn 0.3489 0.4405 0.8272
vn 0.6704 0.5640 0.4822
vn 0.8193 0.5455 0.1764
vn 0.7801 0.5782 0.2392
vn 0.8036 0.5842 -0.1135
vn 0.8742 0.4847 -0.0274
vn 0.8428 0.4508 0.2940
vn 0.8350 0.5348 -0.1293
vn 0.7880 0.5492 -0.2784
vn 0.7488 0.4709 -0.4664
vn 0.8977 0.4401 0.0196
vn 0.8429 0.3809 -0.3801
vn 0.7017 0.3452 -0.6232
vn 0.3881 -0.1232 -0.9133
vn 0.8272 -0.3650 0.4273
vn 0.9448 0.2154 0.2470
vn 0.8820 0.1605 0.4430
vn 0.1608 -0.1461 0.9761
vn 0.9056 0.1712 0.3881
vn 0.0980 -0.1490 0.9840
vn 0.9370 0.1458 0.3175
vn 0.1294 -0.1227 0.9840
vn 0.1373 -0.1139 0.9840
vn 0.9448 0.0811 0.3176
vn 0.1216 -0.1800 0.9761
vn 0.9369 -0.0206 0.3489
vn 0.0667 -0.4664 0.8820
vn 0.7252 0.0590 -0.6860
vn 0.6076 -0.4498 -0.6546
vn 0.7566 -0.6317 0.1686
vn -0.0196 -0.9708 0.2392
vn -0.1529 -0.8245 -0.5449
vn -0.2234 -0.2401 -0.9447
vn -0.2940 -0.0792 -0.9525
vn 0.6861 0.1611 -0.7095
vn -0.2545 -0.0000 -0.9671
vn 0.7017 0.1925 -0.6860
vn -0.2391 -0.0735 -0.9682
vn -0.1916 -0.0000 -0.9815
vn 0.7409 0.2068 -0.6389
vn -0.8741 -0.3676 -0.3175
vn -0.9604 -0.2020 -0.1921
vn -0.9447 -0.2658 -0.1920
vn -0.7643 -0.6019 -0.2313
vn -0.0898 0.0000 -0.9960
vn -0.6938 -0.4798 -0.5370
vn 0.0040 0.0291 -0.9996
vn 0.7488 0.2462 -0.6154
vn 0.6468 0.3166 -0.6938
vn 0.8428 0.4931 -0.2156
vn 0.5214 0.3948 -0.7565
vn 0.7566 0.5480 -0.3567
vn 0.3489 0.3759 -0.8585
vn 0.6939 0.5203 -0.4978
vn 0.8272 0.5408 -0.1529
vn 0.6234 0.4922 -0.6075
vn -0.1136 -0.0596 -0.9917
vn -0.2231 0.0000 -0.9748
vn 0.1764 0.3670 -0.9133
vn 0.8350 0.5286 -0.1528
vn 0.5841 0.3943 -0.7095
vn 0.7958 0.5793 0.1764
vn -0.4351 -0.0702 -0.8976
vn 0.0824 0.2014 -0.9760
vn 0.5763 0.3277 -0.7487
vn 0.7645 0.6017 0.2313
vn -0.1294 0.1228 0.9840
vn -0.2783 0.1229 0.9526
vn -0.4900 -0.1517 -0.8584
vn -0.8428 -0.4742 -0.2548
vn -0.8428 -0.3647 -0.3959
vn -0.6859 -0.4823 -0.5449
vn -0.6076 -0.5548 -0.5684
vn -0.3802 0.2521 0.8899
vn -0.8114 -0.2113 0.5449
vn -0.8663 0.0407 0.4979
vn -0.8036 0.0621 0.5920
vn -0.9839 -0.1379 0.1137
vn -0.7330 -0.0524 0.6782
vn -0.2704 0.3042 0.9134
vn -0.1136 0.1375 0.9840
vn -0.6076 -0.0999 0.7880
vn -0.0039 0.0264 0.9996
vn -0.5762 -0.0973 0.8115
vn 0.6312 0.2025 0.7488
vn 0.7096 0.1912 0.6782
vn 0.6468 0.1806 0.7409
vn -0.6233 -0.1231 0.7723
vn -0.5840 -0.1600 0.7958
vn -0.9212 -0.3469 0.1764
vn -0.9369 -0.3182 0.1451
vn -0.9055 -0.3270 0.2705
vn -0.8898 -0.3675 0.2705
vn -0.9447 -0.2537 0.2078
vn -0.7955 -0.5113 -0.3253
vn -0.6938 -0.6016 -0.3959
vn -0.2156 -0.7026 -0.6781
vn -0.0117 -0.5502 -0.8349
vn -0.4821 -0.5642 -0.6703
vn -0.8741 -0.3210 -0.3645
vn -0.9839 -0.1544 -0.0901
vn -0.8349 -0.4439 -0.3253
vn -0.8820 -0.4676 -0.0588
vn 0.6547 -0.3641 -0.6624
vn -0.7252 -0.4310 -0.5370
vn -0.0823 -0.2663 -0.9604
vn 0.5042 -0.0000 -0.8636
vn -0.7330 -0.3059 -0.6076
vn -0.1528 -0.1548 -0.9761
vn -0.7095 -0.3945 -0.5840
vn -0.1215 -0.3046 -0.9447
vn -0.8192 -0.5403 0.1922
vn -0.4116 -0.7476 -0.5212
vn -0.2939 -0.9552 0.0353
vn -0.3959 -0.6191 0.6782
vn 0.0746 -0.4176 0.9056
vn 0.6547 -0.2810 0.7017
vn 0.3019 -0.9520 0.0510
vn 0.7801 -0.6256 0.0039
vn 0.1451 -0.7054 -0.6938
vn 0.6547 -0.4601 -0.5997
vn 0.9996 -0.0180 0.0196
vn 0.9840 0.1375 -0.1136
vn 0.9761 0.1370 -0.1685
vn 0.5920 -0.1280 -0.7957
vn 0.4979 0.0407 -0.8663
vn 0.5041 0.0000 -0.8636
vn 0.9840 0.1436 -0.1058
vn 0.9683 -0.1117 0.2235
vn 0.5683 0.1762 0.8037
vn 0.4744 -0.1947 0.8585
vn 0.3960 0.1932 0.8977
vn -0.6703 -0.6779 0.3019
vn -0.1058 -0.1436 0.9840
vn -0.7879 -0.4904 0.3724
vn -0.7095 -0.3701 -0.5997
vn -0.7252 -0.2927 -0.6232
vn 0.7017 -0.2813 -0.6546
vn 0.0744 -0.0000 -0.9972
vn 0.6155 -0.3431 0.7096
vn 0.1294 -0.0000 0.9916
vn 0.1607 -0.0773 0.9840
vn -0.7487 -0.2984 0.5920
vn 0.1372 -0.1139 0.9840
vn 0.1059 -0.0715 0.9918
vn -0.7409 -0.3699 0.5606
vn -0.8663 -0.3046 -0.3959
vn 0.1372 -0.1684 0.9761
vn -0.5450 -0.7070 0.4508
vn 0.1294 -0.4211 0.8977
vn -0.6703 -0.6780 -0.3018
vn 0.0902 -0.9491 0.3019
vn -0.0274 -0.9000 -0.4351
vn -0.1842 -0.2713 -0.9447
vn -0.1446 0.0000 -0.9895
vn -0.1763 0.0292 -0.9839
vn 0.6625 0.5055 0.5528
vn 0.8037 0.4931 0.3331
vn 0.9369 0.1890 0.2940
vn 0.8977 0.4397 0.0273
vn 0.8193 0.3639 0.4430
vn 0.9212 0.3669 -0.1293
vn 0.8428 0.2543 -0.4743
vn 0.9604 0.2778 0.0196
vn 0.8115 0.2303 0.5371
vn 0.7409 0.3173 -0.5919
vn 0.8350 0.3155 0.4508
vn 0.6468 -0.2797 -0.7095
vn -0.0431 -0.0000 -0.9991
vn 0.7253 0.3087 -0.6154
vn -0.1137 0.0596 -0.9917
vn 0.7409 0.2689 -0.6154
vn -0.0901 0.0914 -0.9917
vn 0.8742 0.3020 0.3802
vn 0.9056 0.2168 0.3646
vn 0.7331 0.1846 -0.6546
vn -0.1447 -0.0000 -0.9895
vn 0.7331 0.1154 -0.6703
vn 0.9291 0.0976 0.3568
vn 0.1608 -0.0772 0.9840
vn 0.1373 -0.1684 0.9761
vn 0.9510 0.0000 0.3092
vn 0.8429 -0.4781 0.2470
vn 0.7096 -0.4165 -0.5684
vn -0.8506 -0.5006 -0.1607
vn -0.7173 -0.6887 -0.1058
vn -0.6860 -0.4823 -0.5449
vn -0.6311 -0.4282 0.6468
vn -0.6860 -0.2190 0.6939
vn 0.1294 -0.1228 0.9840
vn 0.8271 -0.3649 0.4274
vn -0.6938 -0.3000 0.6547
vn -0.5685 -0.6775 0.4666
vn -0.0195 -0.9708 0.2392
vn -0.7644 -0.6019 -0.2312
vn -0.1528 -0.8245 -0.5449
vn 0.8820 0.3408 0.3254
vn 0.7017 0.3590 -0.6154
vn 0.8350 0.3977 0.3803
vn 0.8899 0.2634 0.3725
vn 0.1607 -0.0772 0.9840
vn 0.9056 0.1880 0.3803
vn 0.0981 -0.0819 0.9918
vn 0.0823 -0.0977 0.9918
vn 0.9134 0.1227 0.3881
vn 0.7253 0.2925 -0.6232
vn 0.7644 0.1649 -0.6233
vn -0.1764 -0.0292 -0.9839
vn 0.7644 0.0860 -0.6389
vn 0.6703 -0.4771 -0.5684
vn 0.9044 0.0000 0.4267
vn 0.7722 -0.5409 0.3334
vn -0.0039 -0.3698 0.9291
vn -0.6076 -0.6251 -0.4901
vn -0.7487 -0.2652 -0.6076
vn 0.7488 0.6294 -0.2077
vn 0.6861 0.5999 0.4116
vn 0.3646 0.2742 0.8899
vn -0.2156 -0.1763 0.9604
vn -0.6625 -0.5140 0.5449
vn -0.5605 0.4270 0.7096
vn -0.5919 0.4102 0.6938
vn -0.8114 0.5775 0.0902
vn -0.8192 0.5734 -0.0039
vn 0.0275 -0.0000 0.9996
vn -0.0196 -0.0181 0.9996
vn 0.0588 0.0000 0.9983
vn -0.5527 0.4843 0.6782
vn 0.0118 0.1272 0.9918
vn -0.4743 0.6056 0.6390
vn -0.7644 0.6332 -0.1215
vn -0.6703 0.7077 -0.2234
vn -0.7016 0.4772 -0.5292
vn -0.6076 0.5923 -0.5292
vn -0.7565 0.5145 -0.4037
vn -0.4665 0.2133 -0.8584
vn -0.4272 0.1603 -0.8898
vn 0.3176 -0.3054 0.8977
vn 0.3254 -0.2131 0.9212
vn 0.2940 -0.2244 0.9291
vn -0.0980 -0.0820 0.9918
vn -0.2705 0.3674 0.8899
vn -0.5291 0.6871 0.4979
vn -0.7409 0.6387 -0.2077
vn -0.5919 0.5792 -0.5605
vn -0.4272 0.2589 -0.8663
vn 0.0196 -0.2167 -0.9761
vn -0.0276 -0.2156 -0.9761
vn -0.3175 0.1462 0.9369
vn -0.5527 0.4952 0.6703
vn -0.6781 0.6336 0.3724
vn -0.0274 -0.2158 -0.9761
vn 0.2862 -0.3745 -0.8820
vn 0.3646 -0.5536 -0.7487
vn 0.1294 -0.1749 -0.9760
vn 0.3803 -0.3021 -0.8741
vn -0.3959 0.3461 -0.8506
vn -0.3332 0.4527 -0.8271
vn 0.2000 -0.1503 -0.9682
vn 0.4744 -0.3222 -0.8193
vn 0.4901 -0.3729 -0.7879
vn 0.2078 -0.1392 -0.9682
vn 0.5292 -0.4771 -0.7017
vn 0.6076 -0.4260 -0.6703
vn 0.6155 -0.5769 -0.5370
vn 0.4273 -0.5068 -0.7487
vn 0.4979 -0.5688 -0.6547
vn 0.7174 -0.6814 -0.1450
vn 0.7017 -0.7077 -0.0823
vn 0.4979 -0.5948 -0.6311
vn 0.0745 -0.1622 -0.9839
vn -0.3959 0.4445 -0.8036
vn -0.4900 0.3187 -0.8114
vn 0.0040 -0.1788 -0.9839
vn -0.0039 -0.2175 -0.9760
vn -0.5449 0.2645 -0.7957
vn -0.5056 0.2705 -0.8193
vn -0.7722 0.6031 -0.1999
vn -0.7723 0.5360 -0.3410
vn -0.7252 0.4587 -0.5135
vn -0.7644 0.6315 0.1295
vn -0.6859 0.5946 0.4195
vn -0.3645 0.2474 0.8977
vn 0.2313 -0.2322 0.9448
vn 0.1843 -0.3426 0.9212
vn 0.6390 -0.5796 0.5057
vn 0.5763 -0.6598 0.4822
vn 0.2549 -0.4598 0.8507
vn 0.5998 -0.6136 0.5136
vn 0.7958 -0.6054 0.0118
vn 0.5998 -0.4487 0.6625
vn 0.5528 -0.4370 0.7096
vn 0.5214 -0.5827 0.6234
vn 0.8115 -0.5841 -0.0195
vn 0.7253 -0.6859 -0.0588
vn 0.6234 -0.7712 -0.1293
vn 0.4038 -0.3366 0.8507
vn 0.0743 0.0000 0.9972
vn 0.5841 -0.3796 0.7174
vn 0.6155 -0.6234 0.4822
vn 0.7252 -0.6427 0.2470
vn 0.6468 -0.7472 -0.1528
vn 0.6547 -0.7311 -0.1921
vn 0.4352 -0.5336 -0.7252
vn 0.3725 -0.5484 -0.7487
vn 0.6782 -0.6893 -0.2548
vn 0.4587 -0.4532 -0.7643
vn 0.7488 -0.6586 0.0745
vn 0.6782 -0.3764 0.6312
vn 0.1294 0.1228 0.9840
vn -0.4978 0.5306 0.6860
vn -0.5527 0.4496 0.7017
vn -0.7879 0.5768 0.2156
vn -0.7644 0.6019 0.2313
vn -0.7957 0.5861 -0.1528
vn -0.8114 0.5775 -0.0901
vn -0.6546 0.4602 -0.5997
vn -0.2783 0.1235 -0.9525
vn 0.0824 -0.2013 -0.9761
vn 0.3724 -0.5484 -0.7487
vn -0.3724 0.1131 -0.9212
vn -0.7095 0.4909 -0.5056
vn 0.4587 -0.4532 -0.7644
vn 0.0040 -0.0291 -0.9996
vn 0.3254 0.6670 -0.6703
vn 0.3646 0.5085 -0.7801
vn 0.5606 0.8073 -0.1842
vn 0.7566 0.5953 -0.2704
vn -0.0039 0.4995 -0.8663
vn -0.0039 0.3700 -0.9290
vn 0.8350 0.1977 -0.5135
vn 0.3724 0.1647 -0.9133
vn 0.8339 -0.0000 -0.5519
vn 0.3721 -0.0000 -0.9282
vn 0.0040 0.1283 -0.9917
vn 0.0118 -0.1278 -0.9917
vn 0.5214 0.8457 -0.1137
vn 0.0118 0.8672 0.4979
vn -0.2861 0.8090 0.5135
vn 0.0040 0.6056 0.7958
vn -0.1607 0.6609 0.7331
vn -0.0039 0.1783 0.9840
vn 0.0980 0.2298 0.9683
vn -0.0039 -0.1783 0.9840
vn 0.4116 -0.1025 0.9056
vn -0.1294 0.8483 0.5135
vn 0.3724 0.3116 0.8742
vn 0.7149 -0.0000 0.6992
vn 0.5370 -0.3208 0.7802
vn 0.7645 -0.2364 0.5998
vn 0.9748 0.0000 0.2232
vn 0.7331 -0.4459 0.5136
vn -0.0039 -0.1277 0.9918
vn -0.0039 -0.3890 0.9212
vn 0.5371 -0.5851 0.6077
vn -0.0039 -0.6056 0.7958
vn 0.8899 -0.1966 0.4116
vn 0.9996 0.0181 -0.0196
vn 0.3725 0.5691 0.7331
vn 0.2235 0.6765 0.7017
vn -0.0823 0.8678 0.4901
vn 0.4352 0.5000 0.7488
vn 0.6860 0.6427 0.3411
vn 0.5214 0.7386 0.4274
vn 0.8899 0.3932 0.2313
vn 0.9761 0.1684 -0.1372
vn 0.5214 0.8457 -0.1136
vn 0.3646 -0.5537 -0.7487
vn 0.5293 -0.4771 -0.7016
vn 0.6547 -0.4497 0.6076
vn 0.7644 -0.4190 -0.4901
vn 0.5373 -0.8278 0.1611
vn 0.5057 -0.6624 -0.5527
vn 0.5684 -0.8019 -0.1842
vn 0.3881 -0.7902 -0.4743
vn 0.0431 -0.0000 -0.9991
vn -0.6468 -0.2799 -0.7095
vn 0.8820 -0.2148 -0.4194
vn 0.0902 0.0913 -0.9917
vn 0.2785 -0.9586 0.0588
vn -0.7644 -0.0861 0.6390
vn -0.2391 -0.0726 0.9683
vn 0.5841 -0.4903 0.6469
vn 0.6312 -0.7620 -0.1450
vn 0.3332 -0.8103 -0.4821
vn 0.6233 -0.7111 -0.3253
vn -0.2469 -0.9681 -0.0431
vn 0.4587 -0.7514 0.4744
vn 0.5292 -0.7699 -0.3567
vn 0.4588 -0.8658 0.1999
vn 0.6625 -0.7461 -0.0666
vn 0.8193 -0.4721 -0.3253
vn 0.1686 -0.0594 -0.9839
vn -0.3881 -0.1235 -0.9133
vn 0.2470 -0.0395 -0.9682
vn 0.7566 -0.1975 0.6233
vn 0.9369 -0.1891 -0.2940
vn 0.2000 -0.0857 -0.9760
vn -0.1607 -0.0774 0.9840
vn -0.0823 -0.0977 0.9918
vn 0.7644 -0.2554 0.5920
vn -0.0666 -0.1655 0.9840
vn 0.6625 -0.5860 0.4666
vn 0.0039 -0.3698 0.9291
vn 0.0745 -0.9251 0.3724
vn 0.9212 -0.2008 -0.3332
vn 0.7880 -0.5569 -0.2626
vn 0.1841 0.0000 -0.9829
vn 0.1765 -0.0288 -0.9839
vn 0.2627 -0.2607 -0.9290
vn 0.1842 -0.8693 -0.4586
vn -0.8977 0.2791 -0.3410
vn -0.7408 0.1501 0.6547
vn -0.8585 0.3831 -0.3410
vn -0.6545 0.2610 0.7096
vn -0.7487 0.0230 0.6625
vn -0.9055 0.2172 -0.3645
vn -0.7634 -0.0000 0.6460
vn -0.9212 0.0830 -0.3802
vn -0.1137 -0.0596 -0.9917
vn -0.1136 0.0596 -0.9917
vn -0.1370 0.0000 -0.9906
vn -0.0743 -0.0000 -0.9972
vn 0.1294 -0.1745 0.9761
vn 0.1529 -0.1543 0.9761
vn 0.1372 -0.2423 0.9605
vn 0.1608 -0.4269 0.8899
vn -0.0117 -0.2172 -0.9761
vn 0.8507 -0.4000 0.3411
vn 0.8350 -0.3901 0.3881
vn 0.6782 -0.6863 0.2627
vn 0.0589 -0.9230 0.3803
vn -0.6860 -0.5711 0.4509
vn -0.8036 -0.4579 -0.3802
vn -0.0353 -0.8574 -0.5135
vn 0.0902 -0.1538 0.9840
vn -0.6468 0.2797 0.7096
vn -0.8506 0.3789 -0.3645
vn -0.9525 0.2481 -0.1764
vn -0.7017 -0.2814 -0.6546
vn -0.0665 0.0000 -0.9978
vn -0.6232 0.2256 0.7488
vn 0.0353 -0.1228 0.9918
vn -0.1058 -0.1897 0.9761
vn -0.5683 0.2838 0.7723
vn -0.5605 0.3852 0.7331
vn -0.4586 0.3248 0.8272
vn -0.4037 0.1302 0.9056
vn -0.2469 0.3449 0.9056
vn -0.6702 0.4771 0.5685
vn -0.2391 0.3295 0.9134
vn -0.3488 0.4405 0.8272
vn -0.6703 0.5641 0.4822
vn -0.8192 0.5456 0.1764
vn -0.7800 0.5782 0.2392
vn -0.8036 0.5843 -0.1136
vn -0.8742 0.4849 -0.0274
vn -0.8428 0.4509 0.2940
vn -0.8350 0.5349 -0.1293
vn -0.7879 0.5493 -0.2783
vn -0.7487 0.4711 -0.4664
vn -0.8976 0.4403 0.0196
vn -0.8428 0.3810 -0.3802
vn -0.7017 0.3453 -0.6233
vn -0.3880 -0.1235 -0.9133
vn -0.8271 -0.3651 0.4273
vn -0.9447 0.2158 0.2471
vn -0.8820 0.1609 0.4430
vn -0.1607 -0.1462 0.9761
vn -0.9055 0.1716 0.3881
vn -0.0980 -0.1490 0.9840
vn -0.9369 0.1464 0.3176
vn -0.1293 -0.1228 0.9840
vn -0.1372 -0.1140 0.9840
vn -0.9447 0.0820 0.3176
vn -0.1215 -0.1801 0.9761
vn -0.9369 -0.0238 0.3489
vn -0.0666 -0.4664 0.8820
vn -0.7252 0.0598 -0.6860
vn -0.6076 -0.4499 -0.6546
vn -0.7565 -0.6319 0.1686
vn 0.0196 -0.9708 0.2391
vn 0.1529 -0.8245 -0.5448
vn 0.2235 -0.2400 -0.9447
vn 0.2940 -0.0789 -0.9525
vn -0.6860 0.1615 -0.7095
vn 0.2545 0.0000 -0.9671
vn -0.7016 0.1927 -0.6860
vn 0.2392 -0.0733 -0.9682
vn 0.1916 0.0000 -0.9815
vn -0.7409 0.2071 -0.6389
vn 0.8742 -0.3674 -0.3175
vn 0.9604 -0.2017 -0.1920
vn 0.9448 -0.2656 -0.1920
vn 0.7645 -0.6018 -0.2312
vn 0.0899 0.0000 -0.9960
vn 0.6860 -0.4909 -0.5370
vn -0.0039 0.0291 -0.9996
vn -0.7487 0.2465 -0.6154
vn -0.6468 0.3167 -0.6938
vn -0.8428 0.4932 -0.2156
vn -0.5213 0.3948 -0.7565
vn -0.7565 0.5481 -0.3567
vn -0.3489 0.3760 -0.8584
vn -0.6938 0.5204 -0.4978
vn -0.8271 0.5409 -0.1529
vn -0.6234 0.4922 -0.6076
vn 0.2232 -0.0000 -0.9748
vn -0.1764 0.3671 -0.9133
vn -0.8349 0.5287 -0.1529
vn -0.5841 0.3942 -0.7095
vn -0.7957 0.5794 0.1764
vn 0.4352 -0.0697 -0.8976
vn -0.0823 0.2014 -0.9760
vn -0.5762 0.3278 -0.7487
vn 0.2784 0.1227 0.9526
vn 0.0040 -0.0290 -0.9996
vn 0.4900 -0.1514 -0.8585
vn 0.8429 -0.4740 -0.2547
vn 0.6782 -0.6893 -0.2547
vn 0.8428 -0.3645 -0.3959
vn 0.6860 -0.4822 -0.5449
vn 0.6076 -0.5547 -0.5684
vn 0.3803 0.2520 0.8899
vn 0.8115 -0.2111 0.5449
vn 0.8664 0.0391 0.4979
vn 0.8036 0.0612 0.5920
vn 0.9840 -0.1374 0.1137
vn 0.7331 -0.0513 0.6782
vn 0.2705 0.3042 0.9134
vn 0.1137 0.1374 0.9840
vn 0.6076 -0.0994 0.7880
vn 0.0040 0.0263 0.9996
vn 0.5763 -0.0970 0.8115
vn -0.6311 0.2027 0.7488
vn -0.7095 0.1915 0.6782
vn -0.6468 0.1809 0.7409
vn 0.6233 -0.1227 0.7723
vn 0.5841 -0.1597 0.7958
vn 0.9213 -0.3466 0.1764
vn 0.9369 -0.3180 0.1451
vn 0.9056 -0.3268 0.2705
vn 0.8899 -0.3673 0.2705
vn 0.9448 -0.2534 0.2078
vn 0.7954 -0.5113 -0.3253
vn 0.6939 -0.6015 -0.3959
vn 0.2156 -0.7026 -0.6781
vn 0.0118 -0.5502 -0.8349
vn 0.4822 -0.5641 -0.6703
vn 0.8742 -0.3208 -0.3645
vn 0.9840 -0.1538 -0.0901
vn 0.8350 -0.4438 -0.3253
vn 0.8820 -0.4675 -0.0588
vn -0.6546 -0.3642 -0.6625
vn 0.7253 -0.4308 -0.5370
vn 0.0824 -0.2663 -0.9604
vn -0.5041 0.0000 -0.8636
vn 0.7331 -0.3057 -0.6076
vn 0.1529 -0.1547 -0.9761
vn 0.7097 -0.3942 -0.5839
vn 0.1216 -0.3046 -0.9447
vn 0.8193 -0.5402 0.1921
vn 0.4117 -0.7475 -0.5213
vn 0.2940 -0.9552 0.0353
vn 0.3960 -0.6191 0.6782
vn -0.0745 -0.4176 0.9056
vn -0.6546 -0.2812 0.7017
vn -0.3018 -0.9520 0.0509
vn -0.7801 -0.6257 0.0039
vn -0.1450 -0.7054 -0.6938
vn -0.6546 -0.4602 -0.5997
vn -0.9996 -0.0217 0.0196
vn -0.9839 0.1380 -0.1136
vn -0.9761 0.1376 -0.1685
vn -0.5919 -0.1284 -0.7957
vn -0.4978 0.0416 -0.8663
vn -0.9839 0.1441 -0.1058
vn -0.9682 -0.1124 0.2235
vn -0.5683 0.1764 0.8037
vn -0.4743 -0.1950 0.8585
vn -0.3959 0.1933 0.8977
vn 0.6704 -0.6778 0.3019
vn 0.1059 -0.1435 0.9840
vn 0.7880 -0.4903 0.3724
vn 0.7252 -0.2925 -0.6233
vn 0.7096 -0.3699 -0.5997
vn 0.8350 -0.3900 0.3881
vn 0.7880 -0.4903 0.3725
vn 0.6703 -0.6779 0.3019
vn -0.7016 -0.2814 -0.6546
vn -0.6154 -0.3432 0.7096
vn -0.1293 -0.0000 0.9916
vn 0.7488 -0.2982 0.5920
vn -0.1058 -0.0716 0.9918
vn 0.7409 -0.3698 0.5606
vn 0.8664 -0.3044 -0.3959
vn -0.1372 -0.1684 0.9761
vn 0.5450 -0.7070 0.4508
vn -0.1293 -0.4211 0.8977
vn 0.6704 -0.6779 -0.3018
vn -0.0901 -0.9491 0.3019
vn 0.0275 -0.9000 -0.4351
vn 0.1843 -0.2713 -0.9447
vn 0.1448 0.0000 -0.9895
vn 0.1765 0.0288 -0.9839
vn -0.6625 0.5056 0.5528
vn -0.8036 0.4932 0.3332
vn -0.9368 0.1895 0.2940
vn -0.8976 0.4399 0.0274
vn -0.8192 0.3641 0.4430
vn -0.9212 0.3671 -0.1293
vn -0.8428 0.2545 -0.4743
vn -0.9604 0.2780 0.0196
vn -0.8114 0.2306 0.5371
vn -0.7408 0.3175 -0.5919
vn -0.8349 0.3157 0.4508
vn 0.0432 0.0000 -0.9991
vn -0.7252 0.3089 -0.6154
vn -0.7409 0.2691 -0.6154
vn -0.8741 0.3023 0.3801
vn -0.9055 0.2172 0.3646
vn -0.7330 0.1849 -0.6546
vn 0.1447 -0.0000 -0.9895
vn -0.7330 0.1158 -0.6703
vn -0.9290 0.0983 0.3568
vn -0.1371 -0.1684 0.9761
vn -0.9510 0.0000 0.3092
vn -0.8428 -0.4783 0.2470
vn -0.7095 -0.4166 -0.5684
vn -0.1293 -0.4212 0.8977
vn 0.0274 -0.9000 -0.4351
vn 0.1842 -0.2713 -0.9447
vn 0.8507 -0.5005 -0.1607
vn 0.7174 -0.6886 -0.1058
vn 0.6860 -0.4822 -0.5448
vn 0.6077 -0.5547 -0.5684
vn 0.6311 -0.4281 0.6469
vn 0.9605 -0.2016 -0.1920
vn 0.6860 -0.2188 0.6939
vn -0.1607 -0.1461 0.9761
vn -0.8271 -0.3650 0.4275
vn 0.6939 -0.2999 0.6547
vn -0.1215 -0.1800 0.9761
vn 0.5684 -0.6777 0.4665
vn -0.0666 -0.4664 0.8821
vn 0.0196 -0.9708 0.2392
vn 0.9448 -0.2656 -0.1921
vn -0.8350 0.3978 0.3803
vn -0.8819 0.3409 0.3255
vn -0.7017 0.3591 -0.6154
vn 0.1686 -0.0595 -0.9839
vn -0.8898 0.2637 0.3724
vn -0.9055 0.1883 0.3803
vn -0.0979 -0.0820 0.9918
vn -0.9133 0.1233 0.3881
vn -0.7252 0.2928 -0.6232
vn -0.7643 0.1653 -0.6233
vn 0.1764 -0.0288 -0.9839
vn -0.7644 0.0867 -0.6389
vn -0.6703 -0.4772 -0.5684
vn -0.9044 0.0000 0.4268
vn -0.7721 -0.5412 0.3331
vn 0.0746 -0.9251 0.3724
vn 0.0040 -0.3699 0.9291
vn 0.1843 -0.8693 -0.4586
vn -0.0666 -0.1654 0.9840
vn -0.0352 -0.8574 -0.5135
vn 0.6076 -0.6250 -0.4900
vn 0.0588 -0.9230 0.3802
vn 0.7488 -0.2650 -0.6076
vn 0.8350 -0.4437 -0.3253
vn -0.7565 0.5954 -0.2704
vn -0.3644 0.5086 -0.7801
vn -0.5605 0.8074 -0.1842
vn -0.3253 0.6670 -0.6703
vn -0.8271 0.2286 -0.5135
vn -0.3802 0.1458 -0.9133
vn -0.8428 -0.0369 -0.5370
vn -0.4039 -0.0533 -0.9133
vn 0.0039 0.1283 -0.9917
vn -0.5213 0.8458 -0.1137
vn 0.2864 0.8138 0.5057
vn 0.0040 0.6055 0.7958
vn 0.1607 0.6609 0.7331
vn -0.0980 0.2298 0.9683
vn -0.4116 -0.1028 0.9056
vn 0.1294 0.8529 0.5058
vn -0.3724 0.3117 0.8742
vn -0.7148 0.0000 0.6993
vn -0.5370 -0.3210 0.7801
vn -0.7644 -0.2157 0.6076
vn -0.9748 0.0000 0.2232
vn -0.7330 -0.4174 0.5371
vn -0.5448 -0.5860 0.5998
vn -0.0039 -0.6056 0.7957
vn -0.8898 -0.1797 0.4195
vn -0.9994 -0.0000 -0.0352
vn -0.3724 0.5692 0.7330
vn -0.2234 0.6765 0.7017
vn 0.0823 0.8678 0.4900
vn -0.4351 0.5000 0.7488
vn -0.6860 0.6428 0.3410
vn -0.5213 0.7386 0.4274
vn -0.7565 0.5954 -0.2705
vn -0.8898 0.3934 0.2313
vn -0.9761 0.1621 -0.1450
vn -0.5213 0.8458 -0.1136
vn -0.6860 0.6000 0.4116
vn -0.7487 0.6296 -0.2077
vn -0.3645 0.2743 0.8899
vn 0.2156 -0.1762 0.9604
vn 0.6625 -0.5139 0.5449
usemtl Material.001
s 1
f 1926/1926/1842 1927/1927/1843 1928/1928/1844
f 1929/1929/1845 1928/1928/1844 1927/1927/1843
f 1929/1929/1845 1927/1927/1843 1930/1930/1846
f 1931/1931/1847 1930/1930/1846 1927/1927/1843
f 1931/1931/1847 1927/1927/1843 1932/1932/1848
f 1933/1933/1849 1932/1932/1848 1927/1927/1843
f 1927/1927/1843 1926/1926/1842 1933/1933/1849
f 1932/1932/1848 1933/1933/1849 1934/1934/1850
f 1935/1935/1851 1934/1934/1850 1933/1933/1849
f 1933/1933/1849 1936/1936/1852 1935/1935/1851
f 1936/1936/1852 1933/1933/1849 1926/1926/1842
f 1937/1937/1853 1935/1935/1851 1936/1936/1852
f 1926/1926/1842 1938/1938/1854 1936/1936/1852
f 1939/1939/1855 1936/1936/1852 1938/1938/1854
f 1936/1936/1852 1939/1939/1855 1937/1937/1853
f 1938/1938/1854 1926/1926/1842 1940/1940/1856
f 1928/1928/1844 1940/1940/1856 1926/1926/1842
f 1940/1940/1856 1941/1941/1857 1938/1938/1854
f 1942/1942/1858 1938/1938/1854 1941/1941/1857
f 1931/1931/1847 1932/1932/1848 1943/1943/1859
f 1931/1931/1847 1943/1943/1859 1930/1930/1846
f 1944/1944/1860 1943/1943/1859 1932/1932/1848
f 1934/1934/1850 1945/1945/1861 1932/1932/1848
f 1944/1944/1860 1932/1932/1848 1945/1945/1861
f 1945/1945/1861 1934/1934/1850 1946/1946/1862
f 1947/1947/1863 1946/1946/1862 1934/1934/1850
f 1934/1934/1850 1935/1935/1851 1947/1947/1863
f 1948/1948/1864 1947/1947/1863 1935/1935/1851
f 1935/1935/1851 1937/1937/1853 1948/1948/1864
f 1949/1949/1865 1948/1948/1864 1937/1937/1853
f 1950/1950/1866 1937/1937/1853 1939/1939/1855
f 1937/1937/1853 1950/1950/1866 1949/1949/1865
f 1942/1942/1858 1951/1951/1867 1938/1938/1854
f 1939/1939/1855 1938/1938/1854 1951/1951/1867
f 1951/1951/1867 1942/1942/1858 1952/1952/1868
f 1953/1953/1869 1952/1952/1868 1942/1942/1858
f 1946/1946/1862 1947/1947/1863 1954/1954/1870
f 1955/1955/1871 1954/1954/1870 1947/1947/1863
f 1947/1947/1863 1948/1948/1864 1955/1955/1871
f 1956/1956/1872 1955/1955/1871 1948/1948/1864
f 1948/1948/1864 1949/1949/1865 1956/1956/1872
f 1953/1953/1869 1942/1942/1858 1957/1957/1873
f 1941/1941/1857 1957/1957/1873 1942/1942/1858
f 1952/1952/1868 1953/1953/1869 1958/1958/1874
f 1959/1959/1875 1958/1958/1874 1953/1953/1869
f 1952/1952/1868 1958/1958/1874 1960/1960/1876
f 1952/1952/1868 1960/1960/1876 1951/1951/1867
f 1961/1961/1877 1960/1960/1876 1958/1958/1874
f 1962/1962/1878 1951/1951/1867 1960/1960/1876
f 1962/1962/1878 1939/1939/1855 1951/1951/1867
f 1950/1950/1866 1939/1939/1855 1963/1963/1879
f 1962/1962/1878 1963/1963/1879 1939/1939/1855
f 1960/1960/1876 1964/1964/1880 1962/1962/1878
f 1963/1963/1879 1962/1962/1878 1964/1964/1880
f 1964/1964/1880 1960/1960/1876 1965/1965/1881
f 1961/1961/1877 1965/1965/1881 1960/1960/1876
f 1965/1965/1881 1966/1966/1882 1964/1964/1880
f 1967/1967/1883 1964/1964/1880 1966/1966/1882
f 1964/1964/1880 1967/1967/1883 1963/1963/1879
f 1959/1959/1875 1968/1968/1884 1958/1958/1874
f 1961/1961/1877 1958/1958/1874 1968/1968/1884
f 1968/1968/1884 1965/1965/1881 1961/1961/1877
f 1966/1966/1882 1965/1965/1881 1969/1969/1885
f 1968/1968/1884 1969/1969/1885 1965/1965/1881
f 1969/1969/1885 1970/1970/1886 1966/1966/1882
f 1971/1971/1887 1966/1966/1882 1970/1970/1886
f 1966/1966/1882 1971/1971/1887 1967/1967/1883
f 1971/1971/1887 1970/1970/1886 1972/1972/1888
f 1973/1973/1889 1972/1972/1888 1970/1970/1886
f 1973/1973/1889 1974/1974/1890 1972/1972/1888
f 1975/1975/1891 1972/1972/1888 1974/1974/1890
f 1976/1976/1892 1967/1967/1883 1971/1971/1887
f 1971/1971/1887 1972/1972/1888 1976/1976/1892
f 1967/1967/1883 1976/1976/1892 1977/1977/1893
f 1977/1977/1893 1963/1963/1879 1967/1967/1883
f 1978/1978/1894 1977/1977/1893 1976/1976/1892
f 1979/1979/1895 1976/1976/1892 1972/1972/1888
f 1972/1972/1888 1975/1975/1891 1979/1979/1895
f 1976/1976/1892 1979/1979/1895 1978/1978/1894
f 1980/1980/1896 1979/1979/1895 1975/1975/1891
f 1980/1980/1896 1981/1981/1897 1979/1979/1895
f 1982/1982/1898 1979/1979/1895 1981/1981/1897
f 1982/1982/1898 1978/1978/1894 1979/1979/1895
f 1981/1981/1897 1983/1983/1899 1982/1982/1898
f 1984/1984/1900 1982/1982/1898 1983/1983/1899
f 1982/1982/1898 1984/1984/1900 1978/1978/1894
f 1985/1985/1901 1978/1978/1894 1984/1984/1900
f 1978/1978/1894 1985/1985/1901 1977/1977/1893
f 1950/1950/1866 1977/1977/1893 1985/1985/1901
f 1984/1984/1900 1983/1983/1899 1986/1986/1902
f 1987/1987/1903 1986/1986/1902 1983/1983/1899
f 1985/1985/1901 1984/1984/1900 1949/1949/1865
f 1986/1986/1902 1949/1949/1865 1984/1984/1900
f 1985/1985/1901 1949/1949/1865 1950/1950/1866
f 1977/1977/1893 1950/1950/1866 1963/1963/1879
f 1956/1956/1872 1986/1986/1902 1987/1987/1903
f 1986/1986/1902 1956/1956/1872 1949/1949/1865
f 1955/1955/1871 1956/1956/1872 1987/1987/1903
f 1987/1987/1903 1988/1988/1904 1955/1955/1871
f 1954/1954/1870 1955/1955/1871 1988/1988/1904
f 1988/1988/1904 1989/1989/1905 1954/1954/1870
f 1990/1990/1906 1954/1954/1870 1989/1989/1905
f 1989/1989/1905 1991/1991/1907 1990/1990/1906
f 1992/1992/1908 1990/1990/1906 1991/1991/1907
f 1991/1991/1907 1993/1993/1909 1992/1992/1908
f 1994/1994/1889 1992/1992/1908 1993/1993/1909
f 1990/1990/1906 1992/1992/1908 1995/1995/1910
f 1996/1996/1911 1995/1995/1910 1992/1992/1908
f 1995/1995/1910 1946/1946/1862 1990/1990/1906
f 1954/1954/1870 1990/1990/1906 1946/1946/1862
f 1945/1945/1861 1946/1946/1862 1995/1995/1910
f 1994/1994/1889 1997/1997/1912 1992/1992/1908
f 1996/1996/1911 1992/1992/1908 1997/1997/1912
f 1945/1945/1861 1995/1995/1910 1998/1998/1913
f 1996/1996/1911 1998/1998/1913 1995/1995/1910
f 1998/1998/1913 1999/1999/1914 1945/1945/1861
f 1944/1944/1860 1945/1945/1861 1999/1999/1914
f 1999/1999/1914 2000/2000/1915 1944/1944/1860
f 1943/1943/1859 1944/1944/1860 2000/2000/1915
f 1998/1998/1913 1996/1996/1911 2001/2001/1916
f 1997/1997/1912 2001/2001/1916 1996/1996/1911
f 1999/1999/1914 1998/1998/1913 2002/2002/1917
f 2001/2001/1916 2002/2002/1917 1998/1998/1913
f 2000/2000/1915 1999/1999/1914 2003/2003/1918
f 2002/2002/1917 2003/2003/1918 1999/1999/1914
f 1943/1943/1859 2000/2000/1915 2004/2004/1919
f 2004/2004/1919 1930/1930/1846 1943/1943/1859
f 1930/1930/1846 2004/2004/1919 2005/2005/1920
f 2006/2006/1921 2005/2005/1920 2004/2004/1919
f 2004/2004/1919 2007/2007/1922 2006/2006/1921
f 2007/2007/1922 2004/2004/1919 2000/2000/1915
f 2008/2008/1923 2006/2006/1921 2007/2007/1922
f 2007/2007/1922 2009/2009/1924 2008/2008/1923
f 2003/2003/1918 2009/2009/1924 2000/2000/1915
f 2007/2007/1922 2000/2000/1915 2009/2009/1924
f 2010/2010/1925 2008/2008/1923 2009/2009/1924
f 2010/2010/1925 2009/2009/1924 2011/2011/1926
f 2012/2012/1927 2011/2011/1926 2009/2009/1924
f 2009/2009/1924 2003/2003/1918 2012/2012/1927
f 2010/2010/1925 2011/2011/1926 2013/2013/1928
f 2014/2014/1929 2013/2013/1928 2011/2011/1926
f 2008/2008/1923 2010/2010/1925 2015/2015/1930
f 2013/2013/1928 2015/2015/1930 2010/2010/1925
f 2006/2006/1921 2008/2008/1923 2016/2016/1931
f 2015/2015/1930 2016/2016/1931 2008/2008/1923
f 2005/2005/1920 2006/2006/1921 2017/2017/1932
f 2016/2016/1931 2017/2017/1932 2006/2006/1921
f 2017/2017/1932 2018/2018/1933 2005/2005/1920
f 2019/2019/1934 2005/2005/1920 2018/2018/1933
f 2019/2019/1934 2018/2018/1933 2020/2020/1935
f 2021/2021/1936 2020/2020/1935 2018/2018/1933
f 2020/2020/1935 2021/2021/1936 2022/2022/1937
f 2023/2023/1938 2022/2022/1937 2021/2021/1936
f 2020/2020/1935 1928/1928/1844 2019/2019/1934
f 2020/2020/1935 2022/2022/1937 1928/1928/1844
f 1929/1929/1845 2019/2019/1934 1928/1928/1844
f 2019/2019/1934 1929/1929/1845 2005/2005/1920
f 1930/1930/1846 2005/2005/1920 1929/1929/1845
f 1940/1940/1856 1928/1928/1844 2022/2022/1937
f 2022/2022/1937 2024/2024/1939 1940/1940/1856
f 1941/1941/1857 1940/1940/1856 2024/2024/1939
f 2025/2025/1940 1941/1941/1857 2024/2024/1939
f 2025/2025/1940 2026/2026/1941 1941/1941/1857
f 1957/1957/1873 1941/1941/1857 2026/2026/1941
f 1957/1957/1873 2026/2026/1941 2027/2027/1942
f 1957/1957/1873 2027/2027/1942 1953/1953/1869
f 1959/1959/1875 1953/1953/1869 2027/2027/1942
f 2028/2028/1926 2027/2027/1942 2026/2026/1941
f 2025/2025/1940 2024/2024/1939 2029/2029/1943
f 2030/2030/1944 2029/2029/1943 2024/2024/1939
f 2024/2024/1939 2022/2022/1937 2030/2030/1944
f 2023/2023/1938 2030/2030/1944 2022/2022/1937
f 2028/2028/1926 2026/2026/1941 2031/2031/1929
f 2032/2032/1945 2031/2031/1929 2026/2026/1941
f 2029/2029/1943 2032/2032/1945 2025/2025/1940
f 2026/2026/1941 2025/2025/1940 2032/2032/1945
f 2033/2033/1875 2012/2012/1927 2003/2003/1918
f 2003/2003/1918 2002/2002/1917 2033/2033/1875
f 2034/2034/1946 2033/2033/1875 2002/2002/1917
f 2034/2034/1946 2002/2002/1917 2035/2035/1885
f 2001/2001/1916 2035/2035/1885 2002/2002/1917
f 2035/2035/1885 2001/2001/1916 2036/2036/1886
f 1997/1997/1912 2036/2036/1886 2001/2001/1916
f 1997/1997/1912 1994/1994/1889 2036/2036/1886
f 2037/2037/1947 2038/2038/1948 2039/2039/1949
f 2040/2040/1950 2039/2039/1949 2038/2038/1948
f 2037/2037/1947 2039/2039/1949 2041/2041/1951
f 2039/2039/1949 2042/2042/1952 2041/2041/1951
f 2038/2038/1948 2037/2037/1947 2043/2043/1953
f 2044/2044/1954 2043/2043/1953 2037/2037/1947
f 2043/2043/1953 2045/2045/1955 2038/2038/1948
f 2038/2038/1948 2045/2045/1955 2046/2046/1956
f 2047/2047/1957 2046/2046/1956 2045/2045/1955
f 2037/2037/1947 2048/2048/1958 2044/2044/1954
f 2049/2049/1959 2044/2044/1954 2048/2048/1958
f 2049/2049/1959 2048/2048/1958 2050/2050/1960
f 2051/2051/1961 2050/2050/1960 2048/2048/1958
f 2048/2048/1958 2037/2037/1947 2052/2052/1962
f 2041/2041/1951 2052/2052/1962 2037/2037/1947
f 2041/2041/1951 2053/2053/1963 2052/2052/1962
f 2054/2054/1964 2052/2052/1962 2053/2053/1963
f 2053/2053/1963 2041/2041/1951 2055/2055/1965
f 2056/2056/1966 2055/2055/1965 2041/2041/1951
f 2057/2057/1967 2048/2048/1958 2052/2052/1962
f 2048/2048/1958 2057/2057/1967 2051/2051/1961
f 2057/2057/1967 2052/2052/1962 2058/2058/1968
f 2059/2059/1969 2058/2058/1968 2052/2052/1962
f 2052/2052/1962 2054/2054/1964 2059/2059/1969
f 2060/2060/1970 2051/2051/1961 2057/2057/1967
f 2060/2060/1970 2057/2057/1967 2061/2061/1971
f 2062/2062/1972 2061/2061/1971 2057/2057/1967
f 2057/2057/1967 2058/2058/1968 2062/2062/1972
f 2063/2063/1973 2060/2060/1970 2061/2061/1971
f 2051/2051/1961 2060/2060/1970 2064/2064/1974
f 2065/2065/1975 2064/2064/1974 2060/2060/1970
f 2063/2063/1973 2066/2066/1976 2060/2060/1970
f 2065/2065/1975 2060/2060/1970 2066/2066/1976
f 2051/2051/1961 2064/2064/1974 2067/2067/1977
f 2051/2051/1961 2067/2067/1977 2050/2050/1960
f 2068/2068/1862 2067/2067/1977 2064/2064/1974
f 2068/2068/1862 2064/2064/1974 2069/2069/1978
f 2064/2064/1974 2070/2070/1979 2069/2069/1978
f 2064/2064/1974 2065/2065/1975 2070/2070/1979
f 2071/2071/1980 2069/2069/1978 2070/2070/1979
f 2070/2070/1979 2072/2072/1981 2071/2071/1980
f 2073/2073/1982 2071/2071/1980 2072/2072/1981
f 2072/2072/1981 2074/2074/1983 2073/2073/1982
f 2075/2075/1984 2070/2070/1979 2065/2065/1975
f 2075/2075/1984 2076/2076/1985 2070/2070/1979
f 2072/2072/1981 2070/2070/1979 2076/2076/1985
f 2066/2066/1976 2077/2077/1986 2065/2065/1975
f 2065/2065/1975 2077/2077/1986 2075/2075/1984
f 2078/2078/1987 2075/2075/1984 2077/2077/1986
f 2075/2075/1984 2078/2078/1987 2076/2076/1985
f 2079/2079/1988 2076/2076/1985 2078/2078/1987
f 2079/2079/1988 2080/2080/1989 2076/2076/1985
f 2076/2076/1985 2080/2080/1989 2072/2072/1981
f 2074/2074/1983 2072/2072/1981 2080/2080/1989
f 2081/2081/1990 2082/2082/1991 2083/2083/1992
f 2084/2084/1993 2083/2083/1992 2082/2082/1991
f 2082/2082/1991 2085/2085/1994 2084/2084/1993
f 2086/2086/1995 2084/2084/1993 2085/2085/1994
f 2085/2085/1994 2087/2087/1996 2086/2086/1995
f 2088/2088/1997 2086/2086/1995 2087/2087/1996
f 2088/2088/1997 2089/2089/1998 2086/2086/1995
f 2090/2090/1999 2086/2086/1995 2089/2089/1998
f 2090/2090/1999 2091/2091/2000 2086/2086/1995
f 2084/2084/1993 2086/2086/1995 2091/2091/2000
f 2084/2084/1993 2091/2091/2000 2083/2083/1992
f 2092/2092/2001 2083/2083/1992 2091/2091/2000
f 2082/2082/1991 2093/2093/2002 2085/2085/1994
f 2082/2082/1991 2081/2081/1990 2093/2093/2002
f 2094/2094/2003 2085/2085/1994 2093/2093/2002
f 2094/2094/2003 2095/2095/2004 2085/2085/1994
f 2087/2087/1996 2085/2085/1994 2095/2095/2004
f 2096/2096/2005 2087/2087/1996 2095/2095/2004
f 2088/2088/1997 2097/2097/2006 2089/2089/1998
f 2095/2095/2004 2094/2094/2003 2098/2098/2007
f 2099/2099/2008 2098/2098/2007 2094/2094/2003
f 2093/2093/2002 2099/2099/2008 2094/2094/2003
f 2098/2098/2007 2100/2100/2009 2095/2095/2004
f 2096/2096/2005 2095/2095/2004 2100/2100/2009
f 2100/2100/2009 2101/2101/2010 2096/2096/2005
f 2096/2096/2005 2102/2102/2011 2087/2087/1996
f 2087/2087/1996 2102/2102/2011 2088/2088/1997
f 2101/2101/2010 2102/2102/2011 2096/2096/2005
f 2103/2103/2012 2088/2088/1997 2102/2102/2011
f 2102/2102/2011 2101/2101/2010 2103/2103/2012
f 2088/2088/1997 2103/2103/2012 2097/2097/2006
f 2103/2103/2012 2104/2104/2013 2097/2097/2006
f 2104/2104/2013 2103/2103/2012 2101/2101/2010
f 2093/2093/2002 2105/2105/2014 2099/2099/2008
f 2105/2105/2014 2093/2093/2002 2081/2081/1990
f 2081/2081/1990 2106/2106/2015 2105/2105/2014
f 2081/2081/1990 2083/2083/1992 2106/2106/2015
f 2107/2107/2016 2106/2106/2015 2083/2083/1992
f 2107/2107/2016 2108/2108/2017 2106/2106/2015
f 2108/2108/2017 2107/2107/2016 2109/2109/2018
f 2110/2110/2019 2109/2109/2018 2107/2107/2016
f 2107/2107/2016 2083/2083/1992 2110/2110/2019
f 2111/2111/2020 2106/2106/2015 2108/2108/2017
f 2111/2111/2020 2112/2112/2021 2106/2106/2015
f 2112/2112/2021 2111/2111/2020 2113/2113/2022
f 2114/2114/2023 2113/2113/2022 2111/2111/2020
f 2115/2115/2024 2113/2113/2022 2114/2114/2023
f 2115/2115/2024 2116/2116/2025 2113/2113/2022
f 2117/2117/2026 2113/2113/2022 2116/2116/2025
f 2116/2116/2025 2118/2118/2027 2117/2117/2026
f 2116/2116/2025 2119/2119/2028 2118/2118/2027
f 2120/2120/2029 2118/2118/2027 2119/2119/2028
f 2120/2120/2029 2119/2119/2028 2121/2121/2030
f 2122/2122/2031 2121/2121/2030 2119/2119/2028
f 2119/2119/2028 2123/2123/2032 2122/2122/2031
f 2123/2123/2032 2119/2119/2028 2124/2124/2033
f 2124/2124/2033 2125/2125/2034 2123/2123/2032
f 2125/2125/2034 2124/2124/2033 2126/2126/2035
f 2127/2127/2036 2126/2126/2035 2124/2124/2033
f 2126/2126/2035 2128/2128/2037 2125/2125/2034
f 2129/2129/2038 2125/2125/2034 2128/2128/2037
f 2129/2129/2038 2128/2128/2037 2130/2130/2039
f 2131/2131/2040 2130/2130/2039 2128/2128/2037
f 2132/2132/2041 2129/2129/2038 2130/2130/2039
f 2130/2130/2039 2133/2133/2042 2132/2132/2041
f 2130/2130/2039 2131/2131/2040 2133/2133/2042
f 2134/2134/2043 2132/2132/2041 2133/2133/2042
f 2135/2135/2044 2132/2132/2041 2134/2134/2043
f 2136/2136/2045 2132/2132/2041 2135/2135/2044
f 2136/2136/2045 2135/2135/2044 2137/2137/2046
f 2138/2138/2047 2137/2137/2046 2135/2135/2044
f 2137/2137/2046 2138/2138/2047 2139/2139/2048
f 2140/2140/2049 2139/2139/2048 2138/2138/2047
f 2139/2139/2048 2140/2140/2049 2141/2141/2050
f 2142/2142/2051 2141/2141/2050 2140/2140/2049
f 2142/2142/2051 2143/2143/2052 2141/2141/2050
f 2144/2144/2053 2141/2141/2050 2143/2143/2052
f 2143/2143/2052 2145/2145/2054 2144/2144/2053
f 2146/2146/2055 2144/2144/2053 2145/2145/2054
f 2146/2146/2055 2145/2145/2054 2147/2147/2056
f 2146/2146/2055 2148/2148/2057 2144/2144/2053
f 2148/2148/2057 2146/2146/2055 2149/2149/2058
f 2150/2150/2059 2149/2149/2058 2146/2146/2055
f 2146/2146/2055 2147/2147/2056 2150/2150/2059
f 2150/2150/2059 2151/2151/2060 2149/2149/2058
f 2150/2150/2059 2147/2147/2056 2151/2151/2060
f 2152/2152/2061 2149/2149/2058 2151/2151/2060
f 2153/2153/2062 2149/2149/2058 2152/2152/2061
f 2148/2148/2057 2149/2149/2058 2153/2153/2062
f 2154/2154/2063 2148/2148/2057 2153/2153/2062
f 2148/2148/2057 2154/2154/2063 2155/2155/2064
f 2155/2155/2064 2144/2144/2053 2148/2148/2057
f 2144/2144/2053 2155/2155/2064 2141/2141/2050
f 2156/2156/2065 2155/2155/2064 2154/2154/2063
f 2155/2155/2064 2156/2156/2065 2157/2157/2066
f 2158/2158/2067 2157/2157/2066 2156/2156/2065
f 2158/2158/2067 2159/2159/2068 2157/2157/2066
f 2160/2160/2069 2157/2157/2066 2159/2159/2068
f 2159/2159/2068 2158/2158/2067 2161/2161/2070
f 2162/2162/2071 2161/2161/2070 2158/2158/2067
f 2156/2156/2065 2162/2162/2071 2158/2158/2067
f 2162/2162/2071 2156/2156/2065 2163/2163/2072
f 2154/2154/2063 2163/2163/2072 2156/2156/2065
f 2163/2163/2072 2154/2154/2063 2164/2164/2073
f 2153/2153/2062 2164/2164/2073 2154/2154/2063
f 2153/2153/2062 2152/2152/2061 2164/2164/2073
f 2159/2159/2068 2161/2161/2070 2165/2165/2074
f 2159/2159/2068 2165/2165/2074 2160/2160/2069
f 2161/2161/2070 2166/2166/2075 2165/2165/2074
f 2167/2167/2076 2165/2165/2074 2166/2166/2075
f 2160/2160/2069 2139/2139/2048 2157/2157/2066
f 2139/2139/2048 2160/2160/2069 2137/2137/2046
f 2168/2168/2077 2137/2137/2046 2160/2160/2069
f 2165/2165/2074 2167/2167/2076 2168/2168/2077
f 2168/2168/2077 2160/2160/2069 2165/2165/2074
f 2137/2137/2046 2168/2168/2077 2136/2136/2045
f 2169/2169/2078 2136/2136/2045 2168/2168/2077
f 2169/2169/2078 2168/2168/2077 2167/2167/2076
f 2141/2141/2050 2157/2157/2066 2139/2139/2048
f 2136/2136/2045 2169/2169/2078 2170/2170/2079
f 2169/2169/2078 2171/2171/2080 2170/2170/2079
f 2169/2169/2078 2167/2167/2076 2171/2171/2080
f 2170/2170/2079 2171/2171/2080 2172/2172/2081
f 2171/2171/2080 2173/2173/2082 2172/2172/2081
f 2174/2174/2083 2172/2172/2081 2173/2173/2082
f 2174/2174/2083 2125/2125/2034 2172/2172/2081
f 2129/2129/2038 2172/2172/2081 2125/2125/2034
f 2132/2132/2041 2172/2172/2081 2129/2129/2038
f 2170/2170/2079 2172/2172/2081 2132/2132/2041
f 2132/2132/2041 2136/2136/2045 2170/2170/2079
f 2125/2125/2034 2174/2174/2083 2175/2175/2084
f 2176/2176/2085 2175/2175/2084 2174/2174/2083
f 2174/2174/2083 2173/2173/2082 2176/2176/2085
f 2175/2175/2084 2123/2123/2032 2125/2125/2034
f 2171/2171/2080 2177/2177/2086 2173/2173/2082
f 2178/2178/2087 2173/2173/2082 2177/2177/2086
f 2179/2179/2088 2176/2176/2085 2173/2173/2082
f 2173/2173/2082 2178/2178/2087 2179/2179/2088
f 2175/2175/2084 2176/2176/2085 2180/2180/2089
f 2181/2181/2090 2180/2180/2089 2176/2176/2085
f 2176/2176/2085 2179/2179/2088 2181/2181/2090
f 2180/2180/2089 2182/2182/2091 2175/2175/2084
f 2123/2123/2032 2175/2175/2084 2182/2182/2091
f 2182/2182/2091 2122/2122/2031 2123/2123/2032
f 2183/2183/2092 2179/2179/2088 2178/2178/2087
f 2184/2184/2093 2181/2181/2090 2179/2179/2088
f 2179/2179/2088 2183/2183/2092 2184/2184/2093
f 2181/2181/2090 2185/2185/2094 2180/2180/2089
f 2181/2181/2090 2184/2184/2093 2185/2185/2094
f 2186/2186/1938 2180/2180/2089 2185/2185/2094
f 2186/2186/1938 2187/2187/2095 2180/2180/2089
f 2182/2182/2091 2180/2180/2089 2187/2187/2095
f 2182/2182/2091 2187/2187/2095 2122/2122/2031
f 2188/2188/1933 2122/2122/2031 2187/2187/2095
f 2188/2188/1933 2121/2121/2030 2122/2122/2031
f 2188/2188/1933 2189/2189/2096 2121/2121/2030
f 2190/2190/2097 2121/2121/2030 2189/2189/2096
f 2191/2191/1945 2185/2185/2094 2184/2184/2093
f 2192/2192/2098 2184/2184/2093 2183/2183/2092
f 2184/2184/2093 2192/2192/2098 2191/2191/1945
f 2193/2193/1929 2191/2191/1945 2192/2192/2098
f 2192/2192/2098 2194/2194/2099 2193/2193/1929
f 2195/2195/1928 2193/2193/1929 2194/2194/2099
f 2194/2194/2099 2192/2192/2098 2196/2196/2100
f 2183/2183/2092 2196/2196/2100 2192/2192/2098
f 2196/2196/2100 2183/2183/2092 2197/2197/2101
f 2178/2178/2087 2197/2197/2101 2183/2183/2092
f 2197/2197/2101 2178/2178/2087 2198/2198/2102
f 2177/2177/2086 2198/2198/2102 2178/2178/2087
f 2121/2121/2030 2190/2190/2097 2120/2120/2029
f 2199/2199/2103 2120/2120/2029 2190/2190/2097
f 2190/2190/2097 2200/2200/2104 2199/2199/2103
f 2201/2201/2105 2199/2199/2103 2200/2200/2104
f 2201/2201/2105 2202/2202/2106 2199/2199/2103
f 2202/2202/2106 2201/2201/2105 2203/2203/2107
f 2203/2203/2107 2204/2204/2108 2202/2202/2106
f 2202/2202/2106 2204/2204/2108 2205/2205/2109
f 2205/2205/2109 2199/2199/2103 2202/2202/2106
f 2206/2206/2110 2205/2205/2109 2204/2204/2108
f 2204/2204/2108 2207/2207/2111 2206/2206/2110
f 2208/2208/2112 2206/2206/2110 2207/2207/2111
f 2208/2208/2112 2207/2207/2111 2209/2209/1850
f 2210/2210/2113 2209/2209/1850 2207/2207/2111
f 2209/2209/1850 2210/2210/2113 2211/2211/2112
f 2209/2209/1850 2211/2211/2112 2212/2212/2114
f 2213/2213/2115 2212/2212/2114 2211/2211/2112
f 2213/2213/2115 2211/2211/2112 2214/2214/2116
f 2215/2215/1920 2214/2214/2116 2211/2211/2112
f 2211/2211/2112 2216/2216/2117 2215/2215/1920
f 2216/2216/2117 2211/2211/2112 2210/2210/2113
f 2217/2217/2118 2215/2215/1920 2216/2216/2117
f 2217/2217/2118 2216/2216/2117 2218/2218/2119
f 2219/2219/2120 2218/2218/2119 2216/2216/2117
f 2219/2219/2120 2216/2216/2117 2220/2220/2121
f 2210/2210/2113 2220/2220/2121 2216/2216/2117
f 2220/2220/2121 2210/2210/2113 2221/2221/2122
f 2207/2207/2111 2221/2221/2122 2210/2210/2113
f 2221/2221/2122 2207/2207/2111 2222/2222/2123
f 2204/2204/2108 2222/2222/2123 2207/2207/2111
f 2222/2222/2123 2223/2223/2124 2221/2221/2122
f 2224/2224/2125 2221/2221/2122 2223/2223/2124
f 2221/2221/2122 2224/2224/2125 2220/2220/2121
f 2225/2225/2126 2224/2224/2125 2223/2223/2124
f 2225/2225/2126 2226/2226/2127 2224/2224/2125
f 2225/2225/2126 2227/2227/1965 2226/2226/2127
f 2228/2228/1963 2227/2227/1965 2225/2225/2126
f 2229/2229/2128 2228/2228/1963 2225/2225/2126
f 2229/2229/2128 2225/2225/2126 2223/2223/2124
f 2230/2230/2129 2229/2229/2128 2223/2223/2124
f 2222/2222/2123 2230/2230/2129 2223/2223/2124
f 2203/2203/2107 2230/2230/2129 2222/2222/2123
f 2204/2204/2108 2203/2203/2107 2222/2222/2123
f 2203/2203/2107 2231/2231/2130 2230/2230/2129
f 2229/2229/2128 2230/2230/2129 2232/2232/2131
f 2230/2230/2129 2231/2231/2130 2232/2232/2131
f 2231/2231/2130 2233/2233/2132 2232/2232/2131
f 2228/2228/1963 2229/2229/2128 2234/2234/1964
f 2235/2235/2133 2226/2226/2127 2227/2227/1965
f 2224/2224/2125 2226/2226/2127 2236/2236/2134
f 2237/2237/2135 2236/2236/2134 2226/2226/2127
f 2226/2226/2127 2235/2235/2133 2237/2237/2135
f 2238/2238/2136 2237/2237/2135 2235/2235/2133
f 2236/2236/2134 2237/2237/2135 2239/2239/2137
f 2240/2240/2138 2239/2239/2137 2237/2237/2135
f 2237/2237/2135 2238/2238/2136 2240/2240/2138
f 2239/2239/2137 2240/2240/2138 2241/2241/2139
f 2242/2242/2140 2241/2241/2139 2240/2240/2138
f 2236/2236/2134 2239/2239/2137 2219/2219/2120
f 2236/2236/2134 2219/2219/2120 2220/2220/2121
f 2236/2236/2134 2220/2220/2121 2224/2224/2125
f 2219/2219/2120 2239/2239/2137 2218/2218/2119
f 2241/2241/2139 2218/2218/2119 2239/2239/2137
f 2218/2218/2119 2241/2241/2139 2243/2243/2141
f 2244/2244/2142 2243/2243/2141 2241/2241/2139
f 2241/2241/2139 2242/2242/2140 2244/2244/2142
f 2243/2243/2141 2217/2217/2118 2218/2218/2119
f 2244/2244/2142 2245/2245/2143 2243/2243/2141
f 2243/2243/2141 2246/2246/2144 2217/2217/2118
f 2245/2245/2143 2246/2246/2144 2243/2243/2141
f 2217/2217/2118 2246/2246/2144 2215/2215/1920
f 2247/2247/2145 2215/2215/1920 2246/2246/2144
f 2247/2247/2145 2248/2248/2146 2215/2215/1920
f 2214/2214/2116 2215/2215/1920 2248/2248/2146
f 2247/2247/2145 2249/2249/2147 2248/2248/2146
f 2247/2247/2145 2246/2246/2144 2249/2249/2147
f 2245/2245/2143 2249/2249/2147 2246/2246/2144
f 2250/2250/2148 2248/2248/2146 2249/2249/2147
f 2249/2249/2147 2251/2251/2149 2250/2250/2148
f 2249/2249/2147 2245/2245/2143 2251/2251/2149
f 2244/2244/2142 2251/2251/2149 2245/2245/2143
f 2252/2252/2150 2250/2250/2148 2251/2251/2149
f 2253/2253/2151 2248/2248/2146 2250/2250/2148
f 2250/2250/2148 2252/2252/2150 2253/2253/2151
f 2214/2214/2116 2248/2248/2146 2253/2253/2151
f 2254/2254/2152 2214/2214/2116 2253/2253/2151
f 2253/2253/2151 2252/2252/2150 2254/2254/2152
f 2214/2214/2116 2254/2254/2152 2213/2213/2115
f 2255/2255/2153 2213/2213/2115 2254/2254/2152
f 2256/2256/2154 2254/2254/2152 2252/2252/2150
f 2256/2256/2154 2257/2257/2155 2254/2254/2152
f 2255/2255/2153 2254/2254/2152 2257/2257/2155
f 2258/2258/2156 2255/2255/2153 2257/2257/2155
f 2258/2258/2156 2259/2259/2157 2255/2255/2153
f 2255/2255/2153 2259/2259/2157 2213/2213/2115
f 2212/2212/2114 2213/2213/2115 2259/2259/2157
f 2259/2259/2157 2258/2258/2156 2260/2260/2133
f 2259/2259/2157 2260/2260/2133 2261/2261/2158
f 2212/2212/2114 2259/2259/2157 2261/2261/2158
f 2212/2212/2114 2261/2261/2158 2262/2262/2159
f 2262/2262/2159 2261/2261/2158 2263/2263/2160
f 2212/2212/2114 2262/2262/2159 2209/2209/1850
f 2208/2208/2112 2209/2209/1850 2262/2262/2159
f 2262/2262/2159 2264/2264/2161 2208/2208/2112
f 2264/2264/2161 2262/2262/2159 2263/2263/2160
f 2206/2206/2110 2208/2208/2112 2264/2264/2161
f 2264/2264/2161 2118/2118/2027 2206/2206/2110
f 2205/2205/2109 2206/2206/2110 2118/2118/2027
f 2205/2205/2109 2118/2118/2027 2199/2199/2103
f 2120/2120/2029 2199/2199/2103 2118/2118/2027
f 2265/2265/1965 2263/2263/2160 2261/2261/2158
f 2260/2260/2133 2265/2265/1965 2261/2261/2158
f 2263/2263/2160 2265/2265/1965 2113/2113/2022
f 2266/2266/1966 2113/2113/2022 2265/2265/1965
f 2113/2113/2022 2266/2266/1966 2112/2112/2021
f 2267/2267/2162 2112/2112/2021 2266/2266/1966
f 2112/2112/2021 2267/2267/2162 2268/2268/2163
f 2268/2268/2163 2106/2106/2015 2112/2112/2021
f 2269/2269/2164 2268/2268/2163 2267/2267/2162
f 2268/2268/2163 2269/2269/2164 2105/2105/2014
f 2268/2268/2163 2105/2105/2014 2106/2106/2015
f 2269/2269/2164 2099/2099/2008 2105/2105/2014
f 2118/2118/2027 2264/2264/2161 2117/2117/2026
f 2263/2263/2160 2113/2113/2022 2117/2117/2026
f 2263/2263/2160 2117/2117/2026 2264/2264/2161
f 2270/2270/2164 2271/2271/2165 2272/2272/2008
f 2273/2273/2166 2272/2272/2008 2271/2271/2165
f 2271/2271/2165 2270/2270/2164 2042/2042/1952
f 2274/2274/2162 2042/2042/1952 2270/2270/2164
f 2042/2042/1952 2274/2274/2162 2041/2041/1951
f 2056/2056/1966 2041/2041/1951 2274/2274/2162
f 2271/2271/2165 2042/2042/1952 2275/2275/2019
f 2276/2276/2167 2275/2275/2019 2042/2042/1952
f 2275/2275/2019 2277/2277/2168 2271/2271/2165
f 2271/2271/2165 2277/2277/2168 2273/2273/2166
f 2276/2276/2167 2042/2042/1952 2278/2278/2169
f 2039/2039/1949 2278/2278/2169 2042/2042/1952
f 2278/2278/2169 2039/2039/1949 2279/2279/2170
f 2040/2040/1950 2279/2279/2170 2039/2039/1949
f 2279/2279/2170 2040/2040/1950 2280/2280/2171
f 2040/2040/1950 2281/2281/2172 2280/2280/2171
f 2282/2282/2173 2280/2280/2171 2281/2281/2172
f 2040/2040/1950 2038/2038/1948 2281/2281/2172
f 2046/2046/1956 2281/2281/2172 2038/2038/1948
f 2283/2283/2174 2282/2282/2173 2281/2281/2172
f 2281/2281/2172 2046/2046/1956 2284/2284/2175
f 2281/2281/2172 2284/2284/2175 2283/2283/2174
f 2285/2285/2176 2284/2284/2175 2046/2046/1956
f 2286/2286/2177 2283/2283/2174 2284/2284/2175
f 2284/2284/2175 2287/2287/2178 2286/2286/2177
f 2284/2284/2175 2285/2285/2176 2287/2287/2178
f 2288/2288/2179 2286/2286/2177 2287/2287/2178
f 2289/2289/2180 2287/2287/2178 2285/2285/2176
f 2287/2287/2178 2290/2290/2181 2288/2288/2179
f 2287/2287/2178 2289/2289/2180 2290/2290/2181
f 2291/2291/2182 2290/2290/2181 2289/2289/2180
f 2291/2291/2182 2289/2289/2180 2292/2292/2183
f 2292/2292/2183 2289/2289/2180 2293/2293/2184
f 2285/2285/2176 2293/2293/2184 2289/2289/2180
f 2293/2293/2184 2285/2285/2176 2294/2294/2185
f 2046/2046/1956 2294/2294/2185 2285/2285/2176
f 2047/2047/1957 2294/2294/2185 2046/2046/1956
f 2157/2157/2066 2141/2141/2050 2155/2155/2064
f 2295/2295/2186 2124/2124/2033 2119/2119/2028
f 2116/2116/2025 2295/2295/2186 2119/2119/2028
f 2124/2124/2033 2295/2295/2186 2296/2296/2187
f 2124/2124/2033 2296/2296/2187 2127/2127/2036
f 2297/2297/2188 2127/2127/2036 2296/2296/2187
f 2115/2115/2024 2296/2296/2187 2295/2295/2186
f 2295/2295/2186 2116/2116/2025 2115/2115/2024
f 2115/2115/2024 2114/2114/2023 2296/2296/2187
f 2298/2298/2189 2296/2296/2187 2114/2114/2023
f 2296/2296/2187 2298/2298/2189 2297/2297/2188
f 2298/2298/2189 2108/2108/2017 2297/2297/2188
f 2114/2114/2023 2111/2111/2020 2298/2298/2189
f 2108/2108/2017 2298/2298/2189 2111/2111/2020
f 2299/2299/2190 2127/2127/2036 2297/2297/2188
f 2299/2299/2190 2300/2300/2191 2127/2127/2036
f 2126/2126/2035 2127/2127/2036 2300/2300/2191
f 2300/2300/2191 2299/2299/2190 2301/2301/2192
f 2300/2300/2191 2301/2301/2192 2302/2302/2193
f 2126/2126/2035 2300/2300/2191 2302/2302/2193
f 2302/2302/2193 2128/2128/2037 2126/2126/2035
f 2303/2303/2194 2301/2301/2192 2299/2299/2190
f 2303/2303/2194 2299/2299/2190 2297/2297/2188
f 2301/2301/2192 2303/2303/2194 2304/2304/2195
f 2305/2305/2196 2304/2304/2195 2303/2303/2194
f 2301/2301/2192 2304/2304/2195 2306/2306/2197
f 2301/2301/2192 2306/2306/2197 2302/2302/2193
f 2307/2307/2198 2306/2306/2197 2304/2304/2195
f 2304/2304/2195 2308/2308/2199 2307/2307/2198
f 2309/2309/2200 2307/2307/2198 2308/2308/2199
f 2308/2308/2199 2310/2310/2201 2309/2309/2200
f 2311/2311/2202 2309/2309/2200 2310/2310/2201
f 2305/2305/2196 2312/2312/2203 2304/2304/2195
f 2308/2308/2199 2304/2304/2195 2312/2312/2203
f 2308/2308/2199 2312/2312/2203 2310/2310/2201
f 2313/2313/2204 2310/2310/2201 2312/2312/2203
f 2310/2310/2201 2314/2314/2205 2311/2311/2202
f 2315/2315/2185 2311/2311/2202 2314/2314/2205
f 2315/2315/2185 2314/2314/2205 2316/2316/2206
f 2317/2317/2207 2316/2316/2206 2314/2314/2205
f 2314/2314/2205 2310/2310/2201 2318/2318/2208
f 2313/2313/2204 2318/2318/2208 2310/2310/2201
f 2318/2318/2208 2313/2313/2204 2319/2319/2174
f 2320/2320/2173 2319/2319/2174 2313/2313/2204
f 2320/2320/2173 2313/2313/2204 2321/2321/2209
f 2312/2312/2203 2321/2321/2209 2313/2313/2204
f 2319/2319/2174 2322/2322/2210 2318/2318/2208
f 2323/2323/2211 2318/2318/2208 2322/2322/2210
f 2318/2318/2208 2323/2323/2211 2314/2314/2205
f 2317/2317/2207 2314/2314/2205 2323/2323/2211
f 2323/2323/2211 2324/2324/2212 2317/2317/2207
f 2325/2325/2213 2317/2317/2207 2324/2324/2212
f 2322/2322/2210 2326/2326/2179 2323/2323/2211
f 2323/2323/2211 2326/2326/2179 2324/2324/2212
f 2326/2326/2179 2327/2327/2181 2324/2324/2212
f 2324/2324/2212 2327/2327/2181 2325/2325/2213
f 2328/2328/2182 2325/2325/2213 2327/2327/2181
f 2325/2325/2213 2328/2328/2182 2329/2329/2183
f 2329/2329/2183 2316/2316/2206 2317/2317/2207
f 2317/2317/2207 2325/2325/2213 2329/2329/2183
f 2321/2321/2209 2312/2312/2203 2330/2330/2170
f 2305/2305/2196 2330/2330/2170 2312/2312/2203
f 2330/2330/2170 2305/2305/2196 2331/2331/2169
f 2303/2303/2194 2331/2331/2169 2305/2305/2196
f 2303/2303/2194 2297/2297/2188 2331/2331/2169
f 2331/2331/2169 2297/2297/2188 2109/2109/2018
f 2108/2108/2017 2109/2109/2018 2297/2297/2188
f 2332/2332/2131 2333/2333/2214 2054/2054/1964
f 2054/2054/1964 2333/2333/2214 2334/2334/2215
f 2333/2333/2214 2335/2335/2100 2334/2334/2215
f 2336/2336/2216 2334/2334/2215 2335/2335/2100
f 2332/2332/2131 2337/2337/2132 2333/2333/2214
f 2338/2338/2099 2333/2333/2214 2337/2337/2132
f 2333/2333/2214 2338/2338/2099 2335/2335/2100
f 2338/2338/2099 2337/2337/2132 2339/2339/1928
f 2340/2340/1930 2339/2339/1928 2337/2337/2132
f 2334/2334/2215 2059/2059/1969 2054/2054/1964
f 2336/2336/2216 2341/2341/2102 2334/2334/2215
f 2059/2059/1969 2334/2334/2215 2341/2341/2102
f 2341/2341/2102 2342/2342/2075 2059/2059/1969
f 2058/2058/1968 2059/2059/1969 2342/2342/2075
f 2342/2342/2075 2343/2343/2070 2058/2058/1968
f 2344/2344/2217 2058/2058/1968 2343/2343/2070
f 2343/2343/2070 2345/2345/2071 2344/2344/2217
f 2346/2346/2218 2344/2344/2217 2345/2345/2071
f 2344/2344/2217 2346/2346/2218 2347/2347/2049
f 2348/2348/2219 2347/2347/2049 2346/2346/2218
f 2347/2347/2049 2349/2349/2047 2344/2344/2217
f 2344/2344/2217 2349/2349/2047 2058/2058/1968
f 2350/2350/2220 2058/2058/1968 2349/2349/2047
f 2350/2350/2220 2062/2062/1972 2058/2058/1968
f 2351/2351/2173 2348/2348/2219 2346/2346/2218
f 2346/2346/2218 2352/2352/2221 2351/2351/2173
f 2353/2353/2054 2351/2351/2173 2352/2352/2221
f 2352/2352/2221 2354/2354/2222 2353/2353/2054
f 2355/2355/2056 2353/2353/2054 2354/2354/2222
f 2354/2354/2222 2356/2356/2223 2355/2355/2056
f 2345/2345/2071 2357/2357/2072 2346/2346/2218
f 2352/2352/2221 2346/2346/2218 2357/2357/2072
f 2357/2357/2072 2358/2358/2224 2352/2352/2221
f 2354/2354/2222 2352/2352/2221 2358/2358/2224
f 2358/2358/2224 2359/2359/2225 2354/2354/2222
f 2356/2356/2223 2354/2354/2222 2359/2359/2225
f 2231/2231/2130 2203/2203/2107 2201/2201/2105
f 2201/2201/2105 2200/2200/2104 2231/2231/2130
f 2233/2233/2132 2231/2231/2130 2200/2200/2104
f 2233/2233/2132 2200/2200/2104 2360/2360/1930
f 2361/2361/1931 2360/2360/1930 2200/2200/2104
f 2200/2200/2104 2190/2190/2097 2361/2361/1931
f 2189/2189/2096 2361/2361/1931 2190/2190/2097
f 2092/2092/2001 2110/2110/2019 2083/2083/1992
f 2133/2133/2042 2362/2362/2226 2363/2363/2227
f 2364/2364/2228 2363/2363/2227 2362/2362/2226
f 2133/2133/2042 2363/2363/2227 2134/2134/2043
f 2365/2365/1971 2134/2134/2043 2363/2363/2227
f 2362/2362/2226 2133/2133/2042 2131/2131/2040
f 2302/2302/2193 2362/2362/2226 2131/2131/2040
f 2362/2362/2226 2366/2366/1959 2364/2364/2228
f 2302/2302/2193 2366/2366/1959 2362/2362/2226
f 2367/2367/1960 2364/2364/2228 2366/2366/1959
f 2364/2364/2228 2367/2367/1960 2368/2368/2229
f 2369/2369/2230 2368/2368/2229 2367/2367/1960
f 2368/2368/2229 2369/2369/2230 2370/2370/2231
f 2371/2371/2232 2370/2370/2231 2369/2369/2230
f 2371/2371/2232 2372/2372/2233 2370/2370/2231
f 2373/2373/2234 2370/2370/2231 2372/2372/2233
f 2370/2370/2231 2374/2374/2077 2368/2368/2229
f 2375/2375/2235 2368/2368/2229 2374/2374/2077
f 2368/2368/2229 2375/2375/2235 2364/2364/2228
f 2363/2363/2227 2364/2364/2228 2375/2375/2235
f 2363/2363/2227 2375/2375/2235 2365/2365/1971
f 2374/2374/2077 2376/2376/1976 2375/2375/2235
f 2376/2376/1976 2374/2374/2077 2377/2377/1986
f 2378/2378/2236 2377/2377/1986 2374/2374/2077
f 2374/2374/2077 2370/2370/2231 2378/2378/2236
f 2373/2373/2234 2378/2378/2236 2370/2370/2231
f 2379/2379/1973 2375/2375/2235 2376/2376/1976
f 2379/2379/1973 2365/2365/1971 2375/2375/2235
f 2377/2377/1986 2378/2378/2236 2380/2380/2237
f 2381/2381/2238 2380/2380/2237 2378/2378/2236
f 2378/2378/2236 2373/2373/2234 2381/2381/2238
f 2382/2382/1988 2380/2380/2237 2381/2381/2238
f 2383/2383/2239 2382/2382/1988 2381/2381/2238
f 2384/2384/2240 2381/2381/2238 2373/2373/2234
f 2384/2384/2240 2385/2385/2241 2381/2381/2238
f 2383/2383/2239 2381/2381/2238 2385/2385/2241
f 2385/2385/2241 2386/2386/1983 2383/2383/2239
f 2385/2385/2241 2387/2387/2242 2386/2386/1983
f 2384/2384/2240 2387/2387/2242 2385/2385/2241
f 2388/2388/1989 2383/2383/2239 2386/2386/1983
f 2388/2388/1989 2382/2382/1988 2383/2383/2239
f 2384/2384/2240 2389/2389/1980 2387/2387/2242
f 2384/2384/2240 2373/2373/2234 2389/2389/1980
f 2372/2372/2233 2389/2389/1980 2373/2373/2234
f 2390/2390/2009 2391/2391/2243 2392/2392/2010
f 2393/2393/2013 2392/2392/2010 2391/2391/2243
f 2393/2393/2013 2391/2391/2243 2394/2394/2006
f 2394/2394/2006 2391/2391/2243 2395/2395/1998
f 2396/2396/2244 2395/2395/1998 2391/2391/2243
f 2391/2391/2243 2390/2390/2009 2396/2396/2244
f 2397/2397/2007 2396/2396/2244 2390/2390/2009
f 2396/2396/2244 2397/2397/2007 2273/2273/2166
f 2272/2272/2008 2273/2273/2166 2397/2397/2007
f 2273/2273/2166 2398/2398/1999 2396/2396/2244
f 2395/2395/1998 2396/2396/2244 2398/2398/1999
f 2273/2273/2166 2399/2399/2000 2398/2398/1999
f 2399/2399/2000 2273/2273/2166 2277/2277/2168
f 2400/2400/2155 2240/2240/2138 2238/2238/2136
f 2240/2240/2138 2400/2400/2155 2242/2242/2140
f 2401/2401/2154 2242/2242/2140 2400/2400/2155
f 2242/2242/2140 2401/2401/2154 2402/2402/2149
f 2402/2402/2149 2244/2244/2142 2242/2242/2140
f 2403/2403/2150 2402/2402/2149 2401/2401/2154
f 2166/2166/2075 2198/2198/2102 2167/2167/2076
f 2177/2177/2086 2167/2167/2076 2198/2198/2102
f 2177/2177/2086 2171/2171/2080 2167/2167/2076
f 2128/2128/2037 2302/2302/2193 2131/2131/2040
f 2306/2306/2197 2366/2366/1959 2302/2302/2193
f 2404/2404/2128 2405/2405/2131 2406/2406/1964
f 2407/2407/2245 2408/2408/2246 1983/1983/1899
f 1987/1987/1903 1983/1983/1899 2408/2408/2246
f 1987/1987/1903 2408/2408/2246 1988/1988/1904
f 2409/2409/2247 1988/1988/1904 2408/2408/2246
f 1988/1988/1904 2409/2409/2247 1989/1989/1905
f 2410/2410/2248 1989/1989/1905 2409/2409/2247
f 2410/2410/2248 2411/2411/2249 1989/1989/1905
f 1991/1991/1907 1989/1989/1905 2411/2411/2249
f 1993/1993/1909 1991/1991/1907 2411/2411/2249
f 2407/2407/2245 1983/1983/1899 1981/1981/1897
f 2412/2412/2250 2413/2413/2251 2414/2414/2252
f 2415/2415/2253 2414/2414/2252 2413/2413/2251
f 2412/2412/2250 2416/2416/2254 2413/2413/2251
f 2417/2417/2255 2413/2413/2251 2416/2416/2254
f 2417/2417/2255 2418/2418/2256 2413/2413/2251
f 2419/2419/2257 2413/2413/2251 2418/2418/2256
f 2413/2413/2251 2419/2419/2257 2415/2415/2253
f 2418/2418/2256 2420/2420/2258 2419/2419/2257
f 2421/2421/2259 2419/2419/2257 2420/2420/2258
f 2419/2419/2257 2421/2421/2259 2422/2422/2260
f 2422/2422/2260 2415/2415/2253 2419/2419/2257
f 2423/2423/2261 2422/2422/2260 2421/2421/2259
f 2415/2415/2253 2422/2422/2260 2424/2424/2262
f 2425/2425/2263 2424/2424/2262 2422/2422/2260
f 2422/2422/2260 2423/2423/2261 2425/2425/2263
f 2414/2414/2252 2415/2415/2253 2426/2426/2264
f 2424/2424/2262 2426/2426/2264 2415/2415/2253
f 2426/2426/2264 2424/2424/2262 2427/2427/2265
f 2428/2428/2266 2427/2427/2265 2424/2424/2262
f 2417/2417/2255 2429/2429/2267 2418/2418/2256
f 2417/2417/2255 2416/2416/2254 2429/2429/2267
f 2430/2430/2268 2418/2418/2256 2429/2429/2267
f 2430/2430/2268 2431/2431/2269 2418/2418/2256
f 2420/2420/2258 2418/2418/2256 2431/2431/2269
f 2431/2431/2269 2432/2432/2270 2420/2420/2258
f 2433/2433/2271 2420/2420/2258 2432/2432/2270
f 2420/2420/2258 2433/2433/2271 2421/2421/2259
f 2434/2434/2272 2421/2421/2259 2433/2433/2271
f 2421/2421/2259 2434/2434/2272 2423/2423/2261
f 2435/2435/2273 2423/2423/2261 2434/2434/2272
f 2436/2436/2274 2425/2425/2263 2423/2423/2261
f 2423/2423/2261 2435/2435/2273 2436/2436/2274
f 2425/2425/2263 2437/2437/2275 2424/2424/2262
f 2428/2428/2266 2424/2424/2262 2437/2437/2275
f 2437/2437/2275 2438/2438/2276 2428/2428/2266
f 2439/2439/2277 2428/2428/2266 2438/2438/2276
f 2432/2432/2270 2440/2440/2278 2433/2433/2271
f 2441/2441/2279 2433/2433/2271 2440/2440/2278
f 2433/2433/2271 2441/2441/2279 2434/2434/2272
f 2442/2442/2280 2434/2434/2272 2441/2441/2279
f 2434/2434/2272 2442/2442/2280 2435/2435/2273
f 2427/2427/2265 2428/2428/2266 2443/2443/2281
f 2439/2439/2277 2443/2443/2281 2428/2428/2266
f 2438/2438/2276 2444/2444/2282 2439/2439/2277
f 2445/2445/2283 2439/2439/2277 2444/2444/2282
f 2438/2438/2276 2446/2446/2284 2444/2444/2282
f 2438/2438/2276 2437/2437/2275 2446/2446/2284
f 2447/2447/2285 2444/2444/2282 2446/2446/2284
f 2448/2448/2286 2446/2446/2284 2437/2437/2275
f 2425/2425/2263 2448/2448/2286 2437/2437/2275
f 2448/2448/2286 2425/2425/2263 2449/2449/2287
f 2436/2436/2274 2449/2449/2287 2425/2425/2263
f 2449/2449/2287 2450/2450/2288 2448/2448/2286
f 2446/2446/2284 2448/2448/2286 2450/2450/2288
f 2447/2447/2285 2446/2446/2284 2451/2451/2289
f 2450/2450/2288 2451/2451/2289 2446/2446/2284
f 2451/2451/2289 2450/2450/2288 2452/2452/2290
f 2453/2453/2291 2452/2452/2290 2450/2450/2288
f 2450/2450/2288 2449/2449/2287 2453/2453/2291
f 2447/2447/2285 2454/2454/2292 2444/2444/2282
f 2445/2445/2283 2444/2444/2282 2454/2454/2292
f 2451/2451/2289 2454/2454/2292 2447/2447/2285
f 2454/2454/2292 2451/2451/2289 2455/2455/2293
f 2452/2452/2290 2455/2455/2293 2451/2451/2289
f 2455/2455/2293 2452/2452/2290 2456/2456/2294
f 2457/2457/2295 2456/2456/2294 2452/2452/2290
f 2452/2452/2290 2453/2453/2291 2457/2457/2295
f 2457/2457/2295 2458/2458/2296 2456/2456/2294
f 2459/2459/2297 2456/2456/2294 2458/2458/2296
f 2459/2459/2297 2458/2458/2296 2460/2460/2298
f 2461/2461/2299 2460/2460/2298 2458/2458/2296
f 2462/2462/2300 2457/2457/2295 2453/2453/2291
f 2457/2457/2295 2462/2462/2300 2458/2458/2296
f 2453/2453/2291 2463/2463/2301 2462/2462/2300
f 2436/2436/2274 2463/2463/2301 2449/2449/2287
f 2463/2463/2301 2453/2453/2291 2449/2449/2287
f 2464/2464/2302 2462/2462/2300 2463/2463/2301
f 2465/2465/2303 2458/2458/2296 2462/2462/2300
f 2458/2458/2296 2465/2465/2303 2461/2461/2299
f 2462/2462/2300 2464/2464/2302 2465/2465/2303
f 2466/2466/2304 2461/2461/2299 2465/2465/2303
f 2466/2466/2304 2465/2465/2303 2467/2467/2305
f 2468/2468/2306 2467/2467/2305 2465/2465/2303
f 2468/2468/2306 2465/2465/2303 2464/2464/2302
f 2467/2467/2305 2468/2468/2306 2469/2469/2307
f 2470/2470/2308 2469/2469/2307 2468/2468/2306
f 2468/2468/2306 2464/2464/2302 2470/2470/2308
f 2471/2471/2309 2470/2470/2308 2464/2464/2302
f 2464/2464/2302 2463/2463/2301 2471/2471/2309
f 2436/2436/2274 2471/2471/2309 2463/2463/2301
f 2470/2470/2308 2472/2472/2310 2469/2469/2307
f 2473/2473/2311 2469/2469/2307 2472/2472/2310
f 2472/2472/2310 2470/2470/2308 2435/2435/2273
f 2471/2471/2309 2435/2435/2273 2470/2470/2308
f 2471/2471/2309 2436/2436/2274 2435/2435/2273
f 2472/2472/2310 2442/2442/2280 2473/2473/2311
f 2472/2472/2310 2435/2435/2273 2442/2442/2280
f 2442/2442/2280 2441/2441/2279 2473/2473/2311
f 2473/2473/2311 2441/2441/2279 2474/2474/2312
f 2440/2440/2278 2474/2474/2312 2441/2441/2279
f 2474/2474/2312 2440/2440/2278 2475/2475/2313
f 2476/2476/2314 2475/2475/2313 2440/2440/2278
f 2475/2475/2313 2476/2476/2314 2477/2477/2315
f 2478/2478/2316 2477/2477/2315 2476/2476/2314
f 2477/2477/2315 2478/2478/2316 2479/2479/2298
f 2480/2480/2297 2479/2479/2298 2478/2478/2316
f 2476/2476/2314 2481/2481/2317 2478/2478/2316
f 2482/2482/2318 2478/2478/2316 2481/2481/2317
f 2440/2440/2278 2432/2432/2270 2476/2476/2314
f 2481/2481/2317 2476/2476/2314 2432/2432/2270
f 2432/2432/2270 2431/2431/2269 2481/2481/2317
f 2482/2482/2318 2483/2483/2319 2478/2478/2316
f 2480/2480/2297 2478/2478/2316 2483/2483/2319
f 2482/2482/2318 2481/2481/2317 2484/2484/2320
f 2431/2431/2269 2484/2484/2320 2481/2481/2317
f 2484/2484/2320 2431/2431/2269 2485/2485/2321
f 2430/2430/2268 2485/2485/2321 2431/2431/2269
f 2485/2485/2321 2430/2430/2268 2486/2486/2322
f 2429/2429/2267 2486/2486/2322 2430/2430/2268
f 2483/2483/2319 2482/2482/2318 2487/2487/2323
f 2484/2484/2320 2487/2487/2323 2482/2482/2318
f 2487/2487/2323 2484/2484/2320 2488/2488/2324
f 2485/2485/2321 2488/2488/2324 2484/2484/2320
f 2488/2488/2324 2485/2485/2321 2489/2489/2325
f 2486/2486/2322 2489/2489/2325 2485/2485/2321
f 2429/2429/2267 2490/2490/2326 2486/2486/2322
f 2490/2490/2326 2429/2429/2267 2416/2416/2254
f 2416/2416/2254 2491/2491/2327 2490/2490/2326
f 2492/2492/2328 2490/2490/2326 2491/2491/2327
f 2490/2490/2326 2492/2492/2328 2493/2493/2329
f 2493/2493/2329 2486/2486/2322 2490/2490/2326
f 2494/2494/2330 2493/2493/2329 2492/2492/2328
f 2493/2493/2329 2494/2494/2330 2495/2495/2331
f 2493/2493/2329 2495/2495/2331 2486/2486/2322
f 2489/2489/2325 2486/2486/2322 2495/2495/2331
f 2496/2496/2332 2495/2495/2331 2494/2494/2330
f 2496/2496/2332 2497/2497/2333 2495/2495/2331
f 2498/2498/2334 2495/2495/2331 2497/2497/2333
f 2495/2495/2331 2498/2498/2334 2489/2489/2325
f 2496/2496/2332 2499/2499/2335 2497/2497/2333
f 2500/2500/2336 2497/2497/2333 2499/2499/2335
f 2499/2499/2335 2496/2496/2332 2501/2501/2337
f 2494/2494/2330 2501/2501/2337 2496/2496/2332
f 2501/2501/2337 2494/2494/2330 2502/2502/2338
f 2492/2492/2328 2502/2502/2338 2494/2494/2330
f 2502/2502/2338 2492/2492/2328 2503/2503/2339
f 2491/2491/2327 2503/2503/2339 2492/2492/2328
f 2503/2503/2339 2491/2491/2327 2504/2504/2340
f 2505/2505/2341 2504/2504/2340 2491/2491/2327
f 2505/2505/2341 2506/2506/2342 2504/2504/2340
f 2507/2507/2343 2504/2504/2340 2506/2506/2342
f 2506/2506/2342 2508/2508/2344 2507/2507/2343
f 2509/2509/2345 2507/2507/2343 2508/2508/2344
f 2506/2506/2342 2505/2505/2341 2414/2414/2252
f 2506/2506/2342 2414/2414/2252 2508/2508/2344
f 2412/2412/2250 2414/2414/2252 2505/2505/2341
f 2505/2505/2341 2491/2491/2327 2412/2412/2250
f 2416/2416/2254 2412/2412/2250 2491/2491/2327
f 2426/2426/2264 2508/2508/2344 2414/2414/2252
f 2508/2508/2344 2426/2426/2264 2510/2510/2346
f 2427/2427/2265 2510/2510/2346 2426/2426/2264
f 2427/2427/2265 2511/2511/2347 2510/2510/2346
f 2511/2511/2347 2427/2427/2265 2512/2512/2348
f 2443/2443/2281 2512/2512/2348 2427/2427/2265
f 2443/2443/2281 2513/2513/2349 2512/2512/2348
f 2443/2443/2281 2439/2439/2277 2513/2513/2349
f 2445/2445/2283 2513/2513/2349 2439/2439/2277
f 2514/2514/2333 2512/2512/2348 2513/2513/2349
f 2511/2511/2347 2515/2515/2350 2510/2510/2346
f 2516/2516/2351 2510/2510/2346 2515/2515/2350
f 2510/2510/2346 2516/2516/2351 2508/2508/2344
f 2509/2509/2345 2508/2508/2344 2516/2516/2351
f 2514/2514/2333 2517/2517/2352 2512/2512/2348
f 2518/2518/2353 2512/2512/2348 2517/2517/2352
f 2512/2512/2348 2518/2518/2353 2511/2511/2347
f 2515/2515/2350 2511/2511/2347 2518/2518/2353
f 2519/2519/2354 2520/2520/2355 2521/2521/2356
f 2522/2522/2357 2521/2521/2356 2520/2520/2355
f 2519/2519/2354 2523/2523/2358 2520/2520/2355
f 2524/2524/2359 2520/2520/2355 2523/2523/2358
f 2522/2522/2357 2520/2520/2355 2525/2525/2360
f 2526/2526/2361 2525/2525/2360 2520/2520/2355
f 2520/2520/2355 2524/2524/2359 2526/2526/2361
f 2525/2525/2360 2526/2526/2361 2527/2527/2362
f 2528/2528/2363 2527/2527/2362 2526/2526/2361
f 2526/2526/2361 2529/2529/2364 2528/2528/2363
f 2529/2529/2364 2526/2526/2361 2524/2524/2359
f 2530/2530/2365 2528/2528/2363 2529/2529/2364
f 2521/2521/2356 2531/2531/2366 2519/2519/2354
f 2532/2532/2367 2533/2533/2368 2534/2534/2369
f 2534/2534/2369 2533/2533/2368 2535/2535/2370
f 2534/2534/2369 2535/2535/2370 2536/2536/2371
f 2537/2537/2372 2536/2536/2371 2535/2535/2370
f 2536/2536/2371 2537/2537/2372 2538/2538/2373
f 2539/2539/2374 2538/2538/2373 2537/2537/2372
f 2533/2533/2368 2540/2540/2375 2535/2535/2370
f 2541/2541/2376 2537/2537/2372 2535/2535/2370
f 2537/2537/2372 2541/2541/2376 2539/2539/2374
f 2542/2542/2377 2539/2539/2374 2541/2541/2376
f 2539/2539/2374 2542/2542/2377 2543/2543/2378
f 2544/2544/2379 2543/2543/2378 2542/2542/2377
f 2544/2544/2379 2542/2542/2377 2545/2545/2380
f 2544/2544/2379 2546/2546/2381 2543/2543/2378
f 2538/2538/2373 2539/2539/2374 2547/2547/2382
f 2543/2543/2378 2547/2547/2382 2539/2539/2374
f 2547/2547/2382 2543/2543/2378 2548/2548/2383
f 2543/2543/2378 2549/2549/2384 2548/2548/2383
f 2546/2546/2381 2549/2549/2384 2543/2543/2378
f 2550/2550/2385 2548/2548/2383 2549/2549/2384
f 2545/2545/2380 2542/2542/2377 2551/2551/2194
f 2546/2546/2381 2544/2544/2379 2552/2552/2386
f 2552/2552/2386 2544/2544/2379 2545/2545/2380
f 2552/2552/2386 2545/2545/2380 2553/2553/2387
f 2554/2554/2388 2542/2542/2377 2541/2541/2376
f 2542/2542/2377 2554/2554/2388 2551/2551/2194
f 2554/2554/2388 2541/2541/2376 2555/2555/2389
f 2556/2556/2390 2554/2554/2388 2555/2555/2389
f 2554/2554/2388 2557/2557/2391 2551/2551/2194
f 2554/2554/2388 2556/2556/2390 2557/2557/2391
f 2557/2557/2391 2558/2558/2392 2551/2551/2194
f 2558/2558/2392 2557/2557/2391 2559/2559/2393
f 2558/2558/2392 2559/2559/2393 2560/2560/2356
f 2560/2560/2356 2561/2561/2357 2558/2558/2392
f 2562/2562/2394 2558/2558/2392 2561/2561/2357
f 2551/2551/2194 2558/2558/2392 2562/2562/2394
f 2562/2562/2394 2561/2561/2357 2563/2563/2395
f 2551/2551/2194 2562/2562/2394 2563/2563/2395
f 2564/2564/2360 2563/2563/2395 2561/2561/2357
f 2565/2565/2396 2560/2560/2356 2559/2559/2393
f 2563/2563/2395 2566/2566/2362 2553/2553/2387
f 2564/2564/2360 2566/2566/2362 2563/2563/2395
f 2545/2545/2380 2551/2551/2194 2563/2563/2395
f 2545/2545/2380 2563/2563/2395 2553/2553/2387
f 2555/2555/2389 2541/2541/2376 2535/2535/2370
f 2535/2535/2370 2540/2540/2375 2555/2555/2389
f 2567/2567/2397 2489/2489/2325 2498/2498/2334
f 2489/2489/2325 2567/2567/2397 2488/2488/2324
f 2568/2568/2398 2488/2488/2324 2567/2567/2397
f 2568/2568/2398 2569/2569/2293 2488/2488/2324
f 2487/2487/2323 2488/2488/2324 2569/2569/2293
f 2569/2569/2293 2570/2570/2294 2487/2487/2323
f 2483/2483/2319 2487/2487/2323 2570/2570/2294
f 2480/2480/2297 2483/2483/2319 2570/2570/2294
f 2571/2571/2399 2572/2572/2400 2573/2573/2401
f 2574/2574/2402 2573/2573/2401 2572/2572/2400
f 2573/2573/2401 2574/2574/2402 2575/2575/2403
f 2576/2576/2404 2573/2573/2401 2575/2575/2403
f 2572/2572/2400 2577/2577/2405 2574/2574/2402
f 2578/2578/2406 2574/2574/2402 2577/2577/2405
f 2579/2579/1999 2577/2577/2405 2572/2572/2400
f 2572/2572/2400 2580/2580/2407 2579/2579/1999
f 2581/2581/2408 2579/2579/1999 2580/2580/2407
f 2574/2574/2402 2578/2578/2406 2582/2582/2409
f 2583/2583/2410 2582/2582/2409 2578/2578/2406
f 2583/2583/2410 2584/2584/2411 2582/2582/2409
f 2585/2585/2412 2582/2582/2409 2584/2584/2411
f 2575/2575/2403 2574/2574/2402 2586/2586/2413
f 2582/2582/2409 2586/2586/2413 2574/2574/2402
f 2575/2575/2403 2586/2586/2413 2587/2587/2414
f 2588/2588/2415 2587/2587/2414 2586/2586/2413
f 2587/2587/2414 2589/2589/2416 2575/2575/2403
f 2590/2590/2417 2575/2575/2403 2589/2589/2416
f 2582/2582/2409 2591/2591/2418 2586/2586/2413
f 2582/2582/2409 2585/2585/2412 2591/2591/2418
f 2591/2591/2418 2592/2592/2419 2586/2586/2413
f 2593/2593/2420 2586/2586/2413 2592/2592/2419
f 2586/2586/2413 2593/2593/2420 2588/2588/2415
f 2594/2594/2421 2591/2591/2418 2585/2585/2412
f 2594/2594/2421 2595/2595/2422 2591/2591/2418
f 2596/2596/2423 2591/2591/2418 2595/2595/2422
f 2591/2591/2418 2596/2596/2423 2592/2592/2419
f 2594/2594/2421 2597/2597/2424 2595/2595/2422
f 2585/2585/2412 2598/2598/2425 2594/2594/2421
f 2599/2599/2426 2594/2594/2421 2598/2598/2425
f 2599/2599/2426 2600/2600/2427 2594/2594/2421
f 2597/2597/2424 2594/2594/2421 2600/2600/2427
f 2585/2585/2412 2601/2601/2428 2598/2598/2425
f 2601/2601/2428 2585/2585/2412 2584/2584/2411
f 2602/2602/2270 2598/2598/2425 2601/2601/2428
f 2598/2598/2425 2602/2602/2270 2603/2603/2429
f 2598/2598/2425 2603/2603/2429 2604/2604/2430
f 2598/2598/2425 2604/2604/2430 2599/2599/2426
f 2605/2605/2431 2604/2604/2430 2603/2603/2429
f 2604/2604/2430 2605/2605/2431 2606/2606/2432
f 2607/2607/2433 2606/2606/2432 2605/2605/2431
f 2608/2608/2434 2606/2606/2432 2607/2607/2433
f 2609/2609/2435 2599/2599/2426 2604/2604/2430
f 2606/2606/2432 2610/2610/2436 2604/2604/2430
f 2609/2609/2435 2604/2604/2430 2610/2610/2436
f 2611/2611/2437 2600/2600/2427 2599/2599/2426
f 2599/2599/2426 2609/2609/2435 2611/2611/2437
f 2612/2612/2438 2611/2611/2437 2609/2609/2435
f 2609/2609/2435 2610/2610/2436 2612/2612/2438
f 2613/2613/2439 2612/2612/2438 2610/2610/2436
f 2614/2614/2440 2613/2613/2439 2610/2610/2436
f 2608/2608/2434 2614/2614/2440 2606/2606/2432
f 2610/2610/2436 2606/2606/2432 2614/2614/2440
f 2615/2615/2441 2616/2616/2442 2617/2617/2443
f 2618/2618/2444 2617/2617/2443 2616/2616/2442
f 2616/2616/2442 2615/2615/2441 2619/2619/2445
f 2620/2620/2446 2619/2619/2445 2615/2615/2441
f 2619/2619/2445 2620/2620/2446 2621/2621/2447
f 2622/2622/2448 2621/2621/2447 2620/2620/2446
f 2622/2622/2448 2620/2620/2446 2623/2623/2449
f 2624/2624/2450 2623/2623/2449 2620/2620/2446
f 2615/2615/2441 2625/2625/2451 2620/2620/2446
f 2624/2624/2450 2620/2620/2446 2625/2625/2451
f 2615/2615/2441 2617/2617/2443 2625/2625/2451
f 2626/2626/2452 2625/2625/2451 2617/2617/2443
f 2616/2616/2442 2619/2619/2445 2627/2627/2453
f 2616/2616/2442 2627/2627/2453 2618/2618/2444
f 2628/2628/2454 2627/2627/2453 2619/2619/2445
f 2621/2621/2447 2629/2629/2455 2619/2619/2445
f 2628/2628/2454 2619/2619/2445 2629/2629/2455
f 2621/2621/2447 2630/2630/2456 2629/2629/2455
f 2631/2631/2457 2622/2622/2448 2623/2623/2449
f 2629/2629/2455 2632/2632/2458 2628/2628/2454
f 2633/2633/2459 2628/2628/2454 2632/2632/2458
f 2633/2633/2459 2627/2627/2453 2628/2628/2454
f 2630/2630/2456 2634/2634/2460 2629/2629/2455
f 2632/2632/2458 2629/2629/2455 2634/2634/2460
f 2635/2635/2461 2634/2634/2460 2630/2630/2456
f 2636/2636/2462 2630/2630/2456 2621/2621/2447
f 2621/2621/2447 2622/2622/2448 2636/2636/2462
f 2636/2636/2462 2635/2635/2461 2630/2630/2456
f 2637/2637/2463 2636/2636/2462 2622/2622/2448
f 2636/2636/2462 2637/2637/2463 2635/2635/2461
f 2637/2637/2463 2622/2622/2448 2631/2631/2457
f 2638/2638/2464 2637/2637/2463 2631/2631/2457
f 2638/2638/2464 2635/2635/2461 2637/2637/2463
f 2627/2627/2453 2633/2633/2459 2639/2639/2465
f 2639/2639/2465 2618/2618/2444 2627/2627/2453
f 2618/2618/2444 2639/2639/2465 2640/2640/2466
f 2618/2618/2444 2640/2640/2466 2617/2617/2443
f 2641/2641/2467 2617/2617/2443 2640/2640/2466
f 2641/2641/2467 2640/2640/2466 2642/2642/2468
f 2642/2642/2468 2643/2643/2469 2641/2641/2467
f 2644/2644/2470 2641/2641/2467 2643/2643/2469
f 2641/2641/2467 2644/2644/2470 2617/2617/2443
f 2645/2645/2471 2642/2642/2468 2640/2640/2466
f 2645/2645/2471 2640/2640/2466 2646/2646/2472
f 2646/2646/2472 2647/2647/2473 2645/2645/2471
f 2648/2648/2474 2645/2645/2471 2647/2647/2473
f 2647/2647/2473 2649/2649/2475 2648/2648/2474
f 2650/2650/2476 2649/2649/2475 2647/2647/2473
f 2647/2647/2473 2651/2651/2477 2650/2650/2476
f 2652/2652/2478 2650/2650/2476 2651/2651/2477
f 2650/2650/2476 2652/2652/2478 2653/2653/2479
f 2654/2654/2480 2653/2653/2479 2652/2652/2478
f 2654/2654/2480 2655/2655/2481 2653/2653/2479
f 2656/2656/2482 2653/2653/2479 2655/2655/2481
f 2653/2653/2479 2656/2656/2482 2657/2657/2483
f 2657/2657/2483 2658/2658/2484 2653/2653/2479
f 2658/2658/2484 2657/2657/2483 2659/2659/2485
f 2659/2659/2485 2660/2660/2486 2658/2658/2484
f 2661/2661/2487 2658/2658/2484 2660/2660/2486
f 2662/2662/2488 2660/2660/2486 2659/2659/2485
f 2659/2659/2485 2663/2663/2489 2662/2662/2488
f 2663/2663/2489 2664/2664/2490 2662/2662/2488
f 2665/2665/2491 2662/2662/2488 2664/2664/2490
f 2663/2663/2489 2666/2666/2492 2664/2664/2490
f 2664/2664/2490 2666/2666/2492 2667/2667/2493
f 2664/2664/2490 2667/2667/2493 2665/2665/2491
f 2668/2668/2494 2667/2667/2493 2666/2666/2492
f 2666/2666/2492 2669/2669/2495 2668/2668/2494
f 2666/2666/2492 2670/2670/2496 2669/2669/2495
f 2670/2670/2496 2671/2671/2497 2669/2669/2495
f 2672/2672/2498 2669/2669/2495 2671/2671/2497
f 2671/2671/2497 2673/2673/2499 2672/2672/2498
f 2674/2674/2500 2672/2672/2498 2673/2673/2499
f 2673/2673/2499 2675/2675/2501 2674/2674/2500
f 2676/2676/2502 2674/2674/2500 2675/2675/2501
f 2676/2676/2502 2675/2675/2501 2677/2677/2503
f 2678/2678/2504 2677/2677/2503 2675/2675/2501
f 2677/2677/2503 2678/2678/2504 2679/2679/2505
f 2680/2680/2506 2679/2679/2505 2678/2678/2504
f 2679/2679/2505 2680/2680/2506 2681/2681/2507
f 2680/2680/2506 2678/2678/2504 2682/2682/2508
f 2682/2682/2508 2683/2683/2509 2680/2680/2506
f 2684/2684/2510 2680/2680/2506 2683/2683/2509
f 2681/2681/2507 2680/2680/2506 2684/2684/2510
f 2684/2684/2510 2683/2683/2509 2685/2685/2511
f 2681/2681/2507 2684/2684/2510 2685/2685/2511
f 2686/2686/2512 2685/2685/2511 2683/2683/2509
f 2683/2683/2509 2687/2687/2513 2686/2686/2512
f 2683/2683/2509 2682/2682/2508 2687/2687/2513
f 2682/2682/2508 2688/2688/2514 2687/2687/2513
f 2682/2682/2508 2689/2689/2515 2688/2688/2514
f 2689/2689/2515 2682/2682/2508 2678/2678/2504
f 2678/2678/2504 2675/2675/2501 2689/2689/2515
f 2690/2690/2516 2688/2688/2514 2689/2689/2515
f 2689/2689/2515 2691/2691/2517 2690/2690/2516
f 2692/2692/2518 2690/2690/2516 2691/2691/2517
f 2692/2692/2518 2691/2691/2517 2693/2693/2519
f 2694/2694/2520 2693/2693/2519 2691/2691/2517
f 2693/2693/2519 2695/2695/2521 2692/2692/2518
f 2696/2696/2522 2692/2692/2518 2695/2695/2521
f 2696/2696/2522 2690/2690/2516 2692/2692/2518
f 2688/2688/2514 2690/2690/2516 2697/2697/2523
f 2696/2696/2522 2697/2697/2523 2690/2690/2516
f 2687/2687/2513 2688/2688/2514 2698/2698/2524
f 2697/2697/2523 2698/2698/2524 2688/2688/2514
f 2686/2686/2512 2687/2687/2513 2698/2698/2524
f 2695/2695/2521 2693/2693/2519 2699/2699/2525
f 2693/2693/2519 2694/2694/2520 2699/2699/2525
f 2695/2695/2521 2699/2699/2525 2700/2700/2526
f 2701/2701/2527 2700/2700/2526 2699/2699/2525
f 2694/2694/2520 2691/2691/2517 2673/2673/2499
f 2673/2673/2499 2671/2671/2497 2694/2694/2520
f 2702/2702/2528 2694/2694/2520 2671/2671/2497
f 2699/2699/2525 2702/2702/2528 2701/2701/2527
f 2702/2702/2528 2699/2699/2525 2694/2694/2520
f 2671/2671/2497 2670/2670/2496 2702/2702/2528
f 2703/2703/2529 2702/2702/2528 2670/2670/2496
f 2703/2703/2529 2701/2701/2527 2702/2702/2528
f 2675/2675/2501 2673/2673/2499 2691/2691/2517
f 2703/2703/2529 2670/2670/2496 2704/2704/2530
f 2705/2705/2531 2703/2703/2529 2704/2704/2530
f 2703/2703/2529 2705/2705/2531 2701/2701/2527
f 2705/2705/2531 2704/2704/2530 2706/2706/2532
f 2705/2705/2531 2706/2706/2532 2707/2707/2533
f 2708/2708/2534 2707/2707/2533 2706/2706/2532
f 2708/2708/2534 2706/2706/2532 2659/2659/2485
f 2663/2663/2489 2659/2659/2485 2706/2706/2532
f 2706/2706/2532 2666/2666/2492 2663/2663/2489
f 2706/2706/2532 2704/2704/2530 2666/2666/2492
f 2670/2670/2496 2666/2666/2492 2704/2704/2530
f 2659/2659/2485 2709/2709/2535 2708/2708/2534
f 2710/2710/2536 2708/2708/2534 2709/2709/2535
f 2708/2708/2534 2710/2710/2536 2707/2707/2533
f 2709/2709/2535 2659/2659/2485 2657/2657/2483
f 2705/2705/2531 2707/2707/2533 2711/2711/1998
f 2712/2712/2537 2711/2711/1998 2707/2707/2533
f 2713/2713/2538 2707/2707/2533 2710/2710/2536
f 2707/2707/2533 2713/2713/2538 2712/2712/2537
f 2709/2709/2535 2714/2714/2539 2710/2710/2536
f 2715/2715/2540 2710/2710/2536 2714/2714/2539
f 2710/2710/2536 2715/2715/2540 2713/2713/2538
f 2657/2657/2483 2716/2716/2541 2709/2709/2535
f 2714/2714/2539 2709/2709/2535 2716/2716/2541
f 2716/2716/2541 2657/2657/2483 2656/2656/2482
f 2717/2717/2542 2712/2712/2537 2713/2713/2538
f 2718/2718/2543 2713/2713/2538 2715/2715/2540
f 2713/2713/2538 2718/2718/2543 2717/2717/2542
f 2715/2715/2540 2714/2714/2539 2719/2719/2544
f 2715/2715/2540 2719/2719/2544 2718/2718/2543
f 2720/2720/2345 2719/2719/2544 2714/2714/2539
f 2716/2716/2541 2721/2721/2343 2714/2714/2539
f 2720/2720/2345 2714/2714/2539 2721/2721/2343
f 2716/2716/2541 2656/2656/2482 2721/2721/2343
f 2722/2722/2340 2721/2721/2343 2656/2656/2482
f 2655/2655/2481 2722/2722/2340 2656/2656/2482
f 2722/2722/2340 2655/2655/2481 2723/2723/2339
f 2724/2724/2545 2723/2723/2339 2655/2655/2481
f 2725/2725/2546 2718/2718/2543 2719/2719/2544
f 2726/2726/2547 2717/2717/2542 2718/2718/2543
f 2718/2718/2543 2725/2725/2546 2726/2726/2547
f 2727/2727/2352 2726/2726/2547 2725/2725/2546
f 2726/2726/2547 2727/2727/2352 2728/2728/2548
f 2729/2729/2549 2728/2728/2548 2727/2727/2352
f 2717/2717/2542 2726/2726/2547 2730/2730/2550
f 2728/2728/2548 2730/2730/2550 2726/2726/2547
f 2730/2730/2550 2731/2731/2551 2717/2717/2542
f 2712/2712/2537 2717/2717/2542 2731/2731/2551
f 2731/2731/2551 2732/2732/2552 2712/2712/2537
f 2711/2711/1998 2712/2712/2537 2732/2732/2552
f 2655/2655/2481 2654/2654/2480 2724/2724/2545
f 2733/2733/2553 2724/2724/2545 2654/2654/2480
f 2724/2724/2545 2733/2733/2553 2734/2734/2554
f 2735/2735/2555 2734/2734/2554 2733/2733/2553
f 2735/2735/2555 2733/2733/2553 2736/2736/2556
f 2736/2736/2556 2737/2737/2557 2735/2735/2555
f 2738/2738/2558 2737/2737/2557 2736/2736/2556
f 2736/2736/2556 2739/2739/2559 2738/2738/2558
f 2739/2739/2559 2736/2736/2556 2733/2733/2553
f 2740/2740/2560 2738/2738/2558 2739/2739/2559
f 2738/2738/2558 2740/2740/2560 2741/2741/2561
f 2742/2742/2562 2741/2741/2561 2740/2740/2560
f 2742/2742/2562 2743/2743/2258 2741/2741/2561
f 2744/2744/2563 2741/2741/2561 2743/2743/2258
f 2743/2743/2258 2745/2745/2562 2744/2744/2563
f 2743/2743/2258 2746/2746/2564 2745/2745/2562
f 2747/2747/2565 2745/2745/2562 2746/2746/2564
f 2747/2747/2565 2748/2748/2566 2745/2745/2562
f 2749/2749/2327 2745/2745/2562 2748/2748/2566
f 2745/2745/2562 2749/2749/2327 2750/2750/2567
f 2750/2750/2567 2744/2744/2563 2745/2745/2562
f 2751/2751/2568 2750/2750/2567 2749/2749/2327
f 2751/2751/2568 2752/2752/2569 2750/2750/2567
f 2753/2753/2570 2750/2750/2567 2752/2752/2569
f 2744/2744/2563 2750/2750/2567 2754/2754/2571
f 2753/2753/2570 2754/2754/2571 2750/2750/2567
f 2741/2741/2561 2744/2744/2563 2755/2755/2572
f 2754/2754/2571 2755/2755/2572 2744/2744/2563
f 2755/2755/2572 2756/2756/2573 2741/2741/2561
f 2738/2738/2558 2741/2741/2561 2756/2756/2573
f 2756/2756/2573 2755/2755/2572 2757/2757/2574
f 2758/2758/2575 2757/2757/2574 2755/2755/2572
f 2755/2755/2572 2754/2754/2571 2758/2758/2575
f 2758/2758/2575 2759/2759/2576 2757/2757/2574
f 2760/2760/2577 2759/2759/2576 2758/2758/2575
f 2759/2759/2576 2760/2760/2577 2761/2761/2416
f 2761/2761/2416 2762/2762/2414 2759/2759/2576
f 2762/2762/2414 2763/2763/2578 2759/2759/2576
f 2759/2759/2576 2763/2763/2578 2757/2757/2574
f 2763/2763/2578 2764/2764/2579 2757/2757/2574
f 2764/2764/2579 2756/2756/2573 2757/2757/2574
f 2764/2764/2579 2737/2737/2557 2756/2756/2573
f 2737/2737/2557 2738/2738/2558 2756/2756/2573
f 2765/2765/2580 2737/2737/2557 2764/2764/2579
f 2764/2764/2579 2763/2763/2578 2766/2766/2581
f 2765/2765/2580 2764/2764/2579 2766/2766/2581
f 2767/2767/2582 2765/2765/2580 2766/2766/2581
f 2763/2763/2578 2762/2762/2414 2768/2768/2415
f 2769/2769/2583 2761/2761/2416 2760/2760/2577
f 2758/2758/2575 2770/2770/2584 2760/2760/2577
f 2771/2771/2585 2760/2760/2577 2770/2770/2584
f 2760/2760/2577 2771/2771/2585 2769/2769/2583
f 2772/2772/2586 2769/2769/2583 2771/2771/2585
f 2770/2770/2584 2773/2773/2587 2771/2771/2585
f 2774/2774/2588 2771/2771/2585 2773/2773/2587
f 2771/2771/2585 2774/2774/2588 2772/2772/2586
f 2773/2773/2587 2775/2775/2589 2774/2774/2588
f 2776/2776/2590 2774/2774/2588 2775/2775/2589
f 2773/2773/2587 2770/2770/2584 2753/2753/2570
f 2753/2753/2570 2770/2770/2584 2754/2754/2571
f 2770/2770/2584 2758/2758/2575 2754/2754/2571
f 2775/2775/2589 2773/2773/2587 2752/2752/2569
f 2753/2753/2570 2752/2752/2569 2773/2773/2587
f 2752/2752/2569 2777/2777/2591 2775/2775/2589
f 2778/2778/2592 2775/2775/2589 2777/2777/2591
f 2775/2775/2589 2778/2778/2592 2776/2776/2590
f 2751/2751/2568 2777/2777/2591 2752/2752/2569
f 2779/2779/2593 2778/2778/2592 2777/2777/2591
f 2780/2780/2594 2777/2777/2591 2751/2751/2568
f 2780/2780/2594 2779/2779/2593 2777/2777/2591
f 2751/2751/2568 2749/2749/2327 2780/2780/2594
f 2781/2781/2595 2780/2780/2594 2749/2749/2327
f 2781/2781/2595 2749/2749/2327 2782/2782/2596
f 2748/2748/2566 2782/2782/2596 2749/2749/2327
f 2781/2781/2595 2782/2782/2596 2783/2783/2597
f 2779/2779/2593 2780/2780/2594 2783/2783/2597
f 2781/2781/2595 2783/2783/2597 2780/2780/2594
f 2784/2784/2598 2783/2783/2597 2782/2782/2596
f 2783/2783/2597 2784/2784/2598 2785/2785/2599
f 2778/2778/2592 2779/2779/2593 2785/2785/2599
f 2783/2783/2597 2785/2785/2599 2779/2779/2593
f 2786/2786/2600 2785/2785/2599 2784/2784/2598
f 2782/2782/2596 2787/2787/2601 2784/2784/2598
f 2786/2786/2600 2784/2784/2598 2787/2787/2601
f 2782/2782/2596 2748/2748/2566 2787/2787/2601
f 2748/2748/2566 2788/2788/2602 2787/2787/2601
f 2787/2787/2601 2788/2788/2602 2786/2786/2600
f 2748/2748/2566 2747/2747/2565 2788/2788/2602
f 2789/2789/2603 2788/2788/2602 2747/2747/2565
f 2790/2790/2604 2786/2786/2600 2788/2788/2602
f 2789/2789/2603 2791/2791/2605 2788/2788/2602
f 2790/2790/2604 2788/2788/2602 2791/2791/2605
f 2789/2789/2603 2792/2792/2586 2791/2791/2605
f 2793/2793/2606 2792/2792/2586 2789/2789/2603
f 2789/2789/2603 2747/2747/2565 2793/2793/2606
f 2746/2746/2564 2793/2793/2606 2747/2747/2565
f 2792/2792/2586 2793/2793/2606 2794/2794/2583
f 2794/2794/2583 2793/2793/2606 2795/2795/2607
f 2793/2793/2606 2746/2746/2564 2795/2795/2607
f 2795/2795/2607 2746/2746/2564 2796/2796/2608
f 2795/2795/2607 2796/2796/2608 2797/2797/2609
f 2746/2746/2564 2743/2743/2258 2796/2796/2608
f 2742/2742/2562 2796/2796/2608 2743/2743/2258
f 2796/2796/2608 2742/2742/2562 2798/2798/2610
f 2796/2796/2608 2798/2798/2610 2797/2797/2609
f 2740/2740/2560 2798/2798/2610 2742/2742/2562
f 2798/2798/2610 2740/2740/2560 2652/2652/2478
f 2739/2739/2559 2652/2652/2478 2740/2740/2560
f 2739/2739/2559 2733/2733/2553 2652/2652/2478
f 2654/2654/2480 2652/2652/2478 2733/2733/2553
f 2797/2797/2609 2799/2799/2416 2795/2795/2607
f 2799/2799/2416 2794/2794/2583 2795/2795/2607
f 2797/2797/2609 2647/2647/2473 2799/2799/2416
f 2800/2800/2417 2799/2799/2416 2647/2647/2473
f 2647/2647/2473 2646/2646/2472 2800/2800/2417
f 2801/2801/2611 2800/2800/2417 2646/2646/2472
f 2646/2646/2472 2802/2802/2612 2801/2801/2611
f 2802/2802/2612 2646/2646/2472 2640/2640/2466
f 2803/2803/2613 2801/2801/2611 2802/2802/2612
f 2803/2803/2613 2802/2802/2612 2639/2639/2465
f 2802/2802/2612 2640/2640/2466 2639/2639/2465
f 2803/2803/2613 2639/2639/2465 2633/2633/2459
f 2798/2798/2610 2652/2652/2478 2651/2651/2477
f 2647/2647/2473 2797/2797/2609 2651/2651/2477
f 2651/2651/2477 2797/2797/2609 2798/2798/2610
f 2804/2804/2614 2805/2805/2615 2806/2806/2616
f 2807/2807/2617 2806/2806/2616 2805/2805/2615
f 2805/2805/2615 2576/2576/2404 2807/2807/2617
f 2808/2808/2618 2807/2807/2617 2576/2576/2404
f 2576/2576/2404 2575/2575/2403 2808/2808/2618
f 2590/2590/2417 2808/2808/2618 2575/2575/2403
f 2805/2805/2615 2809/2809/2470 2576/2576/2404
f 2810/2810/2619 2576/2576/2404 2809/2809/2470
f 2811/2811/2452 2809/2809/2470 2805/2805/2615
f 2805/2805/2615 2804/2804/2614 2811/2811/2452
f 2810/2810/2619 2812/2812/2620 2576/2576/2404
f 2573/2573/2401 2576/2576/2404 2812/2812/2620
f 2812/2812/2620 2813/2813/2621 2573/2573/2401
f 2571/2571/2399 2573/2573/2401 2813/2813/2621
f 2571/2571/2399 2813/2813/2621 2814/2814/2428
f 2571/2571/2399 2814/2814/2428 2815/2815/2622
f 2816/2816/2503 2815/2815/2622 2814/2814/2428
f 2571/2571/2399 2815/2815/2622 2572/2572/2400
f 2580/2580/2407 2572/2572/2400 2815/2815/2622
f 2816/2816/2503 2817/2817/2623 2815/2815/2622
f 2815/2815/2622 2818/2818/2624 2580/2580/2407
f 2815/2815/2622 2817/2817/2623 2818/2818/2624
f 2819/2819/2625 2580/2580/2407 2818/2818/2624
f 2820/2820/2626 2818/2818/2624 2817/2817/2623
f 2818/2818/2624 2820/2820/2626 2821/2821/2627
f 2818/2818/2624 2821/2821/2627 2819/2819/2625
f 2822/2822/2628 2821/2821/2627 2820/2820/2626
f 2823/2823/2629 2819/2819/2625 2821/2821/2627
f 2824/2824/2630 2821/2821/2627 2822/2822/2628
f 2821/2821/2627 2824/2824/2630 2823/2823/2629
f 2825/2825/2631 2823/2823/2629 2824/2824/2630
f 2823/2823/2629 2825/2825/2631 2826/2826/2632
f 2819/2819/2625 2823/2823/2629 2827/2827/2633
f 2826/2826/2632 2827/2827/2633 2823/2823/2629
f 2580/2580/2407 2819/2819/2625 2828/2828/2634
f 2827/2827/2633 2828/2828/2634 2819/2819/2625
f 2828/2828/2634 2581/2581/2408 2580/2580/2407
f 2691/2691/2517 2689/2689/2515 2675/2675/2501
f 2829/2829/2635 2653/2653/2479 2658/2658/2484
f 2829/2829/2635 2650/2650/2476 2653/2653/2479
f 2658/2658/2484 2830/2830/2636 2829/2829/2635
f 2830/2830/2636 2658/2658/2484 2661/2661/2487
f 2661/2661/2487 2831/2831/2637 2830/2830/2636
f 2649/2649/2475 2829/2829/2635 2830/2830/2636
f 2650/2650/2476 2829/2829/2635 2649/2649/2475
f 2649/2649/2475 2830/2830/2636 2648/2648/2474
f 2832/2832/2638 2648/2648/2474 2830/2830/2636
f 2832/2832/2638 2830/2830/2636 2831/2831/2637
f 2642/2642/2468 2832/2832/2638 2831/2831/2637
f 2642/2642/2468 2645/2645/2471 2832/2832/2638
f 2648/2648/2474 2832/2832/2638 2645/2645/2471
f 2661/2661/2487 2833/2833/2639 2831/2831/2637
f 2833/2833/2639 2661/2661/2487 2834/2834/2640
f 2660/2660/2486 2834/2834/2640 2661/2661/2487
f 2834/2834/2640 2835/2835/2641 2833/2833/2639
f 2835/2835/2641 2834/2834/2640 2836/2836/2642
f 2834/2834/2640 2660/2660/2486 2836/2836/2642
f 2662/2662/2488 2836/2836/2642 2660/2660/2486
f 2837/2837/2643 2833/2833/2639 2835/2835/2641
f 2833/2833/2639 2837/2837/2643 2831/2831/2637
f 2835/2835/2641 2838/2838/2644 2837/2837/2643
f 2839/2839/2645 2837/2837/2643 2838/2838/2644
f 2835/2835/2641 2840/2840/2406 2838/2838/2644
f 2840/2840/2406 2835/2835/2641 2836/2836/2642
f 2841/2841/2646 2838/2838/2644 2840/2840/2406
f 2838/2838/2644 2841/2841/2646 2842/2842/2647
f 2843/2843/1999 2842/2842/2647 2841/2841/2646
f 2842/2842/2647 2843/2843/1999 2844/2844/2648
f 2845/2845/2408 2844/2844/2648 2843/2843/1999
f 2842/2842/2647 2846/2846/2649 2838/2838/2644
f 2839/2839/2645 2838/2838/2644 2846/2846/2649
f 2842/2842/2647 2844/2844/2648 2846/2846/2649
f 2847/2847/2650 2846/2846/2649 2844/2844/2648
f 2844/2844/2648 2845/2845/2408 2848/2848/2651
f 2849/2849/2634 2848/2848/2651 2845/2845/2408
f 2849/2849/2634 2850/2850/2652 2848/2848/2651
f 2851/2851/2653 2848/2848/2651 2850/2850/2652
f 2847/2847/2650 2844/2844/2648 2852/2852/2654
f 2848/2848/2651 2852/2852/2654 2844/2844/2648
f 2852/2852/2654 2853/2853/2623 2847/2847/2650
f 2854/2854/2503 2847/2847/2650 2853/2853/2623
f 2846/2846/2649 2847/2847/2650 2855/2855/2428
f 2854/2854/2503 2855/2855/2428 2847/2847/2650
f 2853/2853/2623 2852/2852/2654 2856/2856/2655
f 2857/2857/2656 2856/2856/2655 2852/2852/2654
f 2851/2851/2653 2857/2857/2656 2848/2848/2651
f 2852/2852/2654 2848/2848/2651 2857/2857/2656
f 2857/2857/2656 2851/2851/2653 2858/2858/2657
f 2859/2859/2658 2858/2858/2657 2851/2851/2653
f 2860/2860/2659 2856/2856/2655 2857/2857/2656
f 2860/2860/2659 2857/2857/2656 2858/2858/2657
f 2861/2861/2630 2860/2860/2659 2858/2858/2657
f 2858/2858/2657 2859/2859/2658 2861/2861/2630
f 2862/2862/2660 2861/2861/2630 2859/2859/2658
f 2862/2862/2660 2859/2859/2658 2863/2863/2661
f 2850/2850/2652 2863/2863/2661 2851/2851/2653
f 2859/2859/2658 2851/2851/2653 2863/2863/2661
f 2855/2855/2428 2864/2864/2621 2846/2846/2649
f 2839/2839/2645 2846/2846/2649 2864/2864/2621
f 2864/2864/2621 2865/2865/2620 2839/2839/2645
f 2837/2837/2643 2839/2839/2645 2865/2865/2620
f 2831/2831/2637 2837/2837/2643 2865/2865/2620
f 2831/2831/2637 2865/2865/2620 2643/2643/2469
f 2643/2643/2469 2642/2642/2468 2831/2831/2637
f 2866/2866/2662 2867/2867/2581 2588/2588/2415
f 2866/2866/2662 2588/2588/2415 2868/2868/2663
f 2866/2866/2662 2868/2868/2663 2869/2869/2550
f 2870/2870/2664 2869/2869/2550 2868/2868/2663
f 2867/2867/2581 2866/2866/2662 2871/2871/2582
f 2872/2872/2548 2871/2871/2582 2866/2866/2662
f 2872/2872/2548 2866/2866/2662 2869/2869/2550
f 2872/2872/2548 2873/2873/2335 2871/2871/2582
f 2874/2874/2337 2871/2871/2582 2873/2873/2335
f 2868/2868/2663 2588/2588/2415 2593/2593/2420
f 2593/2593/2420 2875/2875/2665 2868/2868/2663
f 2870/2870/2664 2868/2868/2663 2875/2875/2665
f 2875/2875/2665 2593/2593/2420 2876/2876/2526
f 2592/2592/2419 2876/2876/2526 2593/2593/2420
f 2876/2876/2526 2592/2592/2419 2877/2877/2521
f 2878/2878/2666 2877/2877/2521 2592/2592/2419
f 2877/2877/2521 2878/2878/2666 2879/2879/2667
f 2880/2880/2668 2879/2879/2667 2878/2878/2666
f 2878/2878/2666 2881/2881/2500 2880/2880/2668
f 2882/2882/2502 2880/2880/2668 2881/2881/2500
f 2883/2883/2669 2881/2881/2500 2878/2878/2666
f 2878/2878/2666 2592/2592/2419 2883/2883/2669
f 2884/2884/2670 2883/2883/2669 2592/2592/2419
f 2884/2884/2670 2592/2592/2419 2596/2596/2423
f 2882/2882/2502 2885/2885/2503 2880/2880/2668
f 2880/2880/2668 2885/2885/2503 2886/2886/2671
f 2887/2887/2672 2886/2886/2671 2885/2885/2503
f 2886/2886/2671 2887/2887/2672 2888/2888/2673
f 2889/2889/2674 2888/2888/2673 2887/2887/2672
f 2890/2890/2675 2888/2888/2673 2889/2889/2674
f 2886/2886/2671 2891/2891/2676 2880/2880/2668
f 2879/2879/2667 2880/2880/2668 2891/2891/2676
f 2888/2888/2673 2892/2892/2524 2886/2886/2671
f 2891/2891/2676 2886/2886/2671 2892/2892/2524
f 2890/2890/2675 2893/2893/2512 2888/2888/2673
f 2892/2892/2524 2888/2888/2673 2893/2893/2512
f 2765/2765/2580 2735/2735/2555 2737/2737/2557
f 2735/2735/2555 2765/2765/2580 2734/2734/2554
f 2767/2767/2582 2734/2734/2554 2765/2765/2580
f 2767/2767/2582 2894/2894/2337 2734/2734/2554
f 2895/2895/2338 2734/2734/2554 2894/2894/2337
f 2734/2734/2554 2895/2895/2338 2724/2724/2545
f 2723/2723/2339 2724/2724/2545 2895/2895/2338
f 2626/2626/2452 2617/2617/2443 2644/2644/2470
f 2896/2896/2677 2897/2897/2678 2898/2898/2679
f 2667/2667/2493 2898/2898/2679 2897/2897/2678
f 2667/2667/2493 2668/2668/2494 2898/2898/2679
f 2899/2899/2680 2898/2898/2679 2668/2668/2494
f 2897/2897/2678 2665/2665/2491 2667/2667/2493
f 2897/2897/2678 2836/2836/2642 2665/2665/2491
f 2897/2897/2678 2896/2896/2677 2900/2900/2410
f 2900/2900/2410 2836/2836/2642 2897/2897/2678
f 2901/2901/2411 2900/2900/2410 2896/2896/2677
f 2896/2896/2677 2902/2902/2681 2901/2901/2411
f 2903/2903/2428 2901/2901/2411 2902/2902/2681
f 2902/2902/2681 2904/2904/2682 2903/2903/2428
f 2905/2905/2683 2903/2903/2428 2904/2904/2682
f 2905/2905/2683 2904/2904/2682 2906/2906/2429
f 2907/2907/2684 2906/2906/2429 2904/2904/2682
f 2904/2904/2682 2902/2902/2681 2908/2908/2528
f 2909/2909/2685 2908/2908/2528 2902/2902/2681
f 2902/2902/2681 2896/2896/2677 2909/2909/2685
f 2898/2898/2679 2909/2909/2685 2896/2896/2677
f 2898/2898/2679 2899/2899/2680 2909/2909/2685
f 2908/2908/2528 2909/2909/2685 2910/2910/2427
f 2910/2910/2427 2911/2911/2437 2908/2908/2528
f 2912/2912/2686 2908/2908/2528 2911/2911/2437
f 2907/2907/2684 2904/2904/2682 2912/2912/2686
f 2908/2908/2528 2912/2912/2686 2904/2904/2682
f 2913/2913/2424 2910/2910/2427 2909/2909/2685
f 2913/2913/2424 2909/2909/2685 2899/2899/2680
f 2911/2911/2437 2914/2914/2687 2912/2912/2686
f 2915/2915/2688 2912/2912/2686 2914/2914/2687
f 2912/2912/2686 2915/2915/2688 2907/2907/2684
f 2914/2914/2687 2916/2916/2439 2915/2915/2688
f 2916/2916/2439 2917/2917/2689 2915/2915/2688
f 2918/2918/2690 2907/2907/2684 2915/2915/2688
f 2917/2917/2689 2919/2919/2691 2915/2915/2688
f 2918/2918/2690 2915/2915/2688 2919/2919/2691
f 2919/2919/2691 2917/2917/2689 2920/2920/2692
f 2921/2921/2693 2919/2919/2691 2920/2920/2692
f 2921/2921/2693 2918/2918/2690 2919/2919/2691
f 2922/2922/2694 2920/2920/2692 2917/2917/2689
f 2916/2916/2439 2922/2922/2694 2917/2917/2689
f 2923/2923/2695 2918/2918/2690 2921/2921/2693
f 2918/2918/2690 2923/2923/2695 2907/2907/2684
f 2906/2906/2429 2907/2907/2684 2923/2923/2695
f 2924/2924/2696 2925/2925/2697 2926/2926/2698
f 2927/2927/2460 2926/2926/2698 2925/2925/2697
f 2925/2925/2697 2924/2924/2696 2928/2928/2457
f 2928/2928/2457 2929/2929/2086 2925/2925/2697
f 2930/2930/2699 2925/2925/2697 2929/2929/2086
f 2925/2925/2697 2930/2930/2699 2927/2927/2460
f 2931/2931/2458 2927/2927/2460 2930/2930/2699
f 2930/2930/2699 2804/2804/2614 2931/2931/2458
f 2806/2806/2616 2931/2931/2458 2804/2804/2614
f 2929/2929/2086 2932/2932/2200 2930/2930/2699
f 2804/2804/2614 2930/2930/2699 2932/2932/2200
f 2933/2933/2451 2804/2804/2614 2932/2932/2200
f 2933/2933/2451 2811/2811/2452 2804/2804/2614
f 2934/2934/2605 2772/2772/2586 2774/2774/2588
f 2774/2774/2588 2776/2776/2590 2934/2934/2605
f 2935/2935/2604 2934/2934/2605 2776/2776/2590
f 2776/2776/2590 2936/2936/2599 2935/2935/2604
f 2936/2936/2599 2776/2776/2590 2778/2778/2592
f 2937/2937/2600 2935/2935/2604 2936/2936/2599
f 2711/2711/1998 2732/2732/2552 2701/2701/2527
f 2700/2700/2526 2701/2701/2527 2732/2732/2552
f 2711/2711/1998 2701/2701/2527 2705/2705/2531
f 2836/2836/2642 2662/2662/2488 2665/2665/2491
f 2900/2900/2410 2840/2840/2406 2836/2836/2642
f 2938/2938/2700 2939/2939/2578 2940/2940/2415
f 2941/2941/2701 2942/2942/2702 2943/2943/2703
f 2944/2944/2704 2943/2943/2703 2942/2942/2702
f 2944/2944/2704 2942/2942/2702 2945/2945/2358
f 2946/2946/2359 2945/2945/2358 2942/2942/2702
f 2941/2941/2701 2947/2947/2705 2942/2942/2702
f 2948/2948/2706 2942/2942/2702 2947/2947/2705
f 2942/2942/2702 2948/2948/2706 2946/2946/2359
f 2947/2947/2705 2949/2949/2707 2948/2948/2706
f 2950/2950/2708 2948/2948/2706 2949/2949/2707
f 2948/2948/2706 2950/2950/2708 2951/2951/2709
f 2951/2951/2709 2946/2946/2359 2948/2948/2706
f 2952/2952/2365 2951/2951/2709 2950/2950/2708
f 2953/2953/2710 2943/2943/2703 2944/2944/2704
f 2954/2954/2711 2955/2955/2367 2956/2956/2712
f 2954/2954/2711 2956/2956/2712 2957/2957/2713
f 2956/2956/2712 2958/2958/2371 2957/2957/2713
f 2959/2959/2714 2957/2957/2713 2958/2958/2371
f 2958/2958/2371 2960/2960/2373 2959/2959/2714
f 2961/2961/2715 2959/2959/2714 2960/2960/2373
f 2962/2962/2716 2954/2954/2711 2957/2957/2713
f 2959/2959/2714 2963/2963/2717 2957/2957/2713
f 2959/2959/2714 2961/2961/2715 2963/2963/2717
f 2964/2964/2718 2963/2963/2717 2961/2961/2715
f 2961/2961/2715 2965/2965/2719 2964/2964/2718
f 2966/2966/2720 2964/2964/2718 2965/2965/2719
f 2964/2964/2718 2966/2966/2720 2967/2967/2721
f 2968/2968/2722 2966/2966/2720 2965/2965/2719
f 2965/2965/2719 2961/2961/2715 2969/2969/2382
f 2960/2960/2373 2969/2969/2382 2961/2961/2715
f 2965/2965/2719 2969/2969/2382 2970/2970/2383
f 2965/2965/2719 2970/2970/2383 2971/2971/2723
f 2971/2971/2723 2968/2968/2722 2965/2965/2719
f 2972/2972/2724 2971/2971/2723 2970/2970/2383
f 2964/2964/2718 2967/2967/2721 2973/2973/2643
f 2966/2966/2720 2968/2968/2722 2974/2974/2725
f 2966/2966/2720 2974/2974/2725 2967/2967/2721
f 2967/2967/2721 2974/2974/2725 2975/2975/2726
f 2964/2964/2718 2976/2976/2727 2963/2963/2717
f 2976/2976/2727 2964/2964/2718 2973/2973/2643
f 2963/2963/2717 2976/2976/2727 2977/2977/2728
f 2976/2976/2727 2978/2978/2729 2977/2977/2728
f 2979/2979/2730 2976/2976/2727 2973/2973/2643
f 2978/2978/2729 2976/2976/2727 2979/2979/2730
f 2980/2980/2731 2979/2979/2730 2973/2973/2643
f 2979/2979/2730 2980/2980/2731 2981/2981/2732
f 2980/2980/2731 2982/2982/2703 2981/2981/2732
f 2982/2982/2703 2980/2980/2731 2983/2983/2733
f 2984/2984/2734 2983/2983/2733 2980/2980/2731
f 2980/2980/2731 2973/2973/2643 2984/2984/2734
f 2984/2984/2734 2985/2985/2735 2983/2983/2733
f 2984/2984/2734 2973/2973/2643 2985/2985/2735
f 2986/2986/2705 2983/2983/2733 2985/2985/2735
f 2987/2987/2736 2981/2981/2732 2982/2982/2703
f 2988/2988/2707 2985/2985/2735 2975/2975/2726
f 2988/2988/2707 2986/2986/2705 2985/2985/2735
f 2973/2973/2643 2967/2967/2721 2985/2985/2735
f 2985/2985/2735 2967/2967/2721 2975/2975/2726
f 2963/2963/2717 2977/2977/2728 2957/2957/2713
f 2962/2962/2716 2957/2957/2713 2977/2977/2728
f 2473/2473/2311 2989/2989/2737 2469/2469/2307
f 2990/2990/2738 2469/2469/2307 2989/2989/2737
f 2473/2473/2311 2474/2474/2312 2989/2989/2737
f 2991/2991/2739 2989/2989/2737 2474/2474/2312
f 2474/2474/2312 2475/2475/2313 2991/2991/2739
f 2992/2992/2740 2991/2991/2739 2475/2475/2313
f 2992/2992/2740 2475/2475/2313 2993/2993/2741
f 2477/2477/2315 2993/2993/2741 2475/2475/2313
f 2477/2477/2315 2479/2479/2298 2993/2993/2741
f 2469/2469/2307 2990/2990/2738 2467/2467/2305
o male_lobby_tshirt_V-neck.003_male_lobby_tshirt_V-neck.017
v 0.145109 1.448986 -0.117508
v 0.139062 1.399782 -0.106920
v 0.098066 1.453932 -0.140407
v 0.097771 1.403995 -0.130039
v 0.051865 1.456571 -0.144695
v 0.050767 1.408428 -0.138941
v 0.004201 1.457229 -0.144840
v 0.004201 1.409417 -0.140262
v 0.132687 1.354681 -0.097432
v 0.094622 1.358236 -0.124031
v 0.049960 1.360836 -0.136268
v 0.004274 1.361313 -0.138941
v 0.126460 1.310497 -0.089702
v 0.091398 1.313281 -0.116519
v 0.049118 1.315296 -0.131212
v 0.004383 1.315114 -0.134839
v 0.125178 1.269939 -0.082631
v 0.091691 1.269537 -0.108533
v 0.050729 1.271332 -0.124616
v 0.004639 1.271295 -0.129233
v -0.042513 1.409417 -0.140663
v -0.043649 1.456716 -0.145648
v -0.092743 1.406890 -0.132934
v -0.094428 1.454665 -0.140958
v -0.132312 1.404764 -0.108937
v -0.137880 1.454885 -0.124836
v -0.124140 1.363622 -0.099740
v -0.088382 1.360178 -0.127107
v -0.042109 1.359958 -0.137219
v -0.117583 1.314710 -0.093292
v -0.082887 1.313977 -0.119158
v -0.040938 1.313685 -0.131432
v -0.115786 1.270122 -0.088089
v -0.080580 1.270452 -0.111464
v -0.119891 1.229124 -0.085746
v -0.082703 1.229820 -0.108349
v -0.121209 1.216558 -0.085342
v -0.085049 1.206007 -0.112966
v -0.040718 1.269975 -0.124507
v -0.040425 1.230004 -0.121980
v 0.004677 1.230664 -0.127182
v -0.042696 1.195601 -0.127475
v 0.005152 1.193294 -0.130955
v -0.094061 1.186698 -0.125424
v -0.046946 1.173619 -0.143265
v -0.091790 1.163324 -0.130370
v -0.044967 1.140536 -0.150630
v 0.004201 1.166547 -0.147699
v 0.007130 1.139620 -0.150593
v -0.047349 1.105400 -0.156456
v 0.005372 1.105547 -0.155467
v -0.095270 1.144127 -0.134692
v -0.143338 1.147168 -0.100291
v -0.128244 1.178236 -0.086515
v -0.103075 1.105987 -0.141251
v -0.150153 1.108002 -0.110071
v 0.005996 1.061801 -0.160265
v -0.046689 1.062021 -0.159240
v -0.045151 1.016957 -0.155832
v 0.006581 1.018534 -0.157078
v -0.104320 1.017361 -0.151875
v -0.107471 1.062241 -0.154330
v -0.151692 1.018497 -0.122016
v -0.153634 1.064036 -0.122198
v -0.170962 1.173106 -0.053468
v -0.176861 1.148890 -0.060538
v -0.182724 1.150428 -0.009282
v -0.194630 1.108186 -0.009393
v -0.180305 1.108111 -0.063104
v -0.200969 1.063523 -0.007707
v -0.180856 1.063158 -0.068746
v -0.206502 1.021318 -0.007780
v -0.183311 1.020145 -0.072006
v -0.185215 1.192159 -0.011737
v -0.157261 1.198972 -0.046982
v -0.174334 1.217621 -0.011040
v -0.160265 1.216888 -0.054786
v -0.172979 1.230224 -0.011444
v -0.147662 1.227917 -0.049548
v -0.164002 1.243084 -0.011701
v -0.143449 1.269097 -0.052808
v -0.158727 1.269902 -0.013350
v -0.144511 1.308848 -0.057498
v -0.162024 1.310205 -0.016719
v -0.147991 1.338012 -0.060136
v -0.165797 1.336290 -0.019430
v -0.166128 1.365381 -0.024596
v -0.149128 1.369301 -0.064422
v -0.156272 1.400369 -0.082667
v -0.173088 1.380071 -0.028004
v -0.167666 1.393041 -0.029982
v -0.155208 1.414438 -0.079479
v -0.168948 1.436127 -0.075815
v -0.174554 1.430265 -0.036834
v -0.169023 1.462250 -0.105749
v -0.170781 1.498484 -0.120952
v -0.139674 1.501524 -0.133775
v -0.178914 1.443308 -0.072884
v -0.180525 1.440009 -0.040754
v -0.180636 1.464080 -0.100034
v -0.185911 1.497422 -0.118280
v -0.095125 1.504895 -0.142936
v -0.044564 1.508487 -0.147002
v 0.004346 1.509181 -0.146673
v 0.052745 1.508925 -0.147295
v 0.098139 1.503722 -0.143889
v 0.135215 1.500975 -0.134106
v 0.167749 1.498411 -0.123847
v 0.165038 1.456203 -0.110219
v 0.173466 1.435760 -0.081238
v 0.166027 1.394470 -0.073544
v 0.171340 1.393077 -0.030971
v 0.159763 1.350761 -0.064238
v 0.167640 1.351641 -0.023974
v 0.161705 1.398134 0.009696
v 0.159799 1.355414 0.013542
v 0.144008 1.402568 0.046334
v 0.143972 1.358052 0.050400
v 0.119023 1.406012 0.082825
v 0.123637 1.455141 0.084327
v 0.150127 1.452101 0.049522
v 0.088503 1.456827 0.103488
v 0.085352 1.407110 0.105210
v 0.046150 1.458731 0.110558
v 0.045197 1.408355 0.116970
v 0.005372 1.458476 0.110045
v 0.005336 1.409417 0.119937
v 0.117410 1.360507 0.083374
v 0.083739 1.363146 0.109203
v 0.044685 1.365233 0.122796
v 0.005408 1.365746 0.127632
v 0.122466 1.315772 0.090114
v 0.144376 1.313977 0.051462
v 0.084254 1.318338 0.113820
v 0.044428 1.319252 0.127229
v 0.005519 1.319509 0.132211
v 0.123601 1.272541 0.092276
v 0.157380 1.271953 0.059706
v 0.159835 1.233705 0.059962
v 0.086525 1.271808 0.115651
v 0.128438 1.229528 0.098908
v 0.173318 1.191095 0.075313
v 0.089822 1.230041 0.117226
v 0.131698 1.190326 0.100739
v 0.094366 1.191242 0.120965
v 0.048312 1.230846 0.133016
v 0.050729 1.192304 0.135691
v 0.006141 1.231910 0.137488
v 0.006508 1.192744 0.140308
v 0.005776 1.274447 0.135069
v 0.045417 1.273054 0.131076
v 0.051793 1.151490 0.140344
v 0.006912 1.150977 0.142690
v 0.098468 1.150464 0.125983
v 0.174491 1.148486 0.077584
v 0.139319 1.149330 0.106309
v 0.053587 1.109577 0.141114
v 0.007314 1.109320 0.144412
v 0.102279 1.109468 0.130344
v 0.147636 1.108662 0.112756
v 0.185738 1.108295 0.081835
v 0.007790 1.064587 0.147087
v 0.055053 1.064623 0.140272
v 0.055933 1.018643 0.143387
v 0.008267 1.019230 0.145987
v 0.107481 1.019487 0.136022
v 0.105943 1.064440 0.129867
v 0.157564 1.019083 0.118326
v 0.154268 1.064220 0.116055
v 0.199001 1.019083 0.091140
v 0.193542 1.065064 0.087478
v 0.214058 1.066053 0.045858
v 0.220508 1.021061 0.045858
v 0.207502 1.108331 0.041717
v 0.197499 1.147388 0.039666
v 0.213180 1.064733 -0.005253
v 0.219884 1.020878 -0.006351
v 0.200906 1.107342 -0.006607
v 0.195228 1.064256 -0.055848
v 0.203947 1.020512 -0.059256
v 0.183246 1.106280 -0.053430
v 0.184603 1.146471 -0.008037
v 0.171705 1.145446 -0.050133
v 0.185043 1.179114 0.033035
v 0.180134 1.207142 0.025999
v 0.181415 1.232094 0.024130
v 0.162621 1.273017 0.020430
v 0.183578 1.207217 -0.010564
v 0.166834 1.233448 -0.012397
v 0.165550 1.312952 0.019184
v 0.169214 1.273603 -0.014961
v 0.167054 1.309141 -0.018368
v 0.152838 1.308371 -0.057899
v 0.152178 1.269281 -0.050682
v 0.169765 1.233559 -0.053504
v 0.167420 1.205347 -0.047569
v 0.176213 1.183329 -0.052881
v 0.178593 1.186297 -0.008697
v 0.166065 1.168380 -0.047495
v 0.153755 1.252537 -0.048631
v 0.128254 1.230077 -0.080065
v 0.093669 1.230993 -0.104833
v 0.052269 1.231104 -0.122382
v 0.097846 1.209084 -0.107873
v 0.055162 1.195932 -0.125204
v 0.103781 1.197105 -0.119487
v 0.058388 1.181716 -0.138136
v 0.143056 1.216119 -0.086808
v 0.101803 1.178127 -0.111684
v 0.060841 1.165889 -0.140627
v 0.110229 1.149988 -0.130551
v 0.148076 1.177612 -0.094648
v 0.060475 1.140645 -0.148835
v 0.062526 1.105436 -0.149421
v 0.064212 1.061472 -0.159789
v 0.062857 1.018972 -0.161107
v 0.117777 1.104374 -0.134765
v 0.121146 1.063083 -0.147442
v 0.118655 1.018936 -0.149201
v 0.147525 1.144273 -0.087393
v 0.157199 1.105693 -0.096296
v 0.164087 1.063122 -0.106920
v 0.166834 1.021134 -0.111244
v 0.150016 1.163727 -0.092815
v 0.163134 1.208059 -0.072408
v 0.150127 1.211430 -0.078014
v -0.038188 1.319985 0.128987
v -0.039289 1.365453 0.124738
v -0.039141 1.409821 0.118875
v -0.038885 1.458365 0.111731
v -0.082631 1.408941 0.110229
v -0.086184 1.457962 0.106749
v -0.121613 1.407622 0.087807
v -0.125204 1.454554 0.086561
v -0.149897 1.404802 0.055638
v -0.153817 1.449206 0.054211
v -0.151508 1.359334 0.060512
v -0.119818 1.362302 0.091616
v -0.081825 1.363547 0.113600
v -0.116630 1.317056 0.094695
v -0.153341 1.316578 0.064176
v -0.080176 1.319620 0.117081
v -0.118205 1.272357 0.100337
v -0.150446 1.269022 0.069525
v -0.158947 1.228979 0.078024
v -0.124909 1.231617 0.102976
v -0.164662 1.192524 0.081981
v -0.132312 1.193037 0.105868
v -0.080065 1.272686 0.118510
v -0.085818 1.231434 0.121550
v -0.090104 1.193514 0.124334
v -0.040607 1.232239 0.135435
v -0.041816 1.192415 0.136975
v -0.038703 1.274116 0.132760
v -0.043393 1.151637 0.138770
v -0.092595 1.152261 0.127192
v -0.173968 1.150464 0.086414
v -0.135645 1.151564 0.109900
v -0.044491 1.109211 0.142615
v -0.093255 1.110200 0.131369
v -0.138356 1.110273 0.119792
v -0.178034 1.109651 0.087843
v -0.044747 1.064916 0.143459
v -0.042329 1.018863 0.146792
v -0.092706 1.018166 0.142836
v -0.093403 1.064476 0.135948
v -0.142825 1.020256 0.131294
v -0.142533 1.065173 0.128622
v -0.185691 1.020769 0.104478
v -0.184446 1.065649 0.099312
v -0.209066 1.065320 0.050034
v -0.211557 1.020072 0.052746
v -0.202802 1.109395 0.042815
v -0.193496 1.151052 0.037429
v -0.183860 1.191059 0.034573
v -0.173712 1.226633 0.036147
v -0.172428 1.267264 0.034024
v -0.168984 1.312328 0.026585
v -0.169497 1.356514 0.020137
v -0.170597 1.381573 0.017280
v -0.200969 1.063523 -0.007707
v -0.194630 1.108186 -0.009393
v -0.158727 1.269902 -0.013350
v -0.165797 1.336290 -0.019430
v -0.182724 1.150428 -0.009282
v -0.185215 1.192159 -0.011737
v -0.180196 1.229271 0.022848
v -0.162024 1.310205 -0.016719
v -0.169095 1.399965 0.014898
v -0.174005 1.443417 0.012407
v -0.174554 1.430265 -0.036834
v -0.167666 1.393041 -0.029982
v -0.173088 1.380071 -0.028004
v -0.166128 1.365381 -0.024596
v -0.174334 1.217621 -0.011040
v -0.176716 1.242900 0.012956
v -0.164002 1.243084 -0.011701
v -0.172979 1.230224 -0.011444
v -0.178878 1.491119 0.026110
v -0.157225 1.495405 0.052158
v -0.126375 1.500242 0.078281
v -0.087320 1.503906 0.092533
v -0.039838 1.504931 0.096637
v 0.005372 1.504346 0.096380
v 0.045894 1.503246 0.095940
v 0.089601 1.502513 0.090371
v 0.127998 1.498593 0.075349
v 0.159030 1.495625 0.048018
v 0.180206 1.491192 0.023068
v 0.166174 1.447081 0.008267
v 0.177422 1.437482 -0.037787
v 0.164048 1.537173 0.041388
v 0.129354 1.541642 0.055933
v 0.089529 1.545123 0.068316
v 0.045638 1.547176 0.075937
v 0.004895 1.547028 0.077584
v -0.040974 1.546479 0.077475
v 0.166980 1.574836 0.025816
v 0.131113 1.580002 0.032558
v 0.191711 1.569414 0.019075
v 0.187423 1.533069 0.029407
v 0.189293 1.492621 0.014057
v 0.196877 1.530907 0.024790
v 0.204021 1.564577 0.016291
v 0.185481 1.466499 -0.008989
v 0.176506 1.460968 -0.003200
v 0.186105 1.446203 -0.041303
v 0.182076 1.442209 -0.075670
v 0.179253 1.462946 -0.104504
v 0.183246 1.497018 -0.120734
v 0.174637 1.542230 -0.127402
v 0.190354 1.538271 -0.125349
v 0.139759 1.549043 -0.133594
v 0.098431 1.554281 -0.140994
v 0.052891 1.556664 -0.142276
v 0.004274 1.557213 -0.141872
v -0.045076 1.556956 -0.142167
v 0.098395 1.603999 -0.127439
v 0.142872 1.592458 -0.122016
v 0.052818 1.607883 -0.127620
v 0.004346 1.609641 -0.126009
v -0.044564 1.608981 -0.128097
v -0.095014 1.552780 -0.139785
v -0.141360 1.547761 -0.133666
v -0.176716 1.542230 -0.127402
v -0.192395 1.538271 -0.125349
v -0.097065 1.602973 -0.127071
v -0.142020 1.589821 -0.124324
v -0.180893 1.576375 -0.120771
v -0.195987 1.572089 -0.118132
v -0.184738 1.605648 -0.096479
v -0.200785 1.599897 -0.095417
v -0.159789 1.617518 -0.097065
v -0.185582 1.616822 -0.063104
v -0.202326 1.611034 -0.062480
v -0.163489 1.625836 -0.063689
v -0.130846 1.632503 -0.096003
v -0.098750 1.631771 -0.112966
v -0.098641 1.655547 -0.090617
v -0.137623 1.637669 -0.063542
v -0.045627 1.654302 -0.107471
v 0.001599 1.653056 -0.107653
v 0.051573 1.653644 -0.106627
v 0.096709 1.631771 -0.112966
v 0.097295 1.654594 -0.091862
v 0.138697 1.626897 -0.096883
v 0.166210 1.616016 -0.097103
v 0.182770 1.579709 -0.120696
v 0.198232 1.574689 -0.118389
v 0.189220 1.607663 -0.095857
v 0.205412 1.601215 -0.094830
v 0.169765 1.624590 -0.064569
v 0.139686 1.636240 -0.063798
v 0.193213 1.615980 -0.065740
v 0.210653 1.607956 -0.065375
v 0.116273 1.651005 -0.061382
v 0.091655 1.667492 -0.069220
v 0.094622 1.662510 -0.046176
v 0.053331 1.671156 -0.095490
v -0.000014 1.671229 -0.096699
v -0.053357 1.671156 -0.095490
v -0.091681 1.667492 -0.069220
v -0.113515 1.652911 -0.062332
v -0.094648 1.662510 -0.046176
v -0.206502 1.021318 -0.007780
v -0.134106 1.201062 -0.096992
v 0.169214 1.604074 0.000975
v 0.134226 1.610998 0.003248
v 0.195960 1.595389 -0.002798
v 0.209040 1.590699 -0.004447
v 0.196144 1.612389 -0.032657
v 0.170022 1.620340 -0.032181
v 0.193213 1.615980 -0.065740
v 0.210653 1.607956 -0.065375
v 0.211275 1.604915 -0.033537
v 0.169765 1.624590 -0.064569
v 0.138659 1.628839 -0.029946
v 0.139686 1.636240 -0.063798
v 0.089381 1.585093 0.042194
v 0.044172 1.582164 0.055858
v 0.004603 1.567179 0.065494
v -0.039105 1.584399 0.055309
v 0.072382 1.601619 0.034060
v 0.045234 1.610045 0.026585
v 0.094035 1.619093 0.003028
v 0.068132 1.626532 0.000610
v -0.011921 1.592678 0.048385
v 0.108911 1.638547 -0.028408
v 0.116273 1.651005 -0.061382
v -0.088602 1.585093 0.043035
v -0.087906 1.545635 0.069378
v -0.125129 1.542448 0.058241
v -0.157738 1.537574 0.042999
v -0.180745 1.533105 0.030544
v -0.158507 1.575898 0.027209
v -0.125898 1.580551 0.034426
v -0.181478 1.571832 0.023141
v -0.189684 1.489361 0.017353
v -0.192799 1.531714 0.026696
v -0.193679 1.567985 0.019295
v -0.186864 1.458256 -0.004813
v -0.180709 1.449828 0.001013
v -0.180525 1.440009 -0.040754
v -0.161291 1.605281 0.002223
v -0.131579 1.609970 0.002624
v -0.185691 1.600262 0.000975
v -0.198771 1.595573 -0.000709
v -0.187084 1.615356 -0.028260
v -0.162904 1.620670 -0.029249
v -0.185582 1.616822 -0.063104
v -0.202326 1.611034 -0.062480
v -0.202069 1.609970 -0.030826
v -0.163489 1.625836 -0.063689
v -0.135241 1.627887 -0.030313
v -0.137623 1.637669 -0.063542
v -0.110182 1.639428 -0.030018
v -0.113515 1.652911 -0.062332
v -0.093584 1.620120 0.005447
v -0.068270 1.601068 0.036440
v -0.045224 1.610045 0.026585
v -0.023094 1.599822 0.041388
v -0.068122 1.626532 0.000610
v -0.094648 1.662510 -0.046176
v -0.086660 1.642139 -0.023022
v -0.000014 1.587879 0.049045
v 0.011674 1.592458 0.048201
v 0.023068 1.599822 0.041388
v 0.086670 1.642139 -0.023022
v 0.094622 1.662510 -0.046176
v -0.186864 1.458256 -0.004813
v -0.195254 1.454994 -0.008366
v -0.180525 1.440009 -0.040754
v -0.190455 1.440705 -0.042841
v -0.200493 1.484084 0.014349
v -0.189684 1.489361 0.017353
v -0.207160 1.521528 0.021859
v -0.192799 1.531714 0.026696
v -0.213647 1.555931 0.014935
v -0.193679 1.567985 0.019295
v -0.220791 1.582457 -0.003714
v -0.198771 1.595573 -0.000709
v -0.225517 1.597147 -0.030862
v -0.202069 1.609970 -0.030826
v -0.225662 1.600226 -0.062809
v -0.202326 1.611034 -0.062480
v -0.223647 1.588612 -0.092963
v -0.200785 1.599897 -0.095417
v -0.217603 1.562746 -0.114028
v -0.195987 1.572089 -0.118132
v -0.210055 1.530541 -0.122309
v -0.192395 1.538271 -0.125349
v -0.200016 1.492805 -0.118023
v -0.185911 1.497422 -0.118280
v -0.191737 1.458622 -0.099263
v -0.180636 1.464080 -0.100034
v -0.190308 1.443784 -0.072115
v -0.178914 1.443308 -0.072884
v -0.190455 1.440705 -0.042841
v -0.180525 1.440009 -0.040754
v -0.199834 1.437005 -0.044382
v -0.199431 1.441989 -0.071713
v -0.202582 1.455105 -0.098018
v -0.214817 1.484599 -0.117472
v -0.229326 1.518047 -0.121467
v -0.215589 1.426199 -0.072959
v -0.214488 1.424622 -0.044747
v -0.222329 1.438069 -0.097652
v -0.237460 1.461149 -0.116045
v -0.254423 1.489286 -0.117179
v -0.272705 1.517682 -0.100436
v -0.242260 1.556700 -0.102451
v -0.280618 1.530614 -0.066949
v -0.249075 1.578205 -0.066620
v -0.246326 1.571794 -0.028151
v -0.272999 1.529332 -0.032108
v -0.238303 1.549299 0.003797
v -0.260725 1.511270 -0.001992
v -0.223502 1.508047 0.012407
v -0.213536 1.475658 0.007974
v -0.204706 1.449243 -0.009942
v -0.199834 1.437005 -0.044382
v -0.219214 1.435027 -0.011921
v -0.214488 1.424622 -0.044747
v -0.243762 1.484011 0.007790
v -0.230315 1.457120 0.007974
v -0.228593 1.410261 -0.044382
v -0.235520 1.420373 -0.013386
v -0.249075 1.404251 -0.012104
v -0.266000 1.423524 0.009256
v -0.249697 1.438398 0.006216
v -0.291170 1.446788 0.003541
v -0.274061 1.465766 -0.001589
v -0.317403 1.465362 -0.035661
v -0.297325 1.487126 -0.034855
v -0.307913 1.492621 -0.067718
v -0.242004 1.394287 -0.058927
v -0.327955 1.470932 -0.077354
v -0.291721 1.475365 -0.108898
v -0.309892 1.455947 -0.108753
v -0.262116 1.442648 -0.116006
v -0.277176 1.427517 -0.117985
v -0.240245 1.419164 -0.098092
v -0.254423 1.405571 -0.096956
v -0.228961 1.408941 -0.073544
v -0.228593 1.410261 -0.044382
v -0.242004 1.394287 -0.058927
v 0.191856 1.441402 -0.042660
v 0.194275 1.463568 -0.012470
v 0.186105 1.446203 -0.041303
v 0.185481 1.466499 -0.008989
v 0.198343 1.488628 0.011162
v 0.189293 1.492621 0.014057
v 0.206220 1.523361 0.021346
v 0.196877 1.530907 0.024790
v 0.214535 1.556847 0.014495
v 0.204021 1.564577 0.016291
v 0.220690 1.579562 -0.005509
v 0.209040 1.590699 -0.004447
v 0.225343 1.594913 -0.034379
v 0.211275 1.604915 -0.033537
v 0.225600 1.598649 -0.065484
v 0.210653 1.607956 -0.065375
v 0.223658 1.588612 -0.092963
v 0.205412 1.601215 -0.094830
v 0.217613 1.562746 -0.114028
v 0.198232 1.574689 -0.118389
v 0.210065 1.530541 -0.122309
v 0.190354 1.538271 -0.125349
v 0.200026 1.492805 -0.118023
v 0.183246 1.497018 -0.120734
v 0.190978 1.459171 -0.101352
v 0.179253 1.462946 -0.104504
v 0.189953 1.440705 -0.074790
v 0.182076 1.442209 -0.075670
v 0.191856 1.441402 -0.042660
v 0.186105 1.446203 -0.041303
v 0.199257 1.433709 -0.042880
v 0.199037 1.436749 -0.073361
v 0.202299 1.453383 -0.099410
v 0.214828 1.484599 -0.117472
v 0.229300 1.518047 -0.121467
v 0.213106 1.426160 -0.073068
v 0.212997 1.423084 -0.043429
v 0.220801 1.438983 -0.097688
v 0.235126 1.463239 -0.117583
v 0.252711 1.491228 -0.117472
v 0.271617 1.518635 -0.100547
v 0.242087 1.554465 -0.104429
v 0.277003 1.531421 -0.067902
v 0.247363 1.575276 -0.067280
v 0.246263 1.570256 -0.029653
v 0.273924 1.525375 -0.033426
v 0.236957 1.547101 0.001672
v 0.263887 1.507350 -0.004996
v 0.223476 1.508047 0.012407
v 0.213509 1.475658 0.007974
v 0.205303 1.453456 -0.013093
v 0.199257 1.433709 -0.042880
v 0.221094 1.436420 -0.014777
v 0.212997 1.423084 -0.043429
v 0.246447 1.481813 0.009072
v 0.232158 1.455983 0.003505
v 0.226772 1.408721 -0.043758
v 0.234979 1.418431 -0.014521
v 0.247400 1.402348 -0.012066
v 0.264180 1.417954 0.008559
v 0.249927 1.434661 0.002735
v 0.268685 1.454812 0.005447
v 0.294002 1.444662 0.005336
v 0.285721 1.472287 -0.009575
v 0.318439 1.465913 -0.035148
v 0.302283 1.485550 -0.036065
v 0.307191 1.490239 -0.068891
v 0.324190 1.469759 -0.077465
v 0.292977 1.480055 -0.100472
v 0.306093 1.455398 -0.105822
v 0.276635 1.462322 -0.118316
v 0.256302 1.440120 -0.113808
v 0.277295 1.427626 -0.122125
v 0.239303 1.422131 -0.096736
v 0.255241 1.407843 -0.098018
v 0.228678 1.410481 -0.072628
v 0.226772 1.408721 -0.043758
v 0.239924 1.392528 -0.058890
v 0.008267 1.019230 0.145987
v 0.004419 1.085140 0.002624
v 0.055933 1.018643 0.143387
v 0.107481 1.019487 0.136022
v 0.157564 1.019083 0.118326
v 0.199001 1.019083 0.091140
v 0.220508 1.021061 0.045858
v 0.219884 1.020878 -0.006351
v 0.203947 1.020512 -0.059256
v -0.042329 1.018863 0.146792
v -0.092706 1.018166 0.142836
v -0.142825 1.020256 0.131294
v -0.185691 1.020769 0.104478
v -0.211557 1.020072 0.052746
v -0.206502 1.021318 -0.007780
v -0.183311 1.020145 -0.072006
v -0.151692 1.018497 -0.122016
v -0.104320 1.017361 -0.151875
v -0.045151 1.016957 -0.155832
v 0.006581 1.018534 -0.157078
v 0.062857 1.018972 -0.161107
v 0.118655 1.018936 -0.149201
v 0.166834 1.021134 -0.111244
v 0.239924 1.392528 -0.058890
v -0.266000 1.423524 0.009256
v -0.264242 1.450965 -0.055006
v -0.249075 1.404251 -0.012104
v -0.291170 1.446788 0.003541
v -0.317403 1.465362 -0.035661
v -0.327955 1.470932 -0.077354
v -0.242004 1.394287 -0.058927
v -0.254423 1.405571 -0.096956
v -0.277176 1.427517 -0.117985
v -0.309892 1.455947 -0.108753
v 0.239924 1.392528 -0.058890
v 0.263848 1.453565 -0.053724
v 0.247400 1.402348 -0.012066
v 0.255241 1.407843 -0.098018
v 0.277295 1.427626 -0.122125
v 0.306093 1.455398 -0.105822
v 0.324190 1.469759 -0.077465
v 0.318439 1.465913 -0.035148
v 0.294002 1.444662 0.005336
v 0.264180 1.417954 0.008559
vt 0.593704 0.719259
vt 0.613425 0.676914
vt 0.662090 0.713156
vt 0.659731 0.681720
vt 0.704961 0.708284
vt 0.704971 0.683134
vt 0.750645 0.707994
vt 0.750561 0.683224
vt 0.617312 0.637711
vt 0.659330 0.641823
vt 0.703611 0.643592
vt 0.750053 0.643691
vt 0.619515 0.598495
vt 0.659797 0.601816
vt 0.703241 0.603571
vt 0.749740 0.603664
vt 0.622173 0.560765
vt 0.661012 0.560958
vt 0.703812 0.562677
vt 0.750406 0.563528
vt 0.798853 0.684119
vt 0.799654 0.713290
vt 0.854965 0.680489
vt 0.853460 0.721118
vt 0.903493 0.669974
vt 0.891252 0.717336
vt 0.907733 0.635239
vt 0.854880 0.638758
vt 0.797780 0.641898
vt 0.905150 0.593604
vt 0.853860 0.598595
vt 0.798627 0.601800
vt 0.898370 0.555049
vt 0.849192 0.560197
vt 0.891522 0.520718
vt 0.846324 0.524231
vt 0.889154 0.509710
vt 0.844955 0.500743
vt 0.799603 0.561851
vt 0.799217 0.525607
vt 0.752356 0.526431
vt 0.800006 0.490068
vt 0.753488 0.487011
vt 0.844776 0.475325
vt 0.801160 0.463048
vt 0.848355 0.451431
vt 0.803100 0.428363
vt 0.755821 0.456125
vt 0.756673 0.426833
vt 0.800384 0.389925
vt 0.757876 0.390693
vt 0.846713 0.430653
vt 0.892161 0.432953
vt 0.893011 0.468301
vt 0.844823 0.389925
vt 0.892861 0.394315
vt 0.758842 0.348434
vt 0.799418 0.349203
vt 0.805214 0.308480
vt 0.760775 0.308480
vt 0.846756 0.308480
vt 0.844823 0.349203
vt 0.896202 0.310017
vt 0.895736 0.353976
vt 0.937394 0.461118
vt 0.933703 0.436027
vt 0.979189 0.441379
vt 0.985601 0.400855
vt 0.941363 0.398651
vt 0.993874 0.359658
vt 0.949434 0.358122
vt 0.993874 0.315862
vt 0.945058 0.312225
vt 0.983640 0.482154
vt 0.940655 0.488460
vt 0.988157 0.506005
vt 0.939063 0.505359
vt 0.990430 0.517540
vt 0.938693 0.517110
vt 0.992459 0.528389
vt 0.945105 0.550908
vt 0.995431 0.547376
vt 0.950479 0.583204
vt 0.997570 0.578156
vt 0.953907 0.604594
vt 0.996627 0.594359
vt 0.993404 0.608596
vt 0.952445 0.624957
vt 0.939740 0.652714
vt 0.992101 0.615559
vt 0.991532 0.622342
vt 0.939936 0.659794
vt 0.950947 0.669893
vt 0.990113 0.646269
vt 0.928845 0.709708
vt 0.920141 0.750809
vt 0.889866 0.757771
vt 0.958987 0.673703
vt 0.988827 0.655773
vt 0.945047 0.706299
vt 0.937512 0.746985
vt 0.855400 0.757763
vt 0.800775 0.739429
vt 0.749908 0.728563
vt 0.702312 0.728905
vt 0.658733 0.737725
vt 0.615634 0.756448
vt 0.563895 0.756432
vt 0.561049 0.722407
vt 0.541055 0.693437
vt 0.557924 0.665076
vt 0.526095 0.642963
vt 0.576631 0.631422
vt 0.535630 0.621478
vt 0.475282 0.618600
vt 0.491761 0.611775
vt 0.433486 0.626378
vt 0.450975 0.609384
vt 0.393303 0.652205
vt 0.373333 0.685296
vt 0.408312 0.656197
vt 0.344696 0.710992
vt 0.356577 0.671943
vt 0.306795 0.727898
vt 0.312722 0.682580
vt 0.265790 0.737422
vt 0.269416 0.688475
vt 0.408670 0.626447
vt 0.362340 0.637483
vt 0.317038 0.644062
vt 0.274967 0.648526
vt 0.413482 0.593952
vt 0.459670 0.588968
vt 0.367400 0.598338
vt 0.323317 0.602058
vt 0.280914 0.604915
vt 0.414776 0.554651
vt 0.459426 0.552008
vt 0.458936 0.517434
vt 0.372993 0.556205
vt 0.411899 0.513527
vt 0.451722 0.472133
vt 0.373296 0.515217
vt 0.407570 0.472043
vt 0.369680 0.472689
vt 0.331416 0.516372
vt 0.328947 0.474109
vt 0.290505 0.518529
vt 0.288286 0.474098
vt 0.287545 0.561488
vt 0.328364 0.559277
vt 0.323241 0.432808
vt 0.284134 0.432772
vt 0.365710 0.432112
vt 0.448730 0.429111
vt 0.406392 0.430637
vt 0.321453 0.392213
vt 0.281058 0.392203
vt 0.362764 0.391461
vt 0.404291 0.390693
vt 0.447764 0.389157
vt 0.279666 0.355003
vt 0.320242 0.353171
vt 0.320242 0.316007
vt 0.279666 0.318825
vt 0.361783 0.312860
vt 0.361783 0.350504
vt 0.402359 0.309639
vt 0.403325 0.349203
vt 0.445832 0.308480
vt 0.445832 0.349203
vt 0.486408 0.349203
vt 0.487374 0.308480
vt 0.489306 0.388389
vt 0.488340 0.426806
vt 0.527949 0.348434
vt 0.527949 0.308480
vt 0.530847 0.388389
vt 0.571423 0.348434
vt 0.571423 0.308480
vt 0.572389 0.388389
vt 0.532780 0.428343
vt 0.572389 0.428343
vt 0.494136 0.460614
vt 0.498001 0.489812
vt 0.499933 0.515936
vt 0.500899 0.555122
vt 0.534712 0.492117
vt 0.538576 0.521314
vt 0.499433 0.589607
vt 0.542416 0.558966
vt 0.541285 0.591831
vt 0.581757 0.594448
vt 0.583161 0.558286
vt 0.579875 0.522109
vt 0.573355 0.492117
vt 0.574321 0.468298
vt 0.532780 0.469835
vt 0.571423 0.451394
vt 0.584329 0.542897
vt 0.625053 0.523778
vt 0.663293 0.526236
vt 0.705566 0.526370
vt 0.664211 0.503083
vt 0.706428 0.489285
vt 0.662886 0.487649
vt 0.706237 0.471527
vt 0.618953 0.505264
vt 0.660668 0.466827
vt 0.704958 0.453782
vt 0.661228 0.434495
vt 0.617736 0.463694
vt 0.708469 0.426822
vt 0.709572 0.389925
vt 0.711505 0.347666
vt 0.713437 0.308480
vt 0.662234 0.387620
vt 0.664167 0.348434
vt 0.664167 0.308480
vt 0.612964 0.428343
vt 0.614896 0.389157
vt 0.616829 0.347666
vt 0.617795 0.308480
vt 0.614896 0.449088
vt 0.596366 0.495209
vt 0.609609 0.499851
vt 0.236545 0.606287
vt 0.229074 0.649752
vt 0.224733 0.690943
vt 0.223760 0.735852
vt 0.183527 0.686811
vt 0.180431 0.728525
vt 0.143161 0.669445
vt 0.142682 0.716968
vt 0.106270 0.619550
vt 0.105211 0.669708
vt 0.102787 0.592346
vt 0.146032 0.631014
vt 0.186550 0.645068
vt 0.151909 0.594534
vt 0.101885 0.568804
vt 0.192930 0.603170
vt 0.158338 0.554866
vt 0.111838 0.546957
vt 0.109905 0.513498
vt 0.157715 0.515712
vt 0.105356 0.473634
vt 0.153628 0.475038
vt 0.198610 0.557949
vt 0.200015 0.515845
vt 0.197033 0.475673
vt 0.246129 0.518029
vt 0.244666 0.474054
vt 0.242333 0.561219
vt 0.239609 0.433547
vt 0.194362 0.433604
vt 0.103600 0.431417
vt 0.149838 0.432911
vt 0.235569 0.391494
vt 0.191866 0.392226
vt 0.148279 0.392231
vt 0.103840 0.390693
vt 0.234261 0.355454
vt 0.235227 0.319312
vt 0.189821 0.318812
vt 0.190787 0.354365
vt 0.144415 0.316700
vt 0.146347 0.352547
vt 0.096696 0.316446
vt 0.100266 0.351343
vt 0.053345 0.354668
vt 0.044494 0.318167
vt 0.057181 0.392491
vt 0.055860 0.433722
vt 0.054293 0.475213
vt 0.060316 0.512087
vt 0.057494 0.539376
vt 0.050542 0.554964
vt 0.046825 0.576048
vt 0.050935 0.586946
vt 0.005757 0.359272
vt 0.007360 0.398112
vt 0.004827 0.544293
vt -0.000025 0.566739
vt 0.008950 0.436795
vt 0.008889 0.478287
vt 0.043842 0.515911
vt 0.002068 0.558246
vt 0.054531 0.594400
vt 0.068165 0.625847
vt -0.000073 0.627179
vt -0.001343 0.592875
vt -0.001715 0.586427
vt -0.001846 0.578537
vt 0.007614 0.504410
vt 0.035322 0.527162
vt 0.006103 0.529659
vt 0.006846 0.517473
vt 0.083045 0.714146
vt 0.113204 0.736867
vt 0.142420 0.757177
vt 0.179687 0.766928
vt 0.222415 0.785030
vt 0.264587 0.789318
vt 0.300858 0.778152
vt 0.335574 0.756509
vt 0.365297 0.730087
vt 0.391221 0.692944
vt 0.419148 0.671975
vt 0.447812 0.632932
vt 0.510880 0.655467
vt 0.392796 0.760924
vt 0.362769 0.783181
vt 0.332007 0.810049
vt 0.299679 0.838767
vt 0.266962 0.846207
vt 0.224573 0.836447
vt 0.399261 0.807477
vt 0.365190 0.831278
vt 0.425127 0.797657
vt 0.415640 0.746503
vt 0.433325 0.678027
vt 0.426195 0.741179
vt 0.439608 0.792347
vt 0.461028 0.647155
vt 0.454946 0.640684
vt 0.509840 0.663233
vt 0.531655 0.693321
vt 0.539462 0.720770
vt 0.537809 0.748708
vt 0.556577 0.790435
vt 0.535515 0.783292
vt 0.608905 0.793158
vt 0.655500 0.766413
vt 0.700866 0.755489
vt 0.749373 0.749911
vt 0.802544 0.767230
vt 0.648708 0.793611
vt 0.595464 0.834052
vt 0.695537 0.772666
vt 0.747301 0.758835
vt 0.802755 0.785484
vt 0.858976 0.793967
vt 0.900070 0.796016
vt 0.927377 0.790007
vt 0.943435 0.786796
vt 0.865555 0.835328
vt 0.902022 0.828663
vt 0.931462 0.816953
vt 0.947129 0.814734
vt 0.937043 0.845982
vt 0.953942 0.842405
vt 0.913465 0.850799
vt 0.949225 0.872403
vt 0.969714 0.869334
vt 0.928943 0.877857
vt 0.891933 0.868378
vt 0.870393 0.858723
vt 0.856897 0.884022
vt 0.903864 0.900696
vt 0.817557 0.823283
vt 0.753827 0.775457
vt 0.681245 0.789437
vt 0.642949 0.818467
vt 0.624387 0.858084
vt 0.590470 0.873797
vt 0.560123 0.863763
vt 0.541026 0.822219
vt 0.520771 0.816532
vt 0.527078 0.855151
vt 0.509278 0.847672
vt 0.545221 0.891060
vt 0.580279 0.903735
vt 0.514398 0.879528
vt 0.496274 0.871883
vt 0.606148 0.915899
vt 0.642273 0.873832
vt 0.630717 0.918811
vt 0.676511 0.820103
vt 0.756562 0.797696
vt 0.820941 0.845364
vt 0.838807 0.885330
vt 0.859958 0.911321
vt 0.845133 0.914696
vt 0.005850 0.317781
vt 0.888583 0.491112
vt 0.408570 0.843704
vt 0.371327 0.868176
vt 0.437923 0.832434
vt 0.452586 0.827715
vt 0.448471 0.863123
vt 0.420506 0.875131
vt 0.459450 0.890818
vt 0.479606 0.883861
vt 0.466558 0.857584
vt 0.433998 0.901362
vt 0.385856 0.891433
vt 0.403590 0.916811
vt 0.328494 0.868146
vt 0.298552 0.882682
vt 0.269181 0.874169
vt 0.228785 0.881674
vt 0.316319 0.893175
vt 0.307362 0.913883
vt 0.337365 0.903220
vt 0.327012 0.919419
vt 0.256134 0.905869
vt 0.358684 0.909972
vt 0.379880 0.927876
vt 0.180383 0.857772
vt 0.178694 0.808296
vt 0.141872 0.791711
vt 0.106518 0.780498
vt 0.080889 0.769539
vt 0.099020 0.811399
vt 0.140607 0.827849
vt 0.070990 0.804051
vt 0.067368 0.709679
vt 0.067296 0.766644
vt 0.057344 0.801063
vt 0.051588 0.651636
vt 0.058933 0.636445
vt 0.002587 0.641869
vt 0.090694 0.844116
vt 0.125989 0.863187
vt 0.061356 0.833207
vt 0.047587 0.828675
vt 0.054545 0.861484
vt 0.078752 0.876575
vt 0.047468 0.892985
vt 0.031601 0.885474
vt 0.039132 0.858319
vt 0.068198 0.904226
vt 0.110947 0.893506
vt 0.097388 0.916043
vt 0.141048 0.916594
vt 0.128664 0.929213
vt 0.168604 0.895136
vt 0.200848 0.888092
vt 0.216311 0.909195
vt 0.242384 0.908400
vt 0.191349 0.916327
vt 0.155246 0.942228
vt 0.165002 0.931719
vt 0.269655 0.904060
vt 0.280046 0.904077
vt 0.289387 0.906073
vt 0.345816 0.922577
vt 0.360856 0.938847
vt 0.957366 0.111054
vt 0.954726 0.101183
vt 0.986552 0.087664
vt 0.984593 0.077816
vt 0.926645 0.137208
vt 0.930123 0.150067
vt 0.888296 0.170590
vt 0.891367 0.189886
vt 0.859057 0.195578
vt 0.867752 0.221177
vt 0.831041 0.212644
vt 0.837804 0.240377
vt 0.803025 0.221177
vt 0.803991 0.251045
vt 0.772110 0.223311
vt 0.771144 0.251045
vt 0.741196 0.214777
vt 0.734433 0.242511
vt 0.712213 0.198777
vt 0.701586 0.222245
vt 0.685163 0.177444
vt 0.676468 0.196644
vt 0.648215 0.149960
vt 0.639620 0.162842
vt 0.612445 0.118692
vt 0.606653 0.128086
vt 0.588351 0.099136
vt 0.582442 0.105440
vt 0.563179 0.084248
vt 0.560503 0.090113
vt 0.565549 0.079335
vt 0.591935 0.094025
vt 0.618172 0.111858
vt 0.654527 0.134440
vt 0.690892 0.151873
vt 0.600966 0.079686
vt 0.570826 0.067642
vt 0.628755 0.092579
vt 0.661351 0.102532
vt 0.693832 0.109641
vt 0.731535 0.118777
vt 0.730569 0.174244
vt 0.769212 0.124110
vt 0.769212 0.187044
vt 0.805923 0.183844
vt 0.805923 0.127310
vt 0.841668 0.172111
vt 0.844639 0.121391
vt 0.886661 0.145636
vt 0.923817 0.117964
vt 0.951869 0.090605
vt 0.982487 0.068333
vt 0.946089 0.070751
vt 0.978522 0.052586
vt 0.885246 0.109443
vt 0.916759 0.091096
vt 0.974423 0.036732
vt 0.938095 0.050612
vt 0.940086 0.032492
vt 0.907413 0.037595
vt 0.907386 0.061754
vt 0.852640 0.040214
vt 0.860962 0.071377
vt 0.802059 0.038777
vt 0.807855 0.071843
vt 0.770178 0.072910
vt 0.972246 0.025898
vt 0.760517 0.037710
vt 0.716077 0.069710
vt 0.713179 0.037710
vt 0.670824 0.066806
vt 0.665138 0.039079
vt 0.634979 0.066761
vt 0.638302 0.048357
vt 0.605311 0.061824
vt 0.574596 0.053191
vt 0.574644 0.037314
vt 0.022465 0.076132
vt 0.042081 0.105442
vt 0.020290 0.083962
vt 0.038893 0.115544
vt 0.067169 0.141212
vt 0.063523 0.153239
vt 0.107371 0.184479
vt 0.106024 0.199080
vt 0.141254 0.210688
vt 0.136424 0.225631
vt 0.169270 0.225631
vt 0.167338 0.244842
vt 0.202117 0.235236
vt 0.201151 0.255515
vt 0.233998 0.237370
vt 0.234964 0.257650
vt 0.263946 0.228833
vt 0.268777 0.255515
vt 0.294861 0.209621
vt 0.299691 0.239506
vt 0.322877 0.186140
vt 0.334470 0.209621
vt 0.359515 0.157006
vt 0.367756 0.176039
vt 0.398846 0.126544
vt 0.404762 0.141445
vt 0.425539 0.098215
vt 0.427986 0.106656
vt 0.456397 0.083184
vt 0.457749 0.090456
vt 0.454425 0.073071
vt 0.423593 0.088176
vt 0.395112 0.111787
vt 0.353560 0.138281
vt 0.316116 0.159456
vt 0.419361 0.071044
vt 0.451403 0.056831
vt 0.388171 0.086307
vt 0.350414 0.103981
vt 0.313231 0.115625
vt 0.274573 0.127438
vt 0.277471 0.182938
vt 0.235930 0.135977
vt 0.235930 0.198948
vt 0.197287 0.195746
vt 0.197287 0.132775
vt 0.157677 0.182938
vt 0.158207 0.125476
vt 0.109826 0.154215
vt 0.071618 0.118784
vt 0.048224 0.091039
vt 0.025423 0.066607
vt 0.056188 0.071297
vt 0.029195 0.054354
vt 0.114303 0.113569
vt 0.080437 0.091800
vt 0.032133 0.041225
vt 0.062888 0.053467
vt 0.067945 0.040162
vt 0.098212 0.047876
vt 0.090001 0.066530
vt 0.122678 0.074148
vt 0.129503 0.049709
vt 0.160044 0.073382
vt 0.197287 0.047390
vt 0.197287 0.071938
vt 0.236896 0.074072
vt 0.238828 0.047390
vt 0.277471 0.074072
vt 0.294861 0.045255
vt 0.312250 0.070871
vt 0.348611 0.067905
vt 0.351091 0.045909
vt 0.384067 0.060086
vt 0.386008 0.042832
vt 0.415915 0.052332
vt 0.449140 0.041758
vt 0.448044 0.029330
vt -0.022605 -0.197303
vt 0.041157 -0.200201
vt -0.021638 -0.176049
vt -0.017774 -0.152863
vt -0.010046 -0.131609
vt 0.003480 -0.112288
vt 0.023767 -0.102688
vt 0.046953 -0.105528
vt 0.070139 -0.116152
vt -0.021638 -0.219523
vt -0.019706 -0.241743
vt -0.014876 -0.264928
vt -0.003283 -0.285216
vt 0.016039 -0.299707
vt 0.041157 -0.298741
vt 0.069173 -0.287148
vt 0.092359 -0.271691
vt 0.105884 -0.251403
vt 0.111681 -0.225319
vt 0.112647 -0.202133
vt 0.112647 -0.176049
vt 0.106850 -0.151897
vt 0.091393 -0.131609
vt 0.033049 0.030815
vt 0.617908 -0.134508
vt 0.557045 -0.157693
vt 0.615975 -0.169286
vt 0.592790 -0.109389
vt 0.542553 -0.105525
vt 0.501977 -0.120983
vt 0.585060 -0.205998
vt 0.544485 -0.213726
vt 0.508740 -0.199235
vt 0.491351 -0.158660
vt 0.964730 -0.133542
vt 0.926087 -0.148033
vt 0.964730 -0.166388
vt 0.943476 -0.111322
vt 0.918358 -0.100695
vt 0.894207 -0.119050
vt 0.883579 -0.142236
vt 0.896138 -0.169286
vt 0.924155 -0.189574
vt 0.952171 -0.184744
vn 0.4745 -0.3016 -0.8270
vn 0.5998 -0.2366 -0.7644
vn 0.2314 -0.1555 -0.9604
vn 0.3254 -0.1762 -0.9290
vn 0.0510 -0.1178 -0.9917
vn 0.1059 -0.0725 -0.9917
vn 0.0118 -0.0269 -0.9996
vn 0.0196 -0.0218 -0.9996
vn 0.6390 -0.2332 -0.7330
vn 0.4038 -0.1765 -0.8977
vn 0.1608 -0.0782 -0.9839
vn 0.6704 -0.1573 -0.7252
vn 0.4508 -0.1807 -0.8741
vn 0.2000 -0.1503 -0.9682
vn 0.0040 -0.1283 -0.9917
vn 0.6939 -0.0630 -0.7173
vn 0.4822 -0.0581 -0.8741
vn 0.2313 -0.0952 -0.9682
vn -0.0039 -0.0291 -0.9996
vn -0.0744 -0.1045 -0.9917
vn -0.0431 -0.0000 -0.9991
vn -0.3410 -0.1437 -0.9290
vn -0.2156 -0.1269 -0.9682
vn -0.5919 -0.2986 -0.7487
vn -0.4743 -0.3017 -0.8271
vn -0.7016 -0.2187 -0.6781
vn -0.4116 -0.1576 -0.8976
vn -0.1293 -0.1234 -0.9839
vn -0.6938 -0.1623 -0.7016
vn -0.4272 -0.1603 -0.8898
vn -0.1764 -0.1274 -0.9760
vn -0.6781 -0.0533 -0.7330
vn -0.4272 -0.1081 -0.8977
vn -0.6703 0.0431 -0.7408
vn -0.4272 0.1081 -0.8977
vn -0.5370 0.4563 -0.7095
vn -0.3175 0.4347 -0.8428
vn -0.1999 -0.0859 -0.9760
vn -0.2077 0.0646 -0.9761
vn 0.0040 0.0290 -0.9996
vn -0.1371 0.4016 -0.9055
vn 0.0116 0.3497 -0.9368
vn -0.4430 0.3265 -0.8350
vn -0.1450 0.3806 -0.9133
vn -0.4664 0.2427 -0.8506
vn -0.1528 0.1980 -0.9682
vn 0.0118 0.3278 -0.9447
vn 0.0196 0.1269 -0.9917
vn -0.1372 0.1147 -0.9839
vn 0.0510 0.1178 -0.9917
vn -0.4116 0.2579 -0.8741
vn -0.6389 0.3632 -0.6781
vn -0.7330 0.1158 -0.6703
vn -0.3802 0.2524 -0.8898
vn -0.7017 0.2624 -0.6625
vn 0.0118 0.0268 -0.9996
vn -0.0743 0.0000 -0.9972
vn -0.0196 -0.0218 -0.9996
vn -0.3018 -0.0400 -0.9525
vn -0.3253 0.1284 -0.9368
vn -0.7301 0.0000 -0.6833
vn -0.7409 0.1109 -0.6624
vn -0.7957 0.3767 -0.4743
vn -0.8741 0.2449 -0.4194
vn -0.9761 0.1466 -0.1607
vn -0.9682 0.1692 -0.1842
vn -0.8977 0.1081 -0.4272
vn -0.9682 0.1394 -0.2077
vn -0.9055 0.1035 -0.4116
vn -0.9760 0.0859 -0.1999
vn -0.8898 0.1098 -0.4429
vn -0.9525 0.1667 -0.2548
vn -0.8582 -0.0000 -0.5133
vn -0.9212 0.2011 -0.3332
vn -0.8193 0.2846 -0.4978
vn -0.8820 0.3169 -0.3489
vn -0.7173 0.4439 -0.5370
vn -0.8506 0.3369 -0.4037
vn -0.8636 -0.0000 -0.5041
vn -0.9510 0.0000 -0.3092
vn -0.8585 -0.0859 -0.5056
vn -0.9525 -0.1398 -0.2704
vn -0.8585 -0.1516 -0.4900
vn -0.9604 -0.1293 -0.2470
vn -0.9447 -0.2472 -0.2156
vn -0.8271 -0.2754 -0.4899
vn -0.8585 -0.2133 -0.4664
vn -0.9761 -0.1376 -0.1685
vn -0.9839 0.1312 -0.1215
vn -0.9212 -0.1363 -0.3645
vn -0.7094 -0.5545 -0.4351
vn -0.9290 -0.3675 -0.0431
vn -0.4743 -0.5419 -0.6938
vn -0.2705 -0.2217 -0.9368
vn -0.2940 -0.0792 -0.9525
vn -0.3959 -0.8429 -0.3645
vn -0.5684 -0.8194 0.0745
vn -0.1450 -0.6469 -0.7487
vn -0.0509 -0.3002 -0.9525
vn -0.1370 -0.0000 -0.9906
vn -0.0352 -0.0000 -0.9994
vn -0.0039 0.0291 -0.9996
vn 0.0353 -0.0000 -0.9994
vn 0.2862 -0.1038 -0.9525
vn 0.2313 -0.1979 -0.9525
vn 0.4665 -0.4951 -0.7330
vn 0.7880 -0.4508 -0.4194
vn 0.8899 -0.2267 -0.3959
vn 0.9918 -0.1171 0.0511
vn 0.8820 -0.1987 -0.4272
vn 0.9996 -0.0264 -0.0039
vn 0.9431 0.0000 0.3326
vn 0.9526 0.0376 0.3019
vn 0.8636 -0.0000 0.5041
vn 0.8507 0.0669 0.5214
vn 0.6860 -0.0580 0.7252
vn 0.6290 -0.0000 0.7774
vn 0.8272 -0.1654 0.5371
vn 0.3254 0.1276 0.9369
vn 0.4195 0.0632 0.9056
vn 0.0902 0.1976 0.9761
vn 0.1764 0.1267 0.9761
vn 0.0196 0.2163 0.9761
vn 0.0275 0.1760 0.9840
vn 0.7096 0.0641 0.7017
vn 0.4587 0.1077 0.8820
vn 0.2235 0.1117 0.9683
vn 0.0275 0.1248 0.9918
vn 0.6939 0.1616 0.7017
vn 0.8585 0.1744 0.4822
vn 0.4273 0.1072 0.8977
vn 0.0275 0.0000 0.9996
vn 0.6233 0.1227 0.7723
vn 0.8585 0.2128 0.4666
vn 0.8115 0.2303 0.5371
vn 0.5763 0.1485 0.8036
vn 0.7801 0.2435 0.5763
vn 0.3959 0.0944 0.9134
vn 0.5057 0.1434 0.8507
vn 0.3960 0.1522 0.9056
vn 0.2313 0.0944 0.9683
vn 0.2156 0.1262 0.9683
vn 0.0118 0.0239 0.9996
vn 0.0272 0.0000 0.9996
vn 0.1764 0.0261 0.9840
vn -0.0039 0.0264 0.9996
vn 0.3568 0.0976 0.9291
vn 0.7252 0.1873 0.6625
vn 0.5214 0.2096 0.8272
vn 0.1608 0.0773 0.9840
vn 0.0196 0.0180 0.9996
vn 0.2940 0.0780 0.9526
vn 0.4822 0.1744 0.8585
vn 0.7409 0.2295 0.6312
vn 0.0353 -0.0000 0.9994
vn 0.1686 0.0582 0.9840
vn 0.1216 0.0393 0.9918
vn 0.2548 0.1123 0.9604
vn 0.2627 0.0924 0.9604
vn 0.4352 0.0687 0.8977
vn 0.4352 0.1369 0.8899
vn 0.7488 0.1447 0.6468
vn 0.7488 0.1761 0.6390
vn 0.9604 0.1854 0.2078
vn 0.9683 0.1388 0.2078
vn 0.9604 0.2274 0.1608
vn 0.9526 0.2822 0.1137
vn 0.9604 0.2155 -0.1764
vn 0.9761 0.1461 -0.1607
vn 0.9291 0.2822 -0.2391
vn 0.8742 0.2307 -0.4272
vn 0.8821 0.1986 -0.4272
vn 0.8664 0.2711 -0.4194
vn 0.9212 0.2796 -0.2705
vn 0.8664 0.2828 -0.4115
vn 0.9683 0.2498 0.0040
vn 0.9840 0.0582 0.1686
vn 0.9683 0.2183 0.1216
vn 0.9761 0.1543 0.1529
vn 0.9761 0.1543 -0.1528
vn 0.9604 0.2424 -0.1372
vn 0.9448 0.0811 0.3176
vn 0.9960 -0.0000 -0.0898
vn 0.9906 0.0000 -0.1370
vn 0.8507 -0.1438 -0.5057
vn 0.8428 -0.0352 -0.5370
vn 0.8664 0.2829 -0.4116
vn 0.9369 0.1891 -0.2939
vn 0.9369 -0.0767 -0.3410
vn 0.9918 -0.0716 -0.1058
vn 0.9369 -0.1891 -0.2940
vn 0.6860 0.3176 -0.6546
vn 0.5214 0.3631 -0.7722
vn 0.4822 0.0581 -0.8741
vn 0.2392 0.0733 -0.9682
vn 0.3019 0.5005 -0.8114
vn 0.1372 0.4352 -0.8898
vn 0.4430 0.1991 -0.8741
vn 0.2158 0.4022 -0.8898
vn 0.5763 0.2676 -0.7722
vn 0.4822 0.1748 -0.8584
vn 0.2705 0.2798 -0.9212
vn 0.4743 0.3014 -0.8271
vn 0.6311 0.2297 -0.7409
vn 0.2000 0.1503 -0.9682
vn 0.1843 0.1156 -0.9760
vn 0.1059 0.1441 -0.9839
vn 0.0666 0.0000 -0.9978
vn 0.4979 0.2346 -0.8349
vn 0.4587 0.1597 -0.8741
vn 0.4352 0.0697 -0.8976
vn 0.8193 0.0753 -0.5685
vn 0.7409 0.3023 -0.5997
vn 0.7566 0.1711 -0.6311
vn 0.7252 0.1573 -0.6703
vn 0.8115 -0.1358 -0.5684
vn 0.8193 0.1205 -0.5605
vn 0.6076 0.1856 -0.7722
vn -0.1764 0.0266 0.9840
vn -0.1607 0.0774 0.9840
vn -0.1136 0.1375 0.9840
vn -0.0432 0.2129 0.9761
vn -0.3410 0.0767 0.9369
vn -0.2783 0.1229 0.9526
vn -0.6232 0.0545 0.7801
vn -0.5997 0.0838 0.7958
vn -0.8338 0.0000 0.5520
vn -0.8114 -0.0204 0.5841
vn -0.8192 0.1207 0.5606
vn -0.5981 0.0000 0.8014
vn -0.3802 0.0822 0.9212
vn -0.5840 0.1142 0.8037
vn -0.8035 0.0621 0.5920
vn -0.3880 0.0270 0.9213
vn -0.5605 0.1205 0.8193
vn -0.7879 0.1395 0.5998
vn -0.7879 0.2368 0.5684
vn -0.5135 0.1126 0.8507
vn -0.7722 0.2096 0.5998
vn -0.4900 0.1512 0.8585
vn -0.3720 -0.0000 0.9282
vn -0.3645 0.0626 0.9291
vn -0.3255 0.1278 0.9369
vn -0.1685 0.0584 0.9840
vn -0.1527 0.0920 0.9840
vn -0.1842 0.1151 0.9761
vn -0.1528 0.0919 0.9840
vn -0.3018 0.1278 0.9448
vn -0.7565 0.1978 0.6233
vn -0.4351 0.1808 0.8820
vn -0.1370 0.0000 0.9906
vn -0.2391 0.1428 0.9604
vn -0.4116 0.1967 0.8899
vn -0.7565 0.1712 0.6312
vn -0.1136 0.0585 0.9918
vn -0.0509 -0.0000 0.9987
vn -0.1685 0.1370 0.9761
vn -0.3567 0.0979 0.9291
vn -0.3645 0.1358 0.9212
vn -0.7408 0.0419 0.6704
vn -0.7409 0.1809 0.6468
vn -0.9760 0.1466 0.1608
vn -0.9829 -0.0000 0.1841
vn -0.9760 0.1749 0.1294
vn -0.9682 0.2411 0.0667
vn -0.9682 0.1773 0.1764
vn -0.8976 0.1766 0.4038
vn -0.9761 0.1273 0.1764
vn -0.9917 0.0726 0.1059
vn -0.9839 -0.0782 0.1608
vn -0.9760 0.0644 0.2078
vn -0.9510 0.0000 -0.3091
vn -0.9604 -0.1293 -0.2469
vn -0.9760 0.1467 -0.1607
vn -0.9760 0.1804 0.1216
vn -0.9748 0.0000 0.2232
vn -0.9212 -0.2250 0.3176
vn -0.9839 0.1311 -0.1215
vn -0.9212 0.3008 -0.2469
vn -0.8506 0.3368 -0.4037
vn -0.8820 0.3169 -0.3488
vn -0.7252 -0.1876 0.6625
vn -0.7016 0.0649 0.7096
vn -0.4978 0.2607 0.8272
vn -0.2156 0.3654 0.9056
vn -0.0509 0.3663 0.9291
vn 0.0196 0.3492 0.9368
vn 0.0745 0.3623 0.9291
vn 0.2470 0.3449 0.9056
vn 0.5136 0.1975 0.8350
vn 0.7017 -0.0641 0.7096
vn 0.7487 -0.3133 0.5841
vn 0.9134 -0.2446 0.3254
vn 0.9056 -0.3957 0.1529
vn 0.4587 0.2292 0.8585
vn 0.3411 0.4163 0.8428
vn 0.2235 0.4758 0.8507
vn 0.1059 0.4592 0.8820
vn 0.0118 0.4560 0.8899
vn -0.0901 0.4625 0.8820
vn 0.2940 0.5050 0.8115
vn 0.2392 0.5782 0.7801
vn 0.3568 0.4029 0.8428
vn 0.5041 -0.0000 0.8636
vn 0.4038 -0.4648 0.7880
vn 0.3559 -0.0000 0.9345
vn 0.3803 0.3629 0.8507
vn 0.3803 -0.7040 0.5998
vn 0.7880 -0.4780 0.3881
vn 0.1372 -0.9113 0.3881
vn 0.3175 -0.9041 -0.2861
vn 0.3175 -0.5717 -0.7565
vn 0.1529 -0.2633 -0.9525
vn 0.1447 0.0000 -0.9895
vn 0.2000 0.0857 -0.9760
vn 0.1216 0.1311 -0.9839
vn 0.0196 0.1777 -0.9839
vn 0.0040 0.1788 -0.9839
vn -0.0352 0.1753 -0.9839
vn 0.1216 0.3697 -0.9212
vn 0.2156 0.4022 -0.8898
vn 0.0195 0.3490 -0.9369
vn 0.0040 0.3497 -0.9369
vn -0.0196 0.3491 -0.9369
vn -0.1058 0.1441 -0.9839
vn -0.1842 0.1157 -0.9760
vn -0.1523 0.0000 -0.9883
vn -0.1058 0.3334 -0.9368
vn -0.2156 0.3844 -0.8976
vn -0.2391 0.3887 -0.8898
vn -0.2940 0.3866 -0.8741
vn -0.3410 0.7547 -0.5605
vn -0.3645 0.7494 -0.5527
vn -0.3645 0.7552 -0.5449
vn -0.3410 0.9322 -0.1215
vn -0.3802 0.9135 -0.1450
vn -0.3802 0.9242 -0.0352
vn -0.4194 0.7486 -0.5135
vn -0.2234 0.5517 -0.8036
vn -0.4037 0.7676 -0.4977
vn -0.4664 0.8835 0.0432
vn -0.0745 0.4940 -0.8663
vn 0.0039 0.4563 -0.8898
vn 0.0980 0.4899 -0.8662
vn 0.2156 0.5548 -0.8036
vn 0.3960 0.7559 -0.5213
vn 0.3725 0.7569 -0.5370
vn 0.3019 0.7768 -0.5527
vn 0.2078 0.3887 -0.8976
vn 0.3254 0.3790 -0.8663
vn 0.3254 0.7728 -0.5448
vn 0.4352 0.7284 -0.5292
vn 0.3411 0.9377 -0.0666
vn 0.4273 0.9041 -0.0039
vn 0.3724 0.9220 -0.1058
vn 0.4822 0.8687 -0.1136
vn 0.5763 0.8138 0.0745
vn 0.5057 0.8353 -0.2156
vn 0.5292 0.7661 0.3646
vn 0.1764 0.5901 -0.7878
vn 0.0040 0.5258 -0.8506
vn -0.1920 0.5955 -0.7801
vn -0.4978 0.8457 -0.1921
vn -0.5762 0.8146 0.0667
vn -0.5370 0.7607 0.3646
vn -0.6860 0.1615 -0.7095
vn 0.2627 0.7495 0.6076
vn 0.2000 0.7624 0.6155
vn 0.3410 0.7172 0.6077
vn 0.4665 0.6642 0.5841
vn 0.3646 0.8910 0.2705
vn 0.2862 0.9192 0.2705
vn 0.4822 0.8687 -0.1137
vn 0.4979 0.8290 0.2548
vn 0.2940 0.8958 0.3332
vn 0.2391 0.5987 0.7644
vn 0.1056 0.5854 0.8038
vn 0.0118 0.5380 0.8428
vn -0.0823 0.5999 0.7958
vn 0.1921 0.7094 0.6781
vn 0.0823 0.7514 0.6547
vn 0.1843 0.7663 0.6154
vn 0.1529 0.7854 0.5998
vn 0.0588 0.6228 0.7801
vn 0.3411 0.7873 0.5136
vn -0.2312 0.6018 0.7644
vn -0.2077 0.4965 0.8428
vn -0.3489 0.4406 0.8271
vn -0.4743 0.2543 0.8428
vn -0.4581 -0.0000 0.8889
vn -0.2625 0.5097 0.8193
vn -0.2391 0.5987 0.7644
vn -0.3253 0.3964 0.8585
vn -0.3175 -0.3855 0.8664
vn -0.3018 -0.0381 0.9526
vn -0.3802 0.3441 0.8585
vn -0.4900 -0.6471 0.5841
vn -0.8585 -0.4256 0.2862
vn -0.1764 0.7744 0.6076
vn -0.1999 0.7748 0.5998
vn -0.2704 0.7338 0.6233
vn -0.3959 0.6744 0.6233
vn -0.2861 0.9237 0.2548
vn -0.2312 0.9322 0.2785
vn -0.4037 0.8852 0.2313
vn -0.3253 0.8725 0.3646
vn -0.4665 0.8835 0.0431
vn -0.3802 0.7844 0.4900
vn -0.1921 0.7706 0.6076
vn -0.1528 0.7037 0.6939
vn -0.0588 0.7734 0.6311
vn -0.0666 0.7093 0.7017
vn -0.0901 0.8066 0.5841
vn -0.2312 0.7598 0.6077
vn 0.0431 0.6241 0.7801
vn -0.0431 0.6040 0.7958
vn 0.0745 0.6845 0.7252
vn 0.2470 0.7285 0.6390
vn 0.5293 0.7661 0.3646
vn 0.1529 -0.7471 0.6468
vn -0.5684 -0.8194 0.0746
vn 0.1294 -0.9821 0.1372
vn -0.1215 -0.4235 0.8977
vn -0.3645 -0.0626 0.9291
vn -0.3018 -0.0382 0.9526
vn -0.4272 0.2586 0.8664
vn -0.5449 0.5695 0.6155
vn -0.3959 0.6743 0.6233
vn -0.5997 0.7531 0.2706
vn -0.5448 0.8285 -0.1293
vn -0.5135 0.6630 -0.5448
vn -0.3724 0.3527 -0.8584
vn 0.0824 -0.2931 -0.9525
vn 0.2078 -0.6816 -0.7016
vn 0.0902 -0.9357 -0.3410
vn 0.5136 -0.8494 0.1216
vn 0.4352 -0.8395 -0.3253
vn 0.3254 -0.6424 -0.6938
vn 0.1372 -0.2718 -0.9525
vn 0.7096 -0.6403 -0.2940
vn 0.6860 -0.7145 0.1373
vn 0.5057 -0.5333 -0.6781
vn 0.1921 -0.2658 -0.9447
vn -0.6154 0.4391 -0.6546
vn -0.5997 0.4371 -0.6703
vn -0.8271 0.5548 -0.0902
vn -0.7644 0.6264 -0.1528
vn -0.7644 0.5520 0.3333
vn -0.8114 0.4568 0.3646
vn -0.5919 0.2984 0.7487
vn -0.5919 0.2555 0.7644
vn -0.3326 -0.0000 0.9431
vn 0.0196 -0.3272 0.9448
vn 0.4273 -0.6549 0.6233
vn 0.5136 -0.8494 0.1215
vn 0.5292 -0.6228 0.5763
vn 0.6860 -0.7145 0.1372
vn -0.2156 0.0267 0.9761
vn 0.2000 -0.2597 0.9448
vn 0.6860 -0.7017 0.1921
vn 0.5841 -0.5716 0.5763
vn 0.6390 -0.5349 0.5528
vn 0.2627 -0.0924 0.9604
vn 0.2078 -0.1854 0.9604
vn -0.2626 0.4554 0.8507
vn -0.4037 0.2940 0.8664
vn -0.6468 0.5909 0.4822
vn -0.7173 0.4874 0.4979
vn -0.7722 0.6333 -0.0509
vn 0.6547 -0.7547 -0.0431
vn -0.6938 0.6820 -0.2312
vn -0.4352 0.3363 -0.8351
vn -0.3802 0.3810 -0.8428
vn 0.1372 -0.1146 -0.9839
vn 0.1529 -0.0926 -0.9839
vn 0.5057 -0.4908 -0.7095
vn 0.4509 -0.5894 -0.6703
vn 0.6782 -0.6735 -0.2940
vn 0.6861 -0.7017 0.1921
vn -0.6154 -0.7214 0.3176
vn -0.2704 -0.7130 0.6469
vn -0.0039 -0.4562 0.8899
vn 0.3176 -0.0811 0.9448
vn 0.4743 0.2789 0.8350
vn 0.6077 0.5381 0.5841
vn 0.6468 0.7188 0.2548
vn 0.6233 0.7737 -0.1136
vn 0.5841 0.6221 -0.5213
vn 0.3963 0.3458 -0.8505
vn 0.1294 -0.0000 -0.9916
vn 0.1448 0.0000 -0.9895
vn -0.0039 -0.2787 -0.9604
vn -0.0980 -0.6373 -0.7644
vn 0.3176 -0.5717 -0.7565
vn -0.2628 -0.9137 -0.3099
vn 0.3176 -0.9040 -0.2861
vn 0.1373 -0.9113 0.3882
vn -0.6311 -0.7353 0.2470
vn -0.4586 -0.8300 -0.3175
vn -0.3175 -0.6110 -0.7252
vn -0.1293 -0.2469 -0.9604
vn 0.2078 0.0644 -0.9760
vn -0.6154 -0.7214 -0.3175
vn -0.6546 -0.7290 0.2000
vn -0.4429 -0.5865 -0.6781
vn -0.1842 -0.2424 -0.9525
vn 0.2313 0.0952 -0.9682
vn 0.6390 0.4164 -0.6468
vn 0.5998 0.4370 -0.6702
vn 0.8115 0.5747 -0.1058
vn 0.7801 0.6086 -0.1450
vn 0.7644 0.5519 0.3332
vn 0.7958 0.4835 0.3646
vn 0.6233 0.2924 0.7253
vn 0.6076 0.3056 0.7331
vn 0.2862 -0.1031 0.9526
vn -0.1842 -0.3821 0.9056
vn -0.5057 -0.5796 0.6390
vn -0.6311 -0.7354 0.2470
vn -0.5684 -0.5370 0.6233
vn 0.2000 0.0849 0.9761
vn -0.2704 -0.3268 0.9056
vn -0.7252 -0.6656 0.1765
vn -0.6703 -0.4577 0.5841
vn -0.6703 -0.4862 0.5606
vn -0.3724 -0.1125 0.9212
vn -0.3724 -0.1645 0.9134
vn 0.1372 0.1683 0.9761
vn 0.2784 0.3801 0.8820
vn 0.5528 0.4240 0.7174
vn 0.6939 0.5853 0.4195
vn 0.7174 0.5562 0.4195
vn 0.7801 0.6152 -0.1137
vn 0.7252 0.6331 -0.2705
vn 0.5763 0.4442 -0.6860
vn 0.5136 0.3574 -0.7801
vn 0.2313 0.1555 -0.9604
vn -0.3253 -0.2725 -0.9055
vn -0.2156 -0.0293 -0.9760
vn -0.4978 -0.5204 -0.6938
vn -0.5213 -0.5076 -0.6860
vn -0.6546 -0.6707 -0.3488
vn -0.7016 -0.7034 -0.1136
vn -0.0195 -0.9076 -0.4194
vn -0.0039 -0.9999 -0.0117
vn -0.0431 -0.9104 -0.4116
vn -0.0980 -0.9229 -0.3724
vn -0.1686 -0.9357 -0.3099
vn -0.2234 -0.9523 -0.2077
vn -0.2704 -0.9599 -0.0745
vn -0.2861 -0.9572 0.0431
vn -0.2704 -0.9540 0.1294
vn 0.0275 -0.9110 -0.4116
vn 0.0510 -0.9135 -0.4037
vn 0.1293 -0.9367 -0.3254
vn 0.2235 -0.9571 -0.1842
vn 0.2784 -0.9587 -0.0588
vn 0.2862 -0.9564 0.0587
vn 0.2705 -0.9505 0.1529
vn 0.2157 -0.9467 0.2391
vn 0.1059 -0.9369 0.3332
vn 0.0272 -0.9213 0.3879
vn 0.0353 -0.9209 0.3881
vn -0.0274 -0.9308 0.3646
vn -0.1372 -0.9409 0.3097
vn -0.2234 -0.9487 0.2235
vn -0.7017 -0.7034 -0.1136
vn -0.7330 -0.6171 -0.2861
vn -0.6781 -0.7344 0.0275
vn -0.8898 -0.4271 -0.1607
vn -0.4978 -0.8187 -0.2861
vn -0.3018 -0.9445 -0.1293
vn -0.3331 -0.9369 0.1059
vn -0.9290 -0.3653 0.0588
vn -0.8506 -0.4461 0.2784
vn -0.6703 -0.6419 0.3725
vn -0.4508 -0.8372 0.3097
vn 0.9291 -0.3638 0.0667
vn 0.6625 -0.7490 0.0039
vn 0.8742 -0.4460 -0.1921
vn 0.8506 -0.4410 0.2862
vn 0.6704 -0.6417 0.3725
vn 0.4351 -0.8395 0.3254
vn 0.3019 -0.9465 0.1137
vn 0.2705 -0.9478 -0.1685
vn 0.4744 -0.8013 -0.3645
vn 0.7174 -0.6030 -0.3488
usemtl Default_OBJ.003
s 1
f 2994/2994/2742 2995/2995/2743 2996/2996/2744
f 2997/2997/2745 2996/2996/2744 2995/2995/2743
f 2996/2996/2744 2997/2997/2745 2998/2998/2746
f 2999/2999/2747 2998/2998/2746 2997/2997/2745
f 2998/2998/2746 2999/2999/2747 3000/3000/2748
f 3001/3001/2749 3000/3000/2748 2999/2999/2747
f 2995/2995/2743 3002/3002/2750 2997/2997/2745
f 3003/3003/2751 2997/2997/2745 3002/3002/2750
f 2997/2997/2745 3003/3003/2751 2999/2999/2747
f 3004/3004/2752 2999/2999/2747 3003/3003/2751
f 2999/2999/2747 3004/3004/2752 3001/3001/2749
f 3005/3005/2748 3001/3001/2749 3004/3004/2752
f 3002/3002/2750 3006/3006/2753 3003/3003/2751
f 3007/3007/2754 3003/3003/2751 3006/3006/2753
f 3003/3003/2751 3007/3007/2754 3004/3004/2752
f 3008/3008/2755 3004/3004/2752 3007/3007/2754
f 3004/3004/2752 3008/3008/2755 3005/3005/2748
f 3009/3009/2756 3005/3005/2748 3008/3008/2755
f 3006/3006/2753 3010/3010/2757 3007/3007/2754
f 3011/3011/2758 3007/3007/2754 3010/3010/2757
f 3007/3007/2754 3011/3011/2758 3008/3008/2755
f 3012/3012/2759 3008/3008/2755 3011/3011/2758
f 3008/3008/2755 3012/3012/2759 3009/3009/2756
f 3013/3013/2760 3009/3009/2756 3012/3012/2759
f 3001/3001/2749 3014/3014/2761 3000/3000/2748
f 3015/3015/2762 3000/3000/2748 3014/3014/2761
f 3014/3014/2761 3016/3016/2763 3015/3015/2762
f 3017/3017/2764 3015/3015/2762 3016/3016/2763
f 3016/3016/2763 3018/3018/2765 3017/3017/2764
f 3019/3019/2766 3017/3017/2764 3018/3018/2765
f 3018/3018/2765 3016/3016/2763 3020/3020/2767
f 3021/3021/2768 3020/3020/2767 3016/3016/2763
f 3016/3016/2763 3014/3014/2761 3021/3021/2768
f 3022/3022/2769 3021/3021/2768 3014/3014/2761
f 3014/3014/2761 3001/3001/2749 3022/3022/2769
f 3005/3005/2748 3022/3022/2769 3001/3001/2749
f 3020/3020/2767 3021/3021/2768 3023/3023/2770
f 3024/3024/2771 3023/3023/2770 3021/3021/2768
f 3021/3021/2768 3022/3022/2769 3024/3024/2771
f 3025/3025/2772 3024/3024/2771 3022/3022/2769
f 3022/3022/2769 3005/3005/2748 3025/3025/2772
f 3009/3009/2756 3025/3025/2772 3005/3005/2748
f 3023/3023/2770 3024/3024/2771 3026/3026/2773
f 3027/3027/2774 3026/3026/2773 3024/3024/2771
f 3024/3024/2771 3025/3025/2772 3027/3027/2774
f 3026/3026/2773 3027/3027/2774 3028/3028/2775
f 3029/3029/2776 3028/3028/2775 3027/3027/2774
f 3028/3028/2775 3029/3029/2776 3030/3030/2777
f 3031/3031/2778 3030/3030/2777 3029/3029/2776
f 3027/3027/2774 3032/3032/2779 3029/3029/2776
f 3032/3032/2779 3027/3027/2774 3025/3025/2772
f 3025/3025/2772 3009/3009/2756 3032/3032/2779
f 3033/3033/2780 3029/3029/2776 3032/3032/2779
f 3029/3029/2776 3033/3033/2780 3031/3031/2778
f 3032/3032/2779 3013/3013/2760 3033/3033/2780
f 3013/3013/2760 3032/3032/2779 3009/3009/2756
f 3034/3034/2781 3033/3033/2780 3013/3013/2760
f 3033/3033/2780 3034/3034/2781 3035/3035/2782
f 3035/3035/2782 3031/3031/2778 3033/3033/2780
f 3036/3036/2783 3035/3035/2782 3034/3034/2781
f 3031/3031/2778 3035/3035/2782 3037/3037/2784
f 3038/3038/2785 3037/3037/2784 3035/3035/2782
f 3035/3035/2782 3036/3036/2783 3038/3038/2785
f 3037/3037/2784 3038/3038/2785 3039/3039/2786
f 3040/3040/2787 3039/3039/2786 3038/3038/2785
f 3038/3038/2785 3041/3041/2788 3040/3040/2787
f 3041/3041/2788 3038/3038/2785 3036/3036/2783
f 3042/3042/2789 3040/3040/2787 3041/3041/2788
f 3040/3040/2787 3042/3042/2789 3043/3043/2790
f 3044/3044/2791 3043/3043/2790 3042/3042/2789
f 3040/3040/2787 3043/3043/2790 3045/3045/2792
f 3040/3040/2787 3045/3045/2792 3039/3039/2786
f 3045/3045/2792 3046/3046/2793 3039/3039/2786
f 3047/3047/2794 3039/3039/2786 3046/3046/2793
f 3039/3039/2786 3047/3047/2794 3037/3037/2784
f 3048/3048/2795 3045/3045/2792 3043/3043/2790
f 3045/3045/2792 3048/3048/2795 3046/3046/2793
f 3049/3049/2796 3046/3046/2793 3048/3048/2795
f 3044/3044/2791 3050/3050/2797 3043/3043/2790
f 3051/3051/2798 3043/3043/2790 3050/3050/2797
f 3043/3043/2790 3051/3051/2798 3048/3048/2795
f 3051/3051/2798 3050/3050/2797 3052/3052/2762
f 3053/3053/2799 3052/3052/2762 3050/3050/2797
f 3052/3052/2762 3054/3054/2800 3051/3051/2798
f 3055/3055/2801 3051/3051/2798 3054/3054/2800
f 3055/3055/2801 3048/3048/2795 3051/3051/2798
f 3048/3048/2795 3055/3055/2801 3049/3049/2796
f 3054/3054/2800 3056/3056/2802 3055/3055/2801
f 3057/3057/2803 3055/3055/2801 3056/3056/2802
f 3057/3057/2803 3049/3049/2796 3055/3055/2801
f 3047/3047/2794 3046/3046/2793 3058/3058/2804
f 3046/3046/2793 3059/3059/2805 3058/3058/2804
f 3058/3058/2804 3059/3059/2805 3060/3060/2806
f 3060/3060/2806 3059/3059/2805 3061/3061/2807
f 3062/3062/2808 3061/3061/2807 3059/3059/2805
f 3061/3061/2807 3062/3062/2808 3063/3063/2809
f 3064/3064/2810 3063/3063/2809 3062/3062/2808
f 3057/3057/2803 3064/3064/2810 3049/3049/2796
f 3062/3062/2808 3049/3049/2796 3064/3064/2810
f 3057/3057/2803 3056/3056/2802 3064/3064/2810
f 3063/3063/2809 3064/3064/2810 3065/3065/2811
f 3066/3066/2812 3065/3065/2811 3064/3064/2810
f 3066/3066/2812 3064/3064/2810 3056/3056/2802
f 3067/3067/2813 3058/3058/2804 3060/3060/2806
f 3068/3068/2814 3058/3058/2804 3067/3067/2813
f 3069/3069/2815 3068/3068/2814 3067/3067/2813
f 3068/3068/2814 3069/3069/2815 3070/3070/2816
f 3071/3071/2817 3070/3070/2816 3069/3069/2815
f 3070/3070/2816 3071/3071/2817 3072/3072/2818
f 3073/3073/2819 3072/3072/2818 3071/3071/2817
f 3072/3072/2818 3073/3073/2819 3074/3074/2820
f 3075/3075/2821 3074/3074/2820 3073/3073/2819
f 3074/3074/2820 3075/3075/2821 3076/3076/2822
f 3077/3077/2823 3076/3076/2822 3075/3075/2821
f 3078/3078/2824 3076/3076/2822 3077/3077/2823
f 3079/3079/2825 3078/3078/2824 3077/3077/2823
f 3079/3079/2825 3080/3080/2826 3078/3078/2824
f 3081/3081/2827 3078/3078/2824 3080/3080/2826
f 3023/3023/2770 3076/3076/2822 3078/3078/2824
f 3078/3078/2824 3020/3020/2767 3023/3023/2770
f 3078/3078/2824 3081/3081/2827 3020/3020/2767
f 3020/3020/2767 3081/3081/2827 3018/3018/2765
f 3081/3081/2827 3082/3082/2828 3018/3018/2765
f 3081/3081/2827 3083/3083/2829 3082/3082/2828
f 3080/3080/2826 3083/3083/2829 3081/3081/2827
f 3083/3083/2829 3084/3084/2830 3082/3082/2828
f 3085/3085/2831 3082/3082/2828 3084/3084/2830
f 3085/3085/2831 3084/3084/2830 3086/3086/2832
f 3087/3087/2833 3086/3086/2832 3084/3084/2830
f 3082/3082/2828 3085/3085/2831 3019/3019/2766
f 3082/3082/2828 3019/3019/2766 3018/3018/2765
f 3085/3085/2831 3086/3086/2832 3019/3019/2766
f 3023/3023/2770 3026/3026/2773 3076/3076/2822
f 3088/3088/2834 3019/3019/2766 3086/3086/2832
f 3088/3088/2834 3089/3089/2835 3019/3019/2766
f 3090/3090/2836 3019/3019/2766 3089/3089/2835
f 3086/3086/2832 3087/3087/2833 3091/3091/2837
f 3092/3092/2838 3091/3091/2837 3087/3087/2833
f 3091/3091/2837 3093/3093/2839 3086/3086/2832
f 3088/3088/2834 3086/3086/2832 3093/3093/2839
f 3093/3093/2839 3094/3094/2840 3088/3088/2834
f 3089/3089/2835 3088/3088/2834 3094/3094/2840
f 3090/3090/2836 3017/3017/2764 3019/3019/2766
f 3090/3090/2836 3095/3095/2841 3017/3017/2764
f 3095/3095/2841 3096/3096/2842 3017/3017/2764
f 3015/3015/2762 3017/3017/2764 3096/3096/2842
f 3015/3015/2762 3096/3096/2842 3000/3000/2748
f 3097/3097/2843 3000/3000/2748 3096/3096/2842
f 3000/3000/2748 3097/3097/2843 2998/2998/2746
f 3098/3098/2844 2998/2998/2746 3097/3097/2843
f 2998/2998/2746 3098/3098/2844 2996/2996/2744
f 3099/3099/2752 2996/2996/2744 3098/3098/2844
f 3099/3099/2752 3100/3100/2845 2996/2996/2744
f 2996/2996/2744 3100/3100/2845 2994/2994/2742
f 3100/3100/2845 3101/3101/2846 2994/2994/2742
f 3102/3102/2847 2994/2994/2742 3101/3101/2846
f 2994/2994/2742 3102/3102/2847 3103/3103/2848
f 2994/2994/2742 3103/3103/2848 2995/2995/2743
f 3104/3104/2849 2995/2995/2743 3103/3103/2848
f 3104/3104/2849 3103/3103/2848 3105/3105/2850
f 3104/3104/2849 3105/3105/2850 3106/3106/2851
f 3107/3107/2852 3106/3106/2851 3105/3105/2850
f 3105/3105/2850 3108/3108/2853 3107/3107/2852
f 3109/3109/2854 3107/3107/2852 3108/3108/2853
f 3108/3108/2853 3110/3110/2855 3109/3109/2854
f 3111/3111/2856 3109/3109/2854 3110/3110/2855
f 3110/3110/2855 3112/3112/2857 3111/3111/2856
f 3112/3112/2857 3110/3110/2855 3113/3113/2858
f 3114/3114/2859 3113/3113/2858 3110/3110/2855
f 3110/3110/2855 3108/3108/2853 3114/3114/2859
f 3113/3113/2858 3115/3115/2860 3112/3112/2857
f 3116/3116/2861 3112/3112/2857 3115/3115/2860
f 3115/3115/2860 3117/3117/2862 3116/3116/2861
f 3118/3118/2863 3116/3116/2861 3117/3117/2862
f 3117/3117/2862 3119/3119/2864 3118/3118/2863
f 3120/3120/2865 3118/3118/2863 3119/3119/2864
f 3121/3121/2866 3111/3111/2856 3112/3112/2857
f 3112/3112/2857 3116/3116/2861 3121/3121/2866
f 3122/3122/2867 3121/3121/2866 3116/3116/2861
f 3116/3116/2861 3118/3118/2863 3122/3122/2867
f 3123/3123/2868 3122/3122/2867 3118/3118/2863
f 3118/3118/2863 3120/3120/2865 3123/3123/2868
f 3124/3124/2869 3123/3123/2868 3120/3120/2865
f 3121/3121/2866 3122/3122/2867 3125/3125/2870
f 3125/3125/2870 3126/3126/2871 3121/3121/2866
f 3126/3126/2871 3111/3111/2856 3121/3121/2866
f 3127/3127/2872 3125/3125/2870 3122/3122/2867
f 3122/3122/2867 3123/3123/2868 3127/3127/2872
f 3128/3128/2868 3127/3127/2872 3123/3123/2868
f 3123/3123/2868 3124/3124/2869 3128/3128/2868
f 3129/3129/2873 3128/3128/2868 3124/3124/2869
f 3125/3125/2870 3127/3127/2872 3130/3130/2874
f 3130/3130/2874 3131/3131/2875 3125/3125/2870
f 3131/3131/2875 3126/3126/2871 3125/3125/2870
f 3131/3131/2875 3130/3130/2874 3132/3132/2876
f 3133/3133/2872 3130/3130/2874 3127/3127/2872
f 3127/3127/2872 3128/3128/2868 3133/3133/2872
f 3130/3130/2874 3133/3133/2872 3134/3134/2877
f 3130/3130/2874 3134/3134/2877 3132/3132/2876
f 3132/3132/2876 3134/3134/2877 3135/3135/2878
f 3136/3136/2879 3134/3134/2877 3133/3133/2872
f 3134/3134/2877 3136/3136/2879 3137/3137/2880
f 3134/3134/2877 3137/3137/2880 3135/3135/2878
f 3138/3138/2881 3137/3137/2880 3136/3136/2879
f 3136/3136/2879 3139/3139/2882 3138/3138/2881
f 3140/3140/2883 3138/3138/2881 3139/3139/2882
f 3139/3139/2882 3141/3141/2873 3140/3140/2883
f 3142/3142/2884 3140/3140/2883 3141/3141/2873
f 3141/3141/2873 3139/3139/2882 3143/3143/2885
f 3144/3144/2882 3143/3143/2885 3139/3139/2882
f 3133/3133/2872 3144/3144/2882 3136/3136/2879
f 3139/3139/2882 3136/3136/2879 3144/3144/2882
f 3143/3143/2885 3144/3144/2882 3129/3129/2873
f 3140/3140/2883 3142/3142/2884 3145/3145/2886
f 3146/3146/2887 3145/3145/2886 3142/3142/2884
f 3138/3138/2881 3140/3140/2883 3147/3147/2888
f 3145/3145/2886 3147/3147/2888 3140/3140/2883
f 3135/3135/2878 3137/3137/2880 3148/3148/2889
f 3149/3149/2890 3148/3148/2889 3137/3137/2880
f 3147/3147/2888 3149/3149/2890 3138/3138/2881
f 3137/3137/2880 3138/3138/2881 3149/3149/2890
f 3145/3145/2886 3146/3146/2887 3150/3150/2891
f 3145/3145/2886 3150/3150/2891 3147/3147/2888
f 3151/3151/2892 3150/3150/2891 3146/3146/2887
f 3152/3152/2893 3147/3147/2888 3150/3150/2891
f 3147/3147/2888 3152/3152/2893 3149/3149/2890
f 3153/3153/2894 3149/3149/2890 3152/3152/2893
f 3149/3149/2890 3153/3153/2894 3148/3148/2889
f 3154/3154/2895 3148/3148/2889 3153/3153/2894
f 3151/3151/2892 3155/3155/2896 3150/3150/2891
f 3156/3156/2897 3150/3150/2891 3155/3155/2896
f 3150/3150/2891 3156/3156/2897 3152/3152/2893
f 3156/3156/2897 3155/3155/2896 3157/3157/2898
f 3158/3158/2896 3157/3157/2898 3155/3155/2896
f 3157/3157/2898 3159/3159/2899 3156/3156/2897
f 3160/3160/2900 3156/3156/2897 3159/3159/2899
f 3160/3160/2900 3152/3152/2893 3156/3156/2897
f 3152/3152/2893 3160/3160/2900 3153/3153/2894
f 3159/3159/2899 3161/3161/2901 3160/3160/2900
f 3162/3162/2902 3160/3160/2900 3161/3161/2901
f 3162/3162/2902 3153/3153/2894 3160/3160/2900
f 3153/3153/2894 3162/3162/2902 3154/3154/2895
f 3161/3161/2901 3163/3163/2903 3162/3162/2902
f 3164/3164/2904 3162/3162/2902 3163/3163/2903
f 3164/3164/2904 3154/3154/2895 3162/3162/2902
f 3164/3164/2904 3163/3163/2903 3165/3165/2905
f 3166/3166/2906 3165/3165/2905 3163/3163/2903
f 3154/3154/2895 3164/3164/2904 3167/3167/2907
f 3165/3165/2905 3167/3167/2907 3164/3164/2904
f 3167/3167/2907 3168/3168/2908 3154/3154/2895
f 3148/3148/2889 3154/3154/2895 3168/3168/2908
f 3165/3165/2905 3166/3166/2906 3169/3169/2909
f 3170/3170/2910 3169/3169/2909 3166/3166/2906
f 3169/3169/2909 3171/3171/2911 3165/3165/2905
f 3167/3167/2907 3165/3165/2905 3171/3171/2911
f 3171/3171/2911 3168/3168/2908 3167/3167/2907
f 3169/3169/2909 3170/3170/2910 3172/3172/2912
f 3173/3173/2913 3172/3172/2912 3170/3170/2910
f 3172/3172/2912 3174/3174/2914 3169/3169/2909
f 3171/3171/2911 3169/3169/2909 3174/3174/2914
f 3171/3171/2911 3174/3174/2914 3175/3175/2915
f 3171/3171/2911 3175/3175/2915 3168/3168/2908
f 3176/3176/2916 3175/3175/2915 3174/3174/2914
f 3135/3135/2878 3148/3148/2889 3168/3168/2908
f 3135/3135/2878 3168/3168/2908 3177/3177/2917
f 3175/3175/2915 3177/3177/2917 3168/3168/2908
f 3177/3177/2917 3178/3178/2918 3135/3135/2878
f 3178/3178/2918 3132/3132/2876 3135/3135/2878
f 3178/3178/2918 3179/3179/2919 3132/3132/2876
f 3179/3179/2919 3131/3131/2875 3132/3132/2876
f 3179/3179/2919 3180/3180/2920 3131/3131/2875
f 3180/3180/2920 3126/3126/2871 3131/3131/2875
f 3181/3181/2921 3179/3179/2919 3178/3178/2918
f 3182/3182/2922 3180/3180/2920 3179/3179/2919
f 3181/3181/2921 3182/3182/2922 3179/3179/2919
f 3180/3180/2920 3183/3183/2923 3126/3126/2871
f 3183/3183/2923 3111/3111/2856 3126/3126/2871
f 3184/3184/2924 3183/3183/2923 3180/3180/2920
f 3182/3182/2922 3184/3184/2924 3180/3180/2920
f 3184/3184/2924 3185/3185/2925 3183/3183/2923
f 3185/3185/2925 3107/3107/2852 3183/3183/2923
f 3109/3109/2854 3183/3183/2923 3107/3107/2852
f 3183/3183/2923 3109/3109/2854 3111/3111/2856
f 3185/3185/2925 3184/3184/2924 3186/3186/2926
f 3187/3187/2927 3186/3186/2926 3184/3184/2924
f 3186/3186/2926 3106/3106/2851 3185/3185/2925
f 3107/3107/2852 3185/3185/2925 3106/3106/2851
f 3188/3188/2928 3184/3184/2924 3182/3182/2922
f 3189/3189/2929 3188/3188/2928 3182/3182/2922
f 3189/3189/2929 3182/3182/2922 3181/3181/2921
f 3190/3190/2930 3189/3189/2929 3181/3181/2921
f 3190/3190/2930 3181/3181/2921 3191/3191/2931
f 3191/3191/2931 3181/3181/2921 3178/3178/2918
f 3190/3190/2930 3191/3191/2931 3192/3192/2932
f 3191/3191/2931 3178/3178/2918 3177/3177/2917
f 3175/3175/2915 3191/3191/2931 3177/3177/2917
f 3191/3191/2931 3175/3175/2915 3192/3192/2932
f 3186/3186/2926 3006/3006/2753 3106/3106/2851
f 3002/3002/2750 3106/3106/2851 3006/3006/2753
f 3106/3106/2851 3002/3002/2750 3104/3104/2849
f 2995/2995/2743 3104/3104/2849 3002/3002/2750
f 3187/3187/2927 3010/3010/2757 3186/3186/2926
f 3006/3006/2753 3186/3186/2926 3010/3010/2757
f 3187/3187/2927 3193/3193/2933 3010/3010/2757
f 3194/3194/2934 3010/3010/2757 3193/3193/2933
f 3193/3193/2933 3188/3188/2928 3194/3194/2934
f 3010/3010/2757 3194/3194/2934 3011/3011/2758
f 3195/3195/2935 3011/3011/2758 3194/3194/2934
f 3011/3011/2758 3195/3195/2935 3012/3012/2759
f 3196/3196/2936 3012/3012/2759 3195/3195/2935
f 3012/3012/2759 3196/3196/2936 3013/3013/2760
f 3034/3034/2781 3013/3013/2760 3196/3196/2936
f 3194/3194/2934 3197/3197/2937 3195/3195/2935
f 3195/3195/2935 3197/3197/2937 3196/3196/2936
f 3198/3198/2938 3196/3196/2936 3197/3197/2937
f 3196/3196/2936 3198/3198/2938 3034/3034/2781
f 3036/3036/2783 3034/3034/2781 3198/3198/2938
f 3197/3197/2937 3199/3199/2939 3198/3198/2938
f 3200/3200/2940 3198/3198/2938 3199/3199/2939
f 3198/3198/2938 3200/3200/2940 3036/3036/2783
f 3041/3041/2788 3036/3036/2783 3200/3200/2940
f 3194/3194/2934 3201/3201/2941 3197/3197/2937
f 3199/3199/2939 3197/3197/2937 3201/3201/2941
f 3188/3188/2928 3201/3201/2941 3194/3194/2934
f 3184/3184/2924 3188/3188/2928 3193/3193/2933
f 3199/3199/2939 3202/3202/2942 3200/3200/2940
f 3203/3203/2943 3200/3200/2940 3202/3202/2942
f 3200/3200/2940 3203/3203/2943 3041/3041/2788
f 3204/3204/2944 3203/3203/2943 3202/3202/2942
f 3204/3204/2944 3202/3202/2942 3205/3205/2945
f 3203/3203/2943 3206/3206/2946 3041/3041/2788
f 3206/3206/2946 3203/3203/2943 3204/3204/2944
f 3206/3206/2946 3204/3204/2944 3207/3207/2947
f 3207/3207/2947 3044/3044/2791 3206/3206/2946
f 3042/3042/2789 3206/3206/2946 3044/3044/2791
f 3206/3206/2946 3042/3042/2789 3041/3041/2788
f 3044/3044/2791 3207/3207/2947 3050/3050/2797
f 3208/3208/2948 3050/3050/2797 3207/3207/2947
f 3050/3050/2797 3208/3208/2948 3053/3053/2799
f 3209/3209/2949 3053/3053/2799 3208/3208/2948
f 3210/3210/2950 3207/3207/2947 3204/3204/2944
f 3207/3207/2947 3210/3210/2950 3208/3208/2948
f 3208/3208/2948 3211/3211/2951 3209/3209/2949
f 3211/3211/2951 3208/3208/2948 3210/3210/2950
f 3212/3212/2952 3209/3209/2949 3211/3211/2951
f 3204/3204/2944 3213/3213/2953 3210/3210/2950
f 3214/3214/2954 3210/3210/2950 3213/3213/2953
f 3210/3210/2950 3214/3214/2954 3211/3211/2951
f 3211/3211/2951 3215/3215/2955 3212/3212/2952
f 3215/3215/2955 3211/3211/2951 3214/3214/2954
f 3216/3216/2956 3212/3212/2952 3215/3215/2955
f 3213/3213/2953 3176/3176/2916 3214/3214/2954
f 3174/3174/2914 3214/3214/2954 3176/3176/2916
f 3214/3214/2954 3174/3174/2914 3215/3215/2955
f 3215/3215/2955 3172/3172/2912 3216/3216/2956
f 3172/3172/2912 3215/3215/2955 3174/3174/2914
f 3173/3173/2913 3216/3216/2956 3172/3172/2912
f 3213/3213/2953 3192/3192/2932 3176/3176/2916
f 3176/3176/2916 3192/3192/2932 3175/3175/2915
f 3213/3213/2953 3217/3217/2957 3192/3192/2932
f 3190/3190/2930 3192/3192/2932 3217/3217/2957
f 3205/3205/2945 3190/3190/2930 3217/3217/2957
f 3189/3189/2929 3190/3190/2930 3205/3205/2945
f 3218/3218/2958 3189/3189/2929 3205/3205/2945
f 3219/3219/2959 3218/3218/2958 3205/3205/2945
f 3219/3219/2959 3205/3205/2945 3202/3202/2942
f 3202/3202/2942 3199/3199/2939 3219/3219/2959
f 3201/3201/2941 3219/3219/2959 3199/3199/2939
f 3189/3189/2929 3218/3218/2958 3188/3188/2928
f 3201/3201/2941 3188/3188/2928 3219/3219/2959
f 3188/3188/2928 3218/3218/2958 3219/3219/2959
f 3217/3217/2957 3204/3204/2944 3205/3205/2945
f 3217/3217/2957 3213/3213/2953 3204/3204/2944
f 3144/3144/2882 3133/3133/2872 3128/3128/2868
f 3128/3128/2868 3129/3129/2873 3144/3144/2882
f 3129/3129/2873 3124/3124/2869 3220/3220/2960
f 3221/3221/2961 3220/3220/2960 3124/3124/2869
f 3124/3124/2869 3120/3120/2865 3221/3221/2961
f 3222/3222/2962 3221/3221/2961 3120/3120/2865
f 3120/3120/2865 3119/3119/2864 3222/3222/2962
f 3223/3223/2963 3222/3222/2962 3119/3119/2864
f 3222/3222/2962 3223/3223/2963 3224/3224/2964
f 3225/3225/2965 3224/3224/2964 3223/3223/2963
f 3224/3224/2964 3225/3225/2965 3226/3226/2966
f 3227/3227/2967 3226/3226/2966 3225/3225/2965
f 3226/3226/2966 3227/3227/2967 3228/3228/2968
f 3229/3229/2969 3228/3228/2968 3227/3227/2967
f 3228/3228/2968 3230/3230/2970 3226/3226/2966
f 3231/3231/2971 3226/3226/2966 3230/3230/2970
f 3226/3226/2966 3231/3231/2971 3224/3224/2964
f 3232/3232/2972 3224/3224/2964 3231/3231/2971
f 3224/3224/2964 3232/3232/2972 3222/3222/2962
f 3221/3221/2961 3222/3222/2962 3232/3232/2972
f 3231/3231/2971 3233/3233/2973 3232/3232/2972
f 3234/3234/2974 3233/3233/2973 3231/3231/2971
f 3230/3230/2970 3234/3234/2974 3231/3231/2971
f 3235/3235/2975 3232/3232/2972 3233/3233/2973
f 3232/3232/2972 3235/3235/2975 3221/3221/2961
f 3220/3220/2960 3221/3221/2961 3235/3235/2975
f 3233/3233/2973 3236/3236/2976 3235/3235/2975
f 3237/3237/2977 3236/3236/2976 3233/3233/2973
f 3234/3234/2974 3237/3237/2977 3233/3233/2973
f 3237/3237/2977 3238/3238/2978 3236/3236/2976
f 3239/3239/2979 3236/3236/2976 3238/3238/2978
f 3238/3238/2978 3240/3240/2980 3239/3239/2979
f 3241/3241/2981 3239/3239/2979 3240/3240/2980
f 3236/3236/2976 3239/3239/2979 3242/3242/2982
f 3242/3242/2982 3235/3235/2975 3236/3236/2976
f 3235/3235/2975 3242/3242/2982 3220/3220/2960
f 3243/3243/2983 3242/3242/2982 3239/3239/2979
f 3239/3239/2979 3241/3241/2981 3243/3243/2983
f 3244/3244/2984 3243/3243/2983 3241/3241/2981
f 3243/3243/2983 3244/3244/2984 3245/3245/2985
f 3246/3246/2986 3245/3245/2985 3244/3244/2984
f 3245/3245/2985 3246/3246/2986 3141/3141/2873
f 3142/3142/2884 3141/3141/2873 3246/3246/2986
f 3141/3141/2873 3143/3143/2885 3245/3245/2985
f 3247/3247/2987 3245/3245/2985 3143/3143/2885
f 3245/3245/2985 3247/3247/2987 3243/3243/2983
f 3242/3242/2982 3243/3243/2983 3247/3247/2987
f 3247/3247/2987 3220/3220/2960 3242/3242/2982
f 3246/3246/2986 3248/3248/2988 3142/3142/2884
f 3146/3146/2887 3142/3142/2884 3248/3248/2988
f 3248/3248/2988 3246/3246/2986 3249/3249/2989
f 3244/3244/2984 3249/3249/2989 3246/3246/2986
f 3240/3240/2980 3250/3250/2990 3241/3241/2981
f 3251/3251/2991 3241/3241/2981 3250/3250/2990
f 3241/3241/2981 3251/3251/2991 3244/3244/2984
f 3249/3249/2989 3244/3244/2984 3251/3251/2991
f 3143/3143/2885 3129/3129/2873 3247/3247/2987
f 3220/3220/2960 3247/3247/2987 3129/3129/2873
f 3248/3248/2988 3252/3252/2992 3146/3146/2887
f 3248/3248/2988 3249/3249/2989 3252/3252/2992
f 3151/3151/2892 3146/3146/2887 3252/3252/2992
f 3253/3253/2993 3252/3252/2992 3249/3249/2989
f 3249/3249/2989 3251/3251/2991 3253/3253/2993
f 3254/3254/2994 3253/3253/2993 3251/3251/2991
f 3251/3251/2991 3250/3250/2990 3254/3254/2994
f 3255/3255/2995 3254/3254/2994 3250/3250/2990
f 3151/3151/2892 3252/3252/2992 3155/3155/2896
f 3256/3256/2996 3155/3155/2896 3252/3252/2992
f 3252/3252/2992 3253/3253/2993 3256/3256/2996
f 3256/3256/2996 3257/3257/2997 3155/3155/2896
f 3158/3158/2896 3155/3155/2896 3257/3257/2997
f 3257/3257/2997 3256/3256/2996 3258/3258/2998
f 3259/3259/2998 3258/3258/2998 3256/3256/2996
f 3259/3259/2998 3256/3256/2996 3253/3253/2993
f 3253/3253/2993 3254/3254/2994 3259/3259/2998
f 3258/3258/2998 3259/3259/2998 3260/3260/2999
f 3261/3261/3000 3260/3260/2999 3259/3259/2998
f 3261/3261/3000 3259/3259/2998 3254/3254/2994
f 3254/3254/2994 3255/3255/2995 3261/3261/3000
f 3260/3260/2999 3261/3261/3000 3262/3262/3001
f 3263/3263/3002 3262/3262/3001 3261/3261/3000
f 3263/3263/3002 3261/3261/3000 3255/3255/2995
f 3263/3263/3002 3264/3264/3003 3262/3262/3001
f 3265/3265/3004 3262/3262/3001 3264/3264/3003
f 3264/3264/3003 3263/3263/3002 3266/3266/3005
f 3255/3255/2995 3266/3266/3005 3263/3263/3002
f 3255/3255/2995 3250/3250/2990 3266/3266/3005
f 3267/3267/3006 3266/3266/3005 3250/3250/2990
f 3267/3267/3006 3250/3250/2990 3268/3268/3007
f 3240/3240/2980 3268/3268/3007 3250/3250/2990
f 3240/3240/2980 3238/3238/2978 3268/3268/3007
f 3269/3269/3008 3268/3268/3007 3238/3238/2978
f 3237/3237/2977 3269/3269/3008 3238/3238/2978
f 3270/3270/3009 3269/3269/3008 3237/3237/2977
f 3234/3234/2974 3270/3270/3009 3237/3237/2977
f 3271/3271/3010 3270/3270/3009 3234/3234/2974
f 3271/3271/3010 3234/3234/2974 3272/3272/3011
f 3230/3230/2970 3272/3272/3011 3234/3234/2974
f 3273/3273/3012 3272/3272/3011 3230/3230/2970
f 3264/3264/3003 3274/3274/2809 3265/3265/3004
f 3266/3266/3005 3275/3275/2807 3264/3264/3003
f 3274/3274/2809 3264/3264/3003 3275/3275/2807
f 3271/3271/3010 3276/3276/3013 3270/3270/3009
f 3272/3272/3011 3277/3277/3014 3271/3271/3010
f 3275/3275/2807 3266/3266/3005 3278/3278/3015
f 3267/3267/3006 3278/3278/3015 3266/3266/3005
f 3267/3267/3006 3268/3268/3007 3278/3278/3015
f 3279/3279/2813 3278/3278/3015 3268/3268/3007
f 3280/3280/3016 3279/3279/2813 3268/3268/3007
f 3281/3281/2823 3276/3276/3013 3271/3271/3010
f 3277/3277/3014 3281/3281/2823 3271/3271/3010
f 3228/3228/2968 3273/3273/3012 3230/3230/2970
f 3282/3282/3017 3273/3273/3012 3228/3228/2968
f 3282/3282/3017 3228/3228/2968 3283/3283/3018
f 3229/3229/2969 3283/3283/3018 3228/3228/2968
f 3283/3283/3018 3284/3284/2833 3282/3282/3017
f 3285/3285/3019 3282/3282/3017 3284/3284/2833
f 3285/3285/3019 3286/3286/2829 3282/3282/3017
f 3273/3273/3012 3282/3282/3017 3286/3286/2829
f 3287/3287/2826 3273/3273/3012 3286/3286/2829
f 3277/3277/3014 3272/3272/3011 3287/3287/2826
f 3272/3272/3011 3273/3273/3012 3287/3287/2826
f 3288/3288/2815 3279/3279/2813 3280/3280/3016
f 3288/3288/2815 3280/3280/3016 3289/3289/3020
f 3289/3289/3020 3280/3280/3016 3270/3270/3009
f 3290/3290/3021 3289/3289/3020 3270/3270/3009
f 3291/3291/3022 3289/3289/3020 3290/3290/3021
f 3291/3291/3022 3288/3288/2815 3289/3289/3020
f 3276/3276/3013 3290/3290/3021 3270/3270/3009
f 3283/3283/3018 3229/3229/2969 3292/3292/3023
f 3293/3293/3024 3292/3292/3023 3229/3229/2969
f 3229/3229/2969 3227/3227/2967 3293/3293/3024
f 3294/3294/3025 3293/3293/3024 3227/3227/2967
f 3227/3227/2967 3225/3225/2965 3294/3294/3025
f 3295/3295/3026 3294/3294/3025 3225/3225/2965
f 3225/3225/2965 3223/3223/2963 3295/3295/3026
f 3296/3296/3027 3295/3295/3026 3223/3223/2963
f 3296/3296/3027 3223/3223/2963 3297/3297/3028
f 3119/3119/2864 3297/3297/3028 3223/3223/2963
f 3297/3297/3028 3119/3119/2864 3298/3298/3029
f 3117/3117/2862 3298/3298/3029 3119/3119/2864
f 3298/3298/3029 3117/3117/2862 3299/3299/3030
f 3115/3115/2860 3299/3299/3030 3117/3117/2862
f 3299/3299/3030 3115/3115/2860 3300/3300/3031
f 3113/3113/2858 3300/3300/3031 3115/3115/2860
f 3300/3300/3031 3113/3113/2858 3301/3301/3032
f 3114/3114/2859 3301/3301/3032 3113/3113/2858
f 3301/3301/3032 3114/3114/2859 3302/3302/3033
f 3303/3303/3034 3302/3302/3033 3114/3114/2859
f 3303/3303/3034 3114/3114/2859 3108/3108/2853
f 3303/3303/3034 3108/3108/2853 3304/3304/3035
f 3105/3105/2850 3304/3304/3035 3108/3108/2853
f 3304/3304/3035 3105/3105/2850 3103/3103/2848
f 3301/3301/3032 3305/3305/3036 3300/3300/3031
f 3306/3306/3037 3300/3300/3031 3305/3305/3036
f 3300/3300/3031 3306/3306/3037 3299/3299/3030
f 3307/3307/3038 3299/3299/3030 3306/3306/3037
f 3299/3299/3030 3307/3307/3038 3298/3298/3029
f 3308/3308/3039 3298/3298/3029 3307/3307/3038
f 3298/3298/3029 3308/3308/3039 3297/3297/3028
f 3309/3309/3040 3297/3297/3028 3308/3308/3039
f 3297/3297/3028 3309/3309/3040 3296/3296/3027
f 3310/3310/3041 3296/3296/3027 3309/3309/3040
f 3305/3305/3036 3311/3311/3042 3306/3306/3037
f 3312/3312/3043 3306/3306/3037 3311/3311/3042
f 3306/3306/3037 3312/3312/3043 3307/3307/3038
f 3311/3311/3042 3305/3305/3036 3313/3313/3044
f 3314/3314/3045 3313/3313/3044 3305/3305/3036
f 3305/3305/3036 3301/3301/3032 3314/3314/3045
f 3302/3302/3033 3314/3314/3045 3301/3301/3032
f 3302/3302/3033 3315/3315/3046 3314/3314/3045
f 3316/3316/3047 3314/3314/3045 3315/3315/3046
f 3314/3314/3045 3316/3316/3047 3313/3313/3044
f 3317/3317/3048 3313/3313/3044 3316/3316/3047
f 3315/3315/3046 3302/3302/3033 3318/3318/3049
f 3319/3319/3050 3318/3318/3049 3302/3302/3033
f 3319/3319/3050 3304/3304/3035 3318/3318/3049
f 3320/3320/3051 3318/3318/3049 3304/3304/3035
f 3320/3320/3051 3304/3304/3035 3321/3321/3052
f 3103/3103/2848 3321/3321/3052 3304/3304/3035
f 3321/3321/3052 3103/3103/2848 3322/3322/3053
f 3102/3102/2847 3322/3322/3053 3103/3103/2848
f 3322/3322/3053 3102/3102/2847 3323/3323/3054
f 3101/3101/2846 3323/3323/3054 3102/3102/2847
f 3319/3319/3050 3303/3303/3034 3304/3304/3035
f 3319/3319/3050 3302/3302/3033 3303/3303/3034
f 3101/3101/2846 3324/3324/3055 3323/3323/3054
f 3325/3325/3055 3323/3323/3054 3324/3324/3055
f 3324/3324/3055 3101/3101/2846 3326/3326/3056
f 3100/3100/2845 3326/3326/3056 3101/3101/2846
f 3326/3326/3056 3100/3100/2845 3327/3327/3057
f 3099/3099/2752 3327/3327/3057 3100/3100/2845
f 3327/3327/3057 3099/3099/2752 3328/3328/3058
f 3098/3098/2844 3328/3328/3058 3099/3099/2752
f 3328/3328/3058 3098/3098/2844 3329/3329/3059
f 3097/3097/2843 3329/3329/3059 3098/3098/2844
f 3329/3329/3059 3097/3097/2843 3330/3330/3060
f 3096/3096/2842 3330/3330/3060 3097/3097/2843
f 3327/3327/3057 3331/3331/3061 3326/3326/3056
f 3332/3332/3062 3326/3326/3056 3331/3331/3061
f 3326/3326/3056 3332/3332/3062 3324/3324/3055
f 3328/3328/3058 3333/3333/3063 3327/3327/3057
f 3331/3331/3061 3327/3327/3057 3333/3333/3063
f 3329/3329/3059 3334/3334/3064 3328/3328/3058
f 3333/3333/3063 3328/3328/3058 3334/3334/3064
f 3330/3330/3060 3335/3335/3065 3329/3329/3059
f 3334/3334/3064 3329/3329/3059 3335/3335/3065
f 3096/3096/2842 3095/3095/2841 3330/3330/3060
f 3336/3336/3066 3330/3330/3060 3095/3095/2841
f 3330/3330/3060 3336/3336/3066 3335/3335/3065
f 3095/3095/2841 3090/3090/2836 3336/3336/3066
f 3337/3337/3067 3336/3336/3066 3090/3090/2836
f 3090/3090/2836 3089/3089/2835 3337/3337/3067
f 3338/3338/3068 3337/3337/3067 3089/3089/2835
f 3089/3089/2835 3094/3094/2840 3338/3338/3068
f 3339/3339/3068 3338/3338/3068 3094/3094/2840
f 3336/3336/3066 3337/3337/3067 3340/3340/3069
f 3340/3340/3069 3335/3335/3065 3336/3336/3066
f 3341/3341/3070 3340/3340/3069 3337/3337/3067
f 3337/3337/3067 3338/3338/3068 3341/3341/3070
f 3338/3338/3068 3339/3339/3068 3342/3342/3071
f 3342/3342/3071 3341/3341/3070 3338/3338/3068
f 3343/3343/3072 3342/3342/3071 3339/3339/3068
f 3342/3342/3071 3343/3343/3072 3344/3344/3073
f 3345/3345/3074 3344/3344/3073 3343/3343/3072
f 3344/3344/3073 3346/3346/3075 3342/3342/3071
f 3346/3346/3075 3341/3341/3070 3342/3342/3071
f 3344/3344/3073 3345/3345/3074 3347/3347/3076
f 3344/3344/3073 3347/3347/3076 3346/3346/3075
f 3348/3348/3077 3347/3347/3076 3345/3345/3074
f 3349/3349/3078 3346/3346/3075 3347/3347/3076
f 3346/3346/3075 3349/3349/3078 3350/3350/3079
f 3346/3346/3075 3350/3350/3079 3341/3341/3070
f 3350/3350/3079 3351/3351/3080 3341/3341/3070
f 3351/3351/3080 3340/3340/3069 3341/3341/3070
f 3351/3351/3080 3335/3335/3065 3340/3340/3069
f 3350/3350/3079 3352/3352/3081 3351/3351/3080
f 3353/3353/3082 3350/3350/3079 3349/3349/3078
f 3352/3352/3081 3354/3354/3083 3351/3351/3080
f 3351/3351/3080 3354/3354/3083 3335/3335/3065
f 3335/3335/3065 3354/3354/3083 3334/3334/3064
f 3355/3355/3084 3334/3334/3064 3354/3354/3083
f 3334/3334/3064 3355/3355/3084 3333/3333/3063
f 3356/3356/3085 3333/3333/3063 3355/3355/3084
f 3356/3356/3085 3357/3357/3086 3333/3333/3063
f 3333/3333/3063 3357/3357/3086 3331/3331/3061
f 3356/3356/3085 3358/3358/3087 3357/3357/3086
f 3358/3358/3087 3359/3359/3088 3357/3357/3086
f 3357/3357/3086 3359/3359/3088 3332/3332/3062
f 3331/3331/3061 3357/3357/3086 3332/3332/3062
f 3359/3359/3088 3360/3360/3089 3332/3332/3062
f 3332/3332/3062 3360/3360/3089 3361/3361/3090
f 3361/3361/3090 3324/3324/3055 3332/3332/3062
f 3324/3324/3055 3361/3361/3090 3325/3325/3055
f 3362/3362/3091 3325/3325/3055 3361/3361/3090
f 3361/3361/3090 3363/3363/3092 3362/3362/3091
f 3360/3360/3089 3363/3363/3092 3361/3361/3090
f 3364/3364/3093 3362/3362/3091 3363/3363/3092
f 3360/3360/3089 3359/3359/3088 3365/3365/3094
f 3366/3366/3095 3365/3365/3094 3359/3359/3088
f 3363/3363/3092 3367/3367/3096 3364/3364/3093
f 3365/3365/3094 3367/3367/3096 3360/3360/3089
f 3363/3363/3092 3360/3360/3089 3367/3367/3096
f 3368/3368/3097 3364/3364/3093 3367/3367/3096
f 3366/3366/3095 3359/3359/3088 3369/3369/3098
f 3358/3358/3087 3369/3369/3098 3359/3359/3088
f 3358/3358/3087 3370/3370/3099 3369/3369/3098
f 3370/3370/3099 3371/3371/3100 3369/3369/3098
f 3372/3372/3101 3370/3370/3099 3358/3358/3087
f 3356/3356/3085 3372/3372/3101 3358/3358/3087
f 3372/3372/3101 3356/3356/3085 3373/3373/3102
f 3355/3355/3084 3373/3373/3102 3356/3356/3085
f 3354/3354/3083 3373/3373/3102 3355/3355/3084
f 3374/3374/3103 3373/3373/3102 3354/3354/3083
f 3352/3352/3081 3374/3374/3103 3354/3354/3083
f 3375/3375/3104 3374/3374/3103 3352/3352/3081
f 3376/3376/3105 3375/3375/3104 3352/3352/3081
f 3352/3352/3081 3350/3350/3079 3376/3376/3105
f 3353/3353/3082 3376/3376/3105 3350/3350/3079
f 3377/3377/3106 3375/3375/3104 3376/3376/3105
f 3378/3378/2811 3265/3265/3004 3274/3274/2809
f 3270/3270/3009 3280/3280/3016 3269/3269/3008
f 3269/3269/3008 3280/3280/3016 3268/3268/3007
f 3074/3074/2820 3076/3076/2822 3026/3026/2773
f 3026/3026/2773 3028/3028/2775 3074/3074/2820
f 3072/3072/2818 3074/3074/2820 3028/3028/2775
f 3072/3072/2818 3028/3028/2775 3030/3030/2777
f 3072/3072/2818 3030/3030/2777 3070/3070/2816
f 3379/3379/3107 3070/3070/2816 3030/3030/2777
f 3030/3030/2777 3031/3031/2778 3379/3379/3107
f 3037/3037/2784 3379/3379/3107 3031/3031/2778
f 3379/3379/3107 3037/3037/2784 3047/3047/2794
f 3047/3047/2794 3068/3068/2814 3379/3379/3107
f 3070/3070/2816 3379/3379/3107 3068/3068/2814
f 3047/3047/2794 3058/3058/2804 3068/3068/2814
f 3049/3049/2796 3062/3062/2808 3046/3046/2793
f 3059/3059/2805 3046/3046/2793 3062/3062/2808
f 3187/3187/2927 3184/3184/2924 3193/3193/2933
f 3311/3311/3042 3380/3380/3108 3312/3312/3043
f 3381/3381/3109 3312/3312/3043 3380/3380/3108
f 3380/3380/3108 3311/3311/3042 3382/3382/3110
f 3313/3313/3044 3382/3382/3110 3311/3311/3042
f 3382/3382/3110 3313/3313/3044 3383/3383/3111
f 3317/3317/3048 3383/3383/3111 3313/3313/3044
f 3382/3382/3110 3384/3384/3112 3380/3380/3108
f 3385/3385/3113 3380/3380/3108 3384/3384/3112
f 3384/3384/3112 3386/3386/3096 3385/3385/3113
f 3386/3386/3096 3384/3384/3112 3387/3387/3114
f 3388/3388/3115 3387/3387/3114 3384/3384/3112
f 3384/3384/3112 3382/3382/3110 3388/3388/3115
f 3383/3383/3111 3388/3388/3115 3382/3382/3110
f 3389/3389/3094 3385/3385/3113 3386/3386/3096
f 3385/3385/3113 3389/3389/3094 3390/3390/3116
f 3381/3381/3109 3380/3380/3108 3390/3390/3116
f 3385/3385/3113 3390/3390/3116 3380/3380/3108
f 3391/3391/3095 3390/3390/3116 3389/3389/3094
f 3312/3312/3043 3381/3381/3109 3392/3392/3117
f 3392/3392/3117 3307/3307/3038 3312/3312/3043
f 3307/3307/3038 3392/3392/3117 3308/3308/3039
f 3393/3393/3118 3308/3308/3039 3392/3392/3117
f 3393/3393/3118 3394/3394/3119 3308/3308/3039
f 3309/3309/3040 3308/3308/3039 3394/3394/3119
f 3309/3309/3040 3394/3394/3119 3310/3310/3041
f 3395/3395/3120 3310/3310/3041 3394/3394/3119
f 3392/3392/3117 3396/3396/3121 3393/3393/3118
f 3397/3397/3122 3393/3393/3118 3396/3396/3121
f 3398/3398/3123 3396/3396/3121 3392/3392/3117
f 3398/3398/3123 3392/3392/3117 3381/3381/3109
f 3399/3399/3124 3396/3396/3121 3398/3398/3123
f 3397/3397/3122 3396/3396/3121 3399/3399/3124
f 3400/3400/3125 3395/3395/3120 3394/3394/3119
f 3398/3398/3123 3381/3381/3109 3401/3401/3126
f 3390/3390/3116 3401/3401/3126 3381/3381/3109
f 3390/3390/3116 3391/3391/3095 3401/3401/3126
f 3402/3402/3098 3401/3401/3126 3391/3391/3095
f 3395/3395/3120 3403/3403/3127 3310/3310/3041
f 3404/3404/3128 3310/3310/3041 3403/3403/3127
f 3310/3310/3041 3404/3404/3128 3296/3296/3027
f 3295/3295/3026 3296/3296/3027 3404/3404/3128
f 3404/3404/3128 3405/3405/3129 3295/3295/3026
f 3294/3294/3025 3295/3295/3026 3405/3405/3129
f 3405/3405/3129 3406/3406/3130 3294/3294/3025
f 3293/3293/3024 3294/3294/3025 3406/3406/3130
f 3406/3406/3130 3407/3407/3131 3293/3293/3024
f 3292/3292/3023 3293/3293/3024 3407/3407/3131
f 3406/3406/3130 3405/3405/3129 3408/3408/3132
f 3409/3409/3133 3408/3408/3132 3405/3405/3129
f 3403/3403/3127 3409/3409/3133 3404/3404/3128
f 3405/3405/3129 3404/3404/3128 3409/3409/3133
f 3408/3408/3132 3410/3410/3134 3406/3406/3130
f 3407/3407/3131 3406/3406/3130 3410/3410/3134
f 3292/3292/3023 3407/3407/3131 3411/3411/3135
f 3412/3412/3136 3411/3411/3135 3407/3407/3131
f 3407/3407/3131 3410/3410/3134 3412/3412/3136
f 3413/3413/3137 3412/3412/3136 3410/3410/3134
f 3411/3411/3135 3414/3414/3138 3292/3292/3023
f 3415/3415/3139 3292/3292/3023 3414/3414/3138
f 3415/3415/3139 3414/3414/3138 3284/3284/2833
f 3416/3416/2838 3284/3284/2833 3414/3414/3138
f 3283/3283/3018 3415/3415/3139 3284/3284/2833
f 3292/3292/3023 3415/3415/3139 3283/3283/3018
f 3408/3408/3132 3409/3409/3133 3417/3417/3140
f 3418/3418/3141 3417/3417/3140 3409/3409/3133
f 3417/3417/3140 3419/3419/3142 3408/3408/3132
f 3410/3410/3134 3408/3408/3132 3419/3419/3142
f 3419/3419/3142 3420/3420/3143 3410/3410/3134
f 3413/3413/3137 3410/3410/3134 3420/3420/3143
f 3419/3419/3142 3417/3417/3140 3421/3421/3144
f 3422/3422/3145 3421/3421/3144 3417/3417/3140
f 3421/3421/3144 3422/3422/3145 3423/3423/3076
f 3423/3423/3076 3424/3424/3077 3421/3421/3144
f 3425/3425/3146 3421/3421/3144 3424/3424/3077
f 3420/3420/3143 3419/3419/3142 3425/3425/3146
f 3421/3421/3144 3425/3425/3146 3419/3419/3142
f 3426/3426/3078 3423/3423/3076 3422/3422/3145
f 3422/3422/3145 3427/3427/3147 3426/3426/3078
f 3422/3422/3145 3417/3417/3140 3427/3427/3147
f 3418/3418/3141 3427/3427/3147 3417/3417/3140
f 3428/3428/3148 3426/3426/3078 3427/3427/3147
f 3427/3427/3147 3429/3429/3149 3428/3428/3148
f 3427/3427/3147 3418/3418/3141 3429/3429/3149
f 3430/3430/3105 3428/3428/3148 3429/3429/3149
f 3431/3431/3150 3429/3429/3149 3418/3418/3141
f 3431/3431/3150 3418/3418/3141 3403/3403/3127
f 3409/3409/3133 3403/3403/3127 3418/3418/3141
f 3432/3432/3151 3431/3431/3150 3403/3403/3127
f 3432/3432/3151 3403/3403/3127 3395/3395/3120
f 3432/3432/3151 3395/3395/3120 3433/3433/3152
f 3434/3434/3153 3433/3433/3152 3395/3395/3120
f 3432/3432/3151 3435/3435/3154 3431/3431/3150
f 3433/3433/3152 3435/3435/3154 3432/3432/3151
f 3429/3429/3149 3436/3436/3106 3430/3430/3105
f 3431/3431/3150 3437/3437/3155 3429/3429/3149
f 3437/3437/3155 3436/3436/3106 3429/3429/3149
f 3435/3435/3154 3437/3437/3155 3431/3431/3150
f 3434/3434/3153 3395/3395/3120 3400/3400/3125
f 3438/3438/3156 3400/3400/3125 3394/3394/3119
f 3394/3394/3119 3439/3439/3157 3438/3438/3156
f 3439/3439/3157 3394/3394/3119 3393/3393/3118
f 3440/3440/3158 3439/3439/3157 3393/3393/3118
f 3440/3440/3158 3393/3393/3118 3397/3397/3122
f 3441/3441/3159 3399/3399/3124 3398/3398/3123
f 3401/3401/3126 3441/3441/3159 3398/3398/3123
f 3442/3442/3160 3441/3441/3159 3401/3401/3126
f 3402/3402/3098 3442/3442/3160 3401/3401/3126
f 3443/3443/3138 3444/3444/3161 3445/3445/3162
f 3446/3446/3163 3445/3445/3162 3444/3444/3161
f 3444/3444/3161 3443/3443/3138 3447/3447/3164
f 3448/3448/3135 3447/3447/3164 3443/3443/3138
f 3447/3447/3164 3448/3448/3135 3449/3449/3165
f 3450/3450/3166 3449/3449/3165 3448/3448/3135
f 3449/3449/3165 3450/3450/3166 3451/3451/3167
f 3452/3452/3137 3451/3451/3167 3450/3450/3166
f 3451/3451/3167 3452/3452/3137 3453/3453/3168
f 3454/3454/3169 3453/3453/3168 3452/3452/3137
f 3453/3453/3168 3454/3454/3169 3455/3455/3170
f 3456/3456/3146 3455/3455/3170 3454/3454/3169
f 3455/3455/3170 3456/3456/3146 3457/3457/3171
f 3458/3458/3077 3457/3457/3171 3456/3456/3146
f 3457/3457/3171 3458/3458/3077 3459/3459/3172
f 3460/3460/3074 3459/3459/3172 3458/3458/3077
f 3459/3459/3172 3460/3460/3074 3461/3461/3173
f 3462/3462/3072 3461/3461/3173 3460/3460/3074
f 3461/3461/3173 3462/3462/3072 3463/3463/2841
f 3464/3464/3068 3463/3463/2841 3462/3462/3072
f 3463/3463/2841 3464/3464/3068 3465/3465/3174
f 3466/3466/2840 3465/3465/3174 3464/3464/3068
f 3465/3465/3174 3466/3466/2840 3467/3467/3175
f 3468/3468/2839 3467/3467/3175 3466/3466/2840
f 3467/3467/3175 3468/3468/2839 3469/3469/3176
f 3470/3470/2837 3469/3469/3176 3468/3468/2839
f 3469/3469/3176 3470/3470/2837 3471/3471/3163
f 3472/3472/2838 3471/3471/3163 3470/3470/2837
f 3471/3471/3163 3473/3473/3177 3469/3469/3176
f 3474/3474/3178 3469/3469/3176 3473/3473/3177
f 3469/3469/3176 3474/3474/3178 3467/3467/3175
f 3475/3475/3179 3467/3467/3175 3474/3474/3178
f 3467/3467/3175 3475/3475/3179 3465/3465/3174
f 3476/3476/3180 3465/3465/3174 3475/3475/3179
f 3465/3465/3174 3476/3476/3180 3463/3463/2841
f 3477/3477/2780 3463/3463/2841 3476/3476/3180
f 3474/3474/3178 3473/3473/3177 3478/3478/3181
f 3479/3479/3182 3478/3478/3181 3473/3473/3177
f 3478/3478/3181 3480/3480/3183 3474/3474/3178
f 3475/3475/3179 3474/3474/3178 3480/3480/3183
f 3480/3480/3183 3481/3481/3184 3475/3475/3179
f 3476/3476/3180 3475/3475/3179 3481/3481/3184
f 3481/3481/3184 3482/3482/2780 3476/3476/3180
f 3477/3477/2780 3476/3476/3180 3482/3482/2780
f 3482/3482/2780 3483/3483/3185 3477/3477/2780
f 3484/3484/3186 3477/3477/2780 3483/3483/3185
f 3477/3477/2780 3484/3484/3186 3461/3461/3173
f 3461/3461/3173 3484/3484/3186 3459/3459/3172
f 3483/3483/3185 3485/3485/3187 3484/3484/3186
f 3486/3486/3188 3484/3484/3186 3485/3485/3187
f 3484/3484/3186 3486/3486/3188 3459/3459/3172
f 3459/3459/3172 3486/3486/3188 3457/3457/3171
f 3486/3486/3188 3485/3485/3187 3487/3487/3189
f 3486/3486/3188 3487/3487/3189 3455/3455/3170
f 3457/3457/3171 3486/3486/3188 3455/3455/3170
f 3488/3488/3190 3487/3487/3189 3485/3485/3187
f 3487/3487/3189 3488/3488/3190 3489/3489/3191
f 3487/3487/3189 3489/3489/3191 3453/3453/3168
f 3455/3455/3170 3487/3487/3189 3453/3453/3168
f 3453/3453/3168 3489/3489/3191 3451/3451/3167
f 3490/3490/3192 3489/3489/3191 3488/3488/3190
f 3489/3489/3191 3490/3490/3192 3491/3491/3193
f 3489/3489/3191 3491/3491/3193 3451/3451/3167
f 3451/3451/3167 3491/3491/3193 3449/3449/3165
f 3449/3449/3165 3491/3491/3193 3447/3447/3164
f 3492/3492/3194 3447/3447/3164 3491/3491/3193
f 3447/3447/3164 3492/3492/3194 3444/3444/3161
f 3493/3493/3195 3444/3444/3161 3492/3492/3194
f 3444/3444/3161 3493/3493/3195 3446/3446/3163
f 3494/3494/3196 3446/3446/3163 3493/3493/3195
f 3493/3493/3195 3495/3495/3197 3494/3494/3196
f 3496/3496/3198 3494/3494/3196 3495/3495/3197
f 3491/3491/3193 3497/3497/3199 3492/3492/3194
f 3497/3497/3199 3491/3491/3193 3490/3490/3192
f 3498/3498/3200 3492/3492/3194 3497/3497/3199
f 3492/3492/3194 3498/3498/3200 3493/3493/3195
f 3495/3495/3197 3493/3493/3195 3498/3498/3200
f 3496/3496/3198 3495/3495/3197 3499/3499/3201
f 3500/3500/3202 3499/3499/3201 3495/3495/3197
f 3495/3495/3197 3498/3498/3200 3500/3500/3202
f 3501/3501/3203 3499/3499/3201 3500/3500/3202
f 3501/3501/3203 3500/3500/3202 3502/3502/3204
f 3503/3503/3205 3502/3502/3204 3500/3500/3202
f 3503/3503/3205 3498/3498/3200 3497/3497/3199
f 3503/3503/3205 3500/3500/3202 3498/3498/3200
f 3502/3502/3204 3503/3503/3205 3504/3504/3206
f 3505/3505/3207 3504/3504/3206 3503/3503/3205
f 3505/3505/3207 3503/3503/3205 3497/3497/3199
f 3504/3504/3206 3505/3505/3207 3506/3506/3208
f 3507/3507/3209 3506/3506/3208 3505/3505/3207
f 3506/3506/3208 3507/3507/3209 3508/3508/3210
f 3505/3505/3207 3497/3497/3199 3490/3490/3192
f 3505/3505/3207 3490/3490/3192 3507/3507/3209
f 3508/3508/3210 3507/3507/3209 3485/3485/3187
f 3488/3488/3190 3485/3485/3187 3507/3507/3209
f 3507/3507/3209 3490/3490/3192 3488/3488/3190
f 3508/3508/3210 3485/3485/3187 3483/3483/3185
f 3509/3509/3211 3499/3499/3201 3501/3501/3203
f 3510/3510/3212 3506/3506/3208 3508/3508/3210
f 3510/3510/3212 3508/3508/3210 3511/3511/3213
f 3511/3511/3213 3508/3508/3210 3483/3483/3185
f 3511/3511/3213 3483/3483/3185 3482/3482/2780
f 3512/3512/3214 3510/3510/3212 3511/3511/3213
f 3511/3511/3213 3513/3513/3215 3512/3512/3214
f 3511/3511/3213 3482/3482/2780 3513/3513/3215
f 3514/3514/3216 3512/3512/3214 3513/3513/3215
f 3513/3513/3215 3515/3515/3217 3514/3514/3216
f 3516/3516/3218 3514/3514/3216 3515/3515/3217
f 3516/3516/3218 3515/3515/3217 3517/3517/3219
f 3517/3517/3219 3515/3515/3217 3478/3478/3181
f 3478/3478/3181 3479/3479/3182 3517/3517/3219
f 3518/3518/3220 3517/3517/3219 3479/3479/3182
f 3519/3519/3211 3517/3517/3219 3518/3518/3220
f 3519/3519/3211 3516/3516/3218 3517/3517/3219
f 3480/3480/3183 3478/3478/3181 3515/3515/3217
f 3515/3515/3217 3513/3513/3215 3480/3480/3183
f 3481/3481/3184 3480/3480/3183 3513/3513/3215
f 3513/3513/3215 3482/3482/2780 3481/3481/3184
f 3463/3463/2841 3477/3477/2780 3461/3461/3173
f 3520/3520/3221 3521/3521/3222 3522/3522/3051
f 3523/3523/3049 3522/3522/3051 3521/3521/3222
f 3521/3521/3222 3524/3524/3223 3523/3523/3049
f 3525/3525/3046 3523/3523/3049 3524/3524/3223
f 3524/3524/3223 3526/3526/3224 3525/3525/3046
f 3527/3527/3047 3525/3525/3046 3526/3526/3224
f 3526/3526/3224 3528/3528/3225 3527/3527/3047
f 3529/3529/3048 3527/3527/3047 3528/3528/3225
f 3528/3528/3225 3530/3530/3226 3529/3529/3048
f 3531/3531/3111 3529/3529/3048 3530/3530/3226
f 3530/3530/3226 3532/3532/3227 3531/3531/3111
f 3533/3533/3115 3531/3531/3111 3532/3532/3227
f 3532/3532/3227 3534/3534/3228 3533/3533/3115
f 3535/3535/3097 3533/3533/3115 3534/3534/3228
f 3534/3534/3228 3536/3536/3229 3535/3535/3097
f 3537/3537/3093 3535/3535/3097 3536/3536/3229
f 3536/3536/3229 3538/3538/3230 3537/3537/3093
f 3539/3539/3091 3537/3537/3093 3538/3538/3230
f 3538/3538/3230 3540/3540/3231 3539/3539/3091
f 3541/3541/3232 3539/3539/3091 3540/3540/3231
f 3540/3540/3231 3542/3542/3233 3541/3541/3232
f 3543/3543/3054 3541/3541/3232 3542/3542/3233
f 3542/3542/3233 3544/3544/3234 3543/3543/3054
f 3545/3545/3235 3543/3543/3054 3544/3544/3234
f 3544/3544/3234 3546/3546/3236 3545/3545/3235
f 3547/3547/3237 3545/3545/3235 3546/3546/3236
f 3546/3546/3236 3548/3548/3221 3547/3547/3237
f 3549/3549/3238 3547/3547/3237 3548/3548/3221
f 3548/3548/3221 3546/3546/3236 3550/3550/3239
f 3551/3551/3240 3550/3550/3239 3546/3546/3236
f 3546/3546/3236 3544/3544/3234 3551/3551/3240
f 3552/3552/3241 3551/3551/3240 3544/3544/3234
f 3544/3544/3234 3542/3542/3233 3552/3552/3241
f 3553/3553/3242 3552/3552/3241 3542/3542/3233
f 3542/3542/3233 3540/3540/3231 3553/3553/3242
f 3554/3554/3243 3553/3553/3242 3540/3540/3231
f 3551/3551/3240 3555/3555/3244 3550/3550/3239
f 3556/3556/3245 3550/3550/3239 3555/3555/3244
f 3552/3552/3241 3557/3557/3246 3551/3551/3240
f 3555/3555/3244 3551/3551/3240 3557/3557/3246
f 3553/3553/3242 3558/3558/3247 3552/3552/3241
f 3557/3557/3246 3552/3552/3241 3558/3558/3247
f 3554/3554/3243 3559/3559/3248 3553/3553/3242
f 3558/3558/3247 3553/3553/3242 3559/3559/3248
f 3559/3559/3248 3554/3554/3243 3560/3560/3249
f 3561/3561/3250 3560/3560/3249 3554/3554/3243
f 3561/3561/3250 3554/3554/3243 3538/3538/3230
f 3561/3561/3250 3538/3538/3230 3536/3536/3229
f 3560/3560/3249 3561/3561/3250 3562/3562/3251
f 3563/3563/3252 3562/3562/3251 3561/3561/3250
f 3563/3563/3252 3561/3561/3250 3536/3536/3229
f 3563/3563/3252 3536/3536/3229 3534/3534/3228
f 3563/3563/3252 3564/3564/3253 3562/3562/3251
f 3564/3564/3253 3563/3563/3252 3532/3532/3227
f 3563/3563/3252 3534/3534/3228 3532/3532/3227
f 3565/3565/3254 3562/3562/3251 3564/3564/3253
f 3564/3564/3253 3566/3566/3255 3565/3565/3254
f 3566/3566/3255 3564/3564/3253 3530/3530/3226
f 3564/3564/3253 3532/3532/3227 3530/3530/3226
f 3566/3566/3255 3530/3530/3226 3528/3528/3225
f 3567/3567/3256 3565/3565/3254 3566/3566/3255
f 3566/3566/3255 3568/3568/3257 3567/3567/3256
f 3568/3568/3257 3566/3566/3255 3528/3528/3225
f 3568/3568/3257 3528/3528/3225 3526/3526/3224
f 3526/3526/3224 3524/3524/3223 3568/3568/3257
f 3569/3569/3258 3568/3568/3257 3524/3524/3223
f 3524/3524/3223 3521/3521/3222 3569/3569/3258
f 3570/3570/3259 3569/3569/3258 3521/3521/3222
f 3521/3521/3222 3520/3520/3221 3570/3570/3259
f 3571/3571/3260 3570/3570/3259 3520/3520/3221
f 3570/3570/3259 3571/3571/3260 3572/3572/3261
f 3573/3573/3245 3572/3572/3261 3571/3571/3260
f 3568/3568/3257 3569/3569/3258 3574/3574/3262
f 3574/3574/3262 3567/3567/3256 3568/3568/3257
f 3575/3575/3263 3574/3574/3262 3569/3569/3258
f 3572/3572/3261 3575/3575/3263 3570/3570/3259
f 3569/3569/3258 3570/3570/3259 3575/3575/3263
f 3573/3573/3245 3576/3576/3264 3572/3572/3261
f 3577/3577/3265 3572/3572/3261 3576/3576/3264
f 3572/3572/3261 3577/3577/3265 3575/3575/3263
f 3576/3576/3264 3578/3578/3266 3577/3577/3265
f 3578/3578/3266 3579/3579/3267 3577/3577/3265
f 3580/3580/3268 3577/3577/3265 3579/3579/3267
f 3575/3575/3263 3580/3580/3268 3574/3574/3262
f 3580/3580/3268 3575/3575/3263 3577/3577/3265
f 3581/3581/3269 3574/3574/3262 3580/3580/3268
f 3580/3580/3268 3579/3579/3267 3581/3581/3269
f 3579/3579/3267 3582/3582/3270 3581/3581/3269
f 3574/3574/3262 3581/3581/3269 3567/3567/3256
f 3583/3583/3271 3567/3567/3256 3581/3581/3269
f 3581/3581/3269 3582/3582/3270 3583/3583/3271
f 3582/3582/3270 3584/3584/3272 3583/3583/3271
f 3583/3583/3271 3584/3584/3272 3585/3585/3273
f 3567/3567/3256 3583/3583/3271 3565/3565/3254
f 3585/3585/3273 3565/3565/3254 3583/3583/3271
f 3565/3565/3254 3585/3585/3273 3562/3562/3251
f 3586/3586/3274 3562/3562/3251 3585/3585/3273
f 3585/3585/3273 3584/3584/3272 3586/3586/3274
f 3584/3584/3272 3587/3587/3275 3586/3586/3274
f 3562/3562/3251 3586/3586/3274 3560/3560/3249
f 3588/3588/3276 3560/3560/3249 3586/3586/3274
f 3586/3586/3274 3587/3587/3275 3588/3588/3276
f 3587/3587/3275 3589/3589/3277 3588/3588/3276
f 3588/3588/3276 3589/3589/3277 3590/3590/3278
f 3560/3560/3249 3588/3588/3276 3559/3559/3248
f 3590/3590/3278 3559/3559/3248 3588/3588/3276
f 3559/3559/3248 3590/3590/3278 3558/3558/3247
f 3591/3591/3279 3558/3558/3247 3590/3590/3278
f 3590/3590/3278 3592/3592/3280 3591/3591/3279
f 3589/3589/3277 3592/3592/3280 3590/3590/3278
f 3558/3558/3247 3591/3591/3279 3557/3557/3246
f 3593/3593/3281 3557/3557/3246 3591/3591/3279
f 3591/3591/3279 3594/3594/3282 3593/3593/3281
f 3592/3592/3280 3594/3594/3282 3591/3591/3279
f 3557/3557/3246 3593/3593/3281 3555/3555/3244
f 3595/3595/3283 3555/3555/3244 3593/3593/3281
f 3593/3593/3281 3594/3594/3282 3595/3595/3283
f 3555/3555/3244 3595/3595/3283 3556/3556/3245
f 3596/3596/3264 3556/3556/3245 3595/3595/3283
f 3597/3597/3284 3596/3596/3264 3595/3595/3283
f 3594/3594/3282 3597/3597/3284 3595/3595/3283
f 3554/3554/3243 3540/3540/3231 3538/3538/3230
f 3598/3598/3285 3599/3599/3286 3600/3600/3287
f 3600/3600/3287 3599/3599/3286 3601/3601/3288
f 3601/3601/3288 3599/3599/3286 3602/3602/3289
f 3602/3602/3289 3599/3599/3286 3603/3603/3290
f 3603/3603/3290 3599/3599/3286 3604/3604/3291
f 3604/3604/3291 3599/3599/3286 3605/3605/3292
f 3605/3605/3292 3599/3599/3286 3606/3606/3293
f 3607/3607/3294 3599/3599/3286 3598/3598/3285
f 3608/3608/3295 3599/3599/3286 3607/3607/3294
f 3609/3609/3296 3599/3599/3286 3608/3608/3295
f 3610/3610/3297 3599/3599/3286 3609/3609/3296
f 3611/3611/3298 3599/3599/3286 3610/3610/3297
f 3612/3612/3299 3599/3599/3286 3611/3611/3298
f 3613/3613/3300 3599/3599/3286 3612/3612/3299
f 3614/3614/3301 3599/3599/3286 3613/3613/3300
f 3615/3615/3302 3599/3599/3286 3614/3614/3301
f 3616/3616/3303 3599/3599/3286 3615/3615/3302
f 3617/3617/3304 3599/3599/3286 3616/3616/3303
f 3618/3618/3305 3599/3599/3286 3617/3617/3304
f 3619/3619/3306 3599/3599/3286 3618/3618/3305
f 3620/3620/3307 3599/3599/3286 3619/3619/3306
f 3606/3606/3293 3599/3599/3286 3620/3620/3307
f 3621/3621/3308 3578/3578/3266 3576/3576/3264
f 3622/3622/3309 3623/3623/3310 3624/3624/3311
f 3625/3625/3312 3623/3623/3310 3622/3622/3309
f 3626/3626/3313 3623/3623/3310 3625/3625/3312
f 3627/3627/3314 3623/3623/3310 3626/3626/3313
f 3624/3624/3311 3623/3623/3310 3628/3628/3315
f 3628/3628/3315 3623/3623/3310 3629/3629/3316
f 3629/3629/3316 3623/3623/3310 3630/3630/3317
f 3630/3630/3317 3623/3623/3310 3631/3631/3318
f 3631/3631/3318 3623/3623/3310 3627/3627/3314
f 3632/3632/3319 3633/3633/3320 3634/3634/3321
f 3635/3635/3322 3633/3633/3320 3632/3632/3319
f 3636/3636/3323 3633/3633/3320 3635/3635/3322
f 3637/3637/3324 3633/3633/3320 3636/3636/3323
f 3638/3638/3325 3633/3633/3320 3637/3637/3324
f 3639/3639/3326 3633/3633/3320 3638/3638/3325
f 3640/3640/3327 3633/3633/3320 3639/3639/3326
f 3641/3641/3328 3633/3633/3320 3640/3640/3327
f 3634/3634/3321 3633/3633/3320 3641/3641/3328
o Male_Lobby_Bottom_Cos_Pekingopera_Grey.000_Male_Lobby_Bottom_Cos_Pekingopera_Grey.008
v 0.119786 0.818094 -0.128307
v 0.119453 0.827933 -0.129994
v 0.145529 0.864583 -0.122775
v 0.137377 0.860295 -0.125973
v 0.092997 0.867048 -0.132726
v 0.103016 0.861805 -0.132992
v 0.104459 0.903541 -0.135035
v 0.129003 0.903985 -0.130350
v 0.106102 0.860518 -0.133170
v 0.130758 0.859851 -0.129883
v 0.127935 0.944521 -0.127217
v 0.102881 0.944321 -0.133103
v 0.098684 0.980747 -0.130438
v 0.123494 0.981524 -0.128018
v 0.106080 0.859252 -0.127394
v 0.130669 0.858852 -0.123952
v 0.130580 0.879996 -0.123242
v 0.106036 0.879574 -0.126839
v -0.140488 0.864583 -0.124685
v -0.132313 0.860295 -0.125973
v -0.114389 0.827933 -0.129994
v -0.114723 0.818094 -0.130239
v -0.087958 0.867048 -0.132726
v -0.097975 0.861805 -0.132992
v -0.123940 0.903985 -0.130350
v -0.099396 0.903541 -0.135035
v -0.101042 0.859252 -0.133170
v -0.125716 0.860118 -0.129883
v -0.122896 0.944521 -0.127217
v -0.097842 0.944321 -0.133103
v -0.093600 0.982548 -0.131038
v -0.118410 0.983325 -0.128618
v -0.101108 0.858141 -0.128262
v -0.125541 0.858785 -0.123752
v -0.100997 0.874978 -0.127727
v -0.125516 0.875400 -0.123952
v -0.119898 0.521972 -0.117688
v -0.101175 0.524659 -0.075153
v -0.108014 0.450452 -0.088503
v -0.089046 0.562108 -0.074332
v -0.106238 0.527525 -0.028289
v -0.089890 0.554245 -0.020870
v -0.073231 0.581365 -0.015982
v -0.087537 0.590916 -0.071800
v -0.072587 0.609462 -0.079064
v -0.105860 0.598379 -0.103186
v -0.107883 0.622145 -0.096411
v -0.111370 0.637116 -0.094457
v -0.156503 0.646556 -0.111226
v -0.107681 0.654108 -0.102184
v -0.087980 0.648621 -0.090369
v -0.105638 0.675230 -0.096833
v -0.075054 0.627099 -0.064182
v -0.068613 0.641713 -0.068625
v -0.077053 0.669299 -0.089969
v -0.102285 0.699818 -0.102118
v -0.153616 0.705882 -0.104407
v -0.062415 0.683981 -0.066735
v -0.153038 0.674608 -0.094945
v -0.085693 0.735378 -0.095656
v -0.061726 0.620147 -0.041503
v -0.057750 0.633850 -0.036374
v -0.064325 0.659593 -0.065203
v -0.064924 0.662126 -0.002901
v -0.056397 0.731026 0.006072
v -0.053731 0.734268 -0.055475
v -0.064525 0.612595 -0.008475
v -0.075032 0.599534 -0.009208
v -0.041313 0.800236 -0.057629
v -0.078096 0.808410 -0.092145
v -0.145508 0.749328 -0.096344
v -0.141309 0.822914 -0.098276
v -0.190752 0.756569 -0.071068
v -0.189908 0.827111 -0.071623
v -0.130248 0.887371 -0.100830
v -0.181668 0.897632 -0.069402
v -0.162899 0.917979 -0.094879
v -0.179891 0.943322 -0.074976
v -0.120853 0.929306 -0.106095
v -0.068723 0.864093 -0.095145
v -0.086626 0.901631 -0.113092
v -0.065502 0.915381 -0.107072
v -0.064725 0.938013 -0.100785
v -0.121297 0.946075 -0.117533
v -0.057194 0.958537 -0.119243
v -0.121875 0.969575 -0.125662
v -0.056951 0.983902 -0.131793
v -0.015949 0.957249 -0.087016
v 0.002532 0.966511 -0.099031
v 0.002532 0.941901 -0.067535
v 0.002532 1.003559 -0.138368
v -0.024790 0.936813 -0.090124
v -0.011529 0.932505 -0.052588
v 0.002532 0.930127 -0.028444
v -0.015548 0.923554 -0.055764
v -0.008464 0.928395 -0.022580
v -0.034696 0.922131 -0.088703
v -0.150682 0.947230 -0.115312
v -0.163322 0.958026 -0.087837
v -0.173028 0.978527 -0.073177
v -0.024921 0.904251 -0.055497
v -0.019147 0.902008 -0.030087
v -0.012928 0.900498 0.014046
v -0.027699 0.847123 0.013202
v -0.006486 0.919689 0.016380
v 0.002642 0.926308 0.009716
v -0.033453 0.849501 -0.057074
v -0.043203 0.909050 -0.082817
v -0.203303 0.934215 -0.013828
v -0.195639 0.983392 -0.012163
v -0.205634 0.896810 -0.013273
v -0.191707 0.933394 0.062246
v -0.181845 1.003226 0.065177
v -0.188265 1.042585 -0.009298
v -0.174227 1.079211 0.058313
v -0.182378 1.094959 -0.004566
v -0.154681 1.094870 -0.072156
v -0.164454 1.038675 -0.075464
v -0.149772 1.126520 -0.064648
v -0.105149 1.131318 -0.111848
v -0.089357 1.167012 -0.102229
v -0.054331 1.134094 -0.121709
v -0.027388 1.162104 -0.110180
v -0.029342 1.168433 -0.116400
v 0.003242 1.134829 -0.121732
v 0.002532 1.099334 -0.141943
v -0.054042 1.098135 -0.143364
v -0.113990 1.098356 -0.125551
v -0.143599 1.160705 -0.053232
v 0.002532 1.058577 -0.148918
v -0.055906 1.058577 -0.152760
v -0.056905 1.008668 -0.144097
v -0.122119 1.014175 -0.136569
v -0.119521 1.057643 -0.134791
v -0.116699 0.985013 -0.131882
v -0.119343 0.980192 -0.127996
v -0.177427 1.120968 -0.002679
v -0.169250 1.109930 0.058471
v -0.168742 1.154485 0.001431
v -0.161456 1.146667 0.059425
v -0.116211 1.099334 0.095718
v -0.113035 1.140691 0.100537
v -0.061371 1.091826 0.116929
v -0.060350 1.055955 0.112532
v -0.120498 1.050182 0.099293
v -0.124228 0.993231 0.105691
v -0.060283 1.006690 0.110956
v -0.004821 1.008180 0.104092
v -0.005309 1.052780 0.113398
v -0.004687 1.091271 0.119973
v -0.015326 1.124277 0.124148
v -0.030119 1.123811 0.125303
v -0.008687 1.128898 0.125258
v -0.028099 0.985235 0.105735
v -0.063636 0.963533 0.106601
v 0.000509 0.962090 0.090875
v -0.015015 0.940302 0.077838
v 0.002642 0.926308 0.009716
v -0.006486 0.919689 0.016380
v -0.025811 0.907318 0.069354
v -0.065590 0.921332 0.098361
v -0.075077 0.839373 0.095252
v -0.012928 0.900498 0.014046
v -0.040447 0.850945 0.064777
v -0.054640 0.794394 0.059470
v -0.040380 0.796415 0.014379
v -0.027699 0.847123 0.013202
v -0.056397 0.731026 0.006072
v -0.125494 0.925264 0.109335
v -0.103884 0.839418 0.098361
v -0.125761 0.855675 0.105979
v -0.154615 0.879263 0.100026
v -0.194862 0.891947 0.060469
v -0.165276 0.814274 0.091808
v -0.196794 0.820781 0.054560
v -0.207144 0.827866 -0.016182
v -0.207078 0.740510 -0.019493
v -0.197571 0.702616 -0.075908
v -0.209231 0.696443 -0.023801
v -0.216917 0.683626 -0.023268
v -0.195617 0.681383 -0.069025
v -0.198215 0.665568 -0.067357
v -0.214808 0.700262 0.024063
v -0.203724 0.676651 0.044654
v -0.217739 0.667833 -0.026110
v -0.200371 0.661482 0.037924
v -0.204723 0.636139 0.035770
v -0.206256 0.642357 -0.028333
v -0.200280 0.655529 -0.071845
v -0.202015 0.624011 -0.072444
v -0.160901 0.604110 -0.104629
v -0.204613 0.600977 -0.074732
v -0.211943 0.573768 -0.086616
v -0.167652 0.571059 -0.115423
v -0.174493 0.528525 -0.124396
v -0.116301 0.560132 -0.109781
v -0.216650 0.605975 -0.035374
v -0.213164 0.633650 -0.030465
v -0.214674 0.592781 -0.034551
v -0.221294 0.569305 -0.036951
v -0.222227 0.533143 -0.042081
v -0.220871 0.608263 -0.009365
v -0.220716 0.623011 -0.008919
v -0.214164 0.621435 0.019000
v -0.199170 0.609950 0.046209
v -0.212096 0.608307 0.017002
v -0.207033 0.597180 0.012003
v -0.193483 0.585453 0.057558
v -0.160657 0.602978 0.065021
v -0.224247 0.566860 0.000809
v -0.207344 0.567882 0.033283
v -0.203147 0.554934 0.015356
v -0.165098 0.583164 0.058759
v -0.134248 0.580610 0.054827
v -0.111258 0.601778 0.060380
v -0.154681 0.667478 0.066243
v -0.099019 0.576011 0.016313
v -0.127273 0.562419 0.049740
v -0.169563 0.561220 0.053183
v -0.155081 0.546871 0.047408
v -0.170940 0.534544 0.032703
v -0.126629 0.529280 0.021976
v -0.106238 0.527525 -0.028289
v -0.089890 0.554245 -0.020870
v -0.073231 0.581365 -0.015982
v -0.083603 0.601243 0.028973
v -0.075032 0.599534 -0.009208
v -0.064525 0.612595 -0.008475
v -0.076587 0.659215 0.037835
v -0.064924 0.662126 -0.002901
v -0.069789 0.726805 0.046831
v -0.102019 0.726427 0.076151
v -0.107459 0.660816 0.060625
v -0.148372 0.726560 0.080459
v -0.206878 0.716943 0.055049
v -0.178093 0.636028 0.065155
v -0.182912 0.732269 0.072818
v -0.192239 0.734645 0.051673
v -0.211163 0.717210 0.015667
v -0.124429 0.805945 0.096229
v -0.089734 0.795748 0.088632
v -0.009441 1.166545 0.130701
v -0.008819 1.131252 0.129368
v 0.014613 1.166545 0.130701
v 0.013371 1.130563 0.129346
v -0.009308 1.168146 0.127614
v -0.017038 1.171544 0.131678
v -0.016083 1.172676 0.124681
v 0.014480 1.168146 0.127614
v -0.008687 1.128898 0.125258
v 0.013859 1.128898 0.125258
v -0.015326 1.124277 0.124148
v 0.022210 1.171544 0.131678
v 0.021255 1.172676 0.124681
v 0.021011 1.125365 0.128569
v -0.015837 1.125365 0.128591
v -0.027854 1.124588 0.128525
v -0.030119 1.123811 0.125303
v 0.020501 1.124277 0.124148
v 0.033027 1.124588 0.128525
v 0.033382 1.124588 0.122927
v -0.028542 1.132984 0.132166
v -0.027166 1.172610 0.127259
v -0.016039 1.132651 0.129124
v -0.016882 1.165435 0.131300
v -0.027765 1.165102 0.132810
v -0.026167 1.170988 0.132233
v -0.028432 1.167012 0.127792
v 0.033693 1.132984 0.132211
v 0.021189 1.132540 0.129124
v 0.022032 1.165102 0.131278
v 0.031316 1.170988 0.132166
v 0.032338 1.172610 0.127259
v 0.033582 1.167012 0.127770
v 0.032915 1.165102 0.132810
v -0.086271 1.197931 -0.089192
v -0.089357 1.167012 -0.102229
v -0.138134 1.194089 -0.048589
v -0.143599 1.160705 -0.053232
v -0.164343 1.187247 0.002919
v -0.168742 1.154485 0.001431
v -0.160124 1.179407 0.060380
v -0.161456 1.146667 0.059425
v -0.112791 1.172698 0.099249
v -0.113035 1.140691 0.100537
v -0.059906 1.168322 0.121039
v -0.063148 1.135029 0.120195
v -0.027765 1.165102 0.132810
v -0.028542 1.132984 0.132166
v -0.016039 1.132651 0.129124
v -0.016882 1.165435 0.131300
v -0.028432 1.167012 0.127792
v -0.029342 1.168433 -0.116400
v -0.028209 1.201306 -0.097121
v -0.086181 1.207526 -0.088748
v -0.086271 1.197931 -0.089192
v -0.138711 1.204750 -0.048012
v -0.138134 1.194089 -0.048589
v -0.163188 1.198219 0.004296
v -0.164343 1.187247 0.002919
v -0.159611 1.189512 0.061424
v -0.160124 1.179407 0.060380
v -0.111680 1.181738 0.101050
v -0.112791 1.172698 0.099249
v -0.059906 1.168322 0.121039
v -0.058749 1.175141 0.118641
v -0.027166 1.172610 0.127259
v -0.028432 1.167012 0.127792
v -0.029142 1.206349 -0.094745
v -0.028209 1.201306 -0.097121
v 0.002532 1.207037 -0.095900
v 0.002532 1.201928 -0.098720
v -0.009308 1.168146 0.127614
v 0.014480 1.168146 0.127614
v 0.021255 1.172676 0.124681
v -0.016083 1.172676 0.124681
v -0.004687 1.091271 0.119973
v 0.013859 1.128898 0.125258
v -0.008687 1.128898 0.125258
v 0.020501 1.124277 0.124148
v 0.064523 1.091293 0.114597
v 0.033382 1.124588 0.122927
v -0.005309 1.052780 0.113398
v 0.065656 1.055666 0.115042
v 0.122117 1.099267 0.098538
v 0.115565 1.138826 0.102449
v 0.169493 1.146667 0.059026
v 0.123361 1.050359 0.097695
v 0.179957 1.081054 0.060491
v 0.174891 1.110818 0.059181
v 0.175113 1.154286 0.004873
v -0.004821 1.008180 0.104092
v 0.065633 1.007734 0.108444
v 0.067565 0.964022 0.103959
v 0.000509 0.962090 0.090875
v 0.020812 0.939101 0.083101
v 0.002642 0.926308 0.009716
v 0.186864 1.048292 0.059226
v 0.190662 1.074546 0.001387
v 0.181600 1.123078 0.005428
v 0.143062 1.161038 -0.052077
v 0.172915 1.127743 -0.027822
v 0.151102 1.129120 -0.064604
v 0.158676 1.095448 -0.068045
v 0.167272 1.057621 -0.070401
v 0.114432 1.097402 -0.125618
v 0.120962 1.061864 -0.130949
v 0.174136 1.019884 -0.070179
v 0.120674 1.014953 -0.133259
v 0.060102 1.060731 -0.150739
v 0.060279 1.009557 -0.146742
v 0.002532 1.003559 -0.138368
v 0.002532 1.058577 -0.148918
v 0.059080 1.098135 -0.141877
v 0.107769 1.133050 -0.115778
v 0.059391 1.134094 -0.121709
v 0.002532 1.099334 -0.141943
v 0.003242 1.134829 -0.121732
v 0.032449 1.162104 -0.110180
v 0.101859 1.169590 -0.103585
v 0.176845 0.977638 -0.067735
v 0.121385 0.982881 -0.134635
v 0.061212 0.982013 -0.134658
v 0.002532 0.966511 -0.099031
v 0.038247 0.953339 -0.096477
v 0.002532 0.941901 -0.067535
v 0.061192 0.958581 -0.121443
v 0.124049 0.969464 -0.127305
v 0.123716 0.944699 -0.122131
v 0.162276 0.958981 -0.087193
v 0.068653 0.935681 -0.104984
v 0.152901 0.942278 -0.110558
v 0.147927 0.913802 -0.112670
v 0.169739 0.918290 -0.093366
v 0.183331 0.942789 -0.067290
v 0.211428 0.934149 -0.004833
v 0.034803 0.934016 -0.090235
v 0.017101 0.928418 -0.052721
v 0.067032 0.914890 -0.097499
v 0.026587 0.905473 -0.057762
v 0.074184 0.870779 -0.088614
v 0.143128 0.883596 -0.095722
v 0.181933 0.891769 -0.067934
v 0.212629 0.892480 -0.004766
v 0.142795 0.818560 -0.098920
v 0.190883 0.823758 -0.065558
v 0.107879 0.876443 -0.104318
v 0.082070 0.809831 -0.090346
v 0.039802 0.865161 -0.061117
v 0.058347 0.800680 -0.063382
v 0.095153 0.742797 -0.087837
v 0.061148 0.735578 -0.054920
v 0.016703 0.897767 -0.003301
v 0.011949 0.922731 -0.028822
v 0.009906 0.916247 0.000943
v 0.002532 0.930127 -0.028444
v 0.150924 0.741465 -0.098698
v 0.029585 0.856498 -0.005144
v 0.044111 0.795773 -0.010275
v 0.109189 0.700929 -0.107938
v 0.194836 0.746108 -0.067313
v 0.215049 0.826334 -0.008364
v 0.188685 0.701928 -0.098565
v 0.208563 0.698774 -0.072311
v 0.213540 0.690290 -0.074243
v 0.208320 0.673187 -0.076375
v 0.219691 0.685869 -0.014628
v 0.224179 0.700218 -0.014850
v 0.216004 0.715056 -0.012363
v 0.225355 0.713790 0.015601
v 0.222400 0.694909 0.017757
v 0.213739 0.676029 0.041679
v 0.215761 0.688336 0.040011
v 0.208808 0.722297 0.039145
v 0.186551 0.715899 0.065066
v 0.195036 0.735334 0.060447
v 0.209518 0.738001 0.033416
v 0.186907 0.814474 0.076395
v 0.138975 0.800525 0.094230
v 0.150992 0.868358 0.096096
v 0.207187 0.819093 0.041033
v 0.199080 0.886926 0.061002
v 0.143128 0.730870 0.082257
v 0.094729 0.795238 0.085390
v 0.105370 0.726538 0.071730
v 0.145060 0.705505 0.081214
v 0.172470 0.693843 0.063889
v 0.213562 0.739599 0.012314
v 0.211739 0.741887 -0.011652
v 0.119186 0.657950 0.060780
v 0.157322 0.664480 0.069087
v 0.190329 0.649909 0.066866
v 0.163475 0.608152 0.071241
v 0.075428 0.726360 0.040855
v 0.113988 0.598379 0.056825
v 0.135687 0.583364 0.059137
v 0.164030 0.585675 0.061024
v 0.083579 0.657639 0.023664
v 0.060590 0.731381 -0.011652
v 0.060837 0.794727 0.051118
v 0.044111 0.795773 -0.010275
v 0.048108 0.857098 0.061224
v 0.029585 0.856498 -0.005144
v 0.016703 0.897767 -0.003301
v 0.035558 0.907073 0.075862
v 0.009906 0.916247 0.000943
v 0.078648 0.863871 0.093964
v 0.083935 0.838749 0.091741
v 0.071253 0.668877 -0.025244
v 0.071986 0.632784 -0.025178
v 0.084401 0.611551 0.027174
v 0.082958 0.605154 -0.028022
v 0.078517 0.592448 -0.023979
v 0.092131 0.591426 0.025375
v 0.101904 0.584296 0.014757
v 0.129736 0.556777 0.054716
v 0.097196 0.566505 0.013935
v 0.081360 0.577523 -0.028200
v 0.095264 0.570726 -0.035752
v 0.106769 0.553690 -0.038950
v 0.112967 0.551336 0.005117
v 0.164208 0.568239 0.055315
v 0.106724 0.524925 -0.035596
v 0.120341 0.537476 0.017779
v 0.170781 0.534833 0.037080
v 0.200123 0.569194 0.032104
v 0.197725 0.592761 0.050608
v 0.226843 0.590982 0.020111
v 0.208675 0.617147 0.029883
v 0.209630 0.643911 0.034882
v 0.218758 0.632851 -0.017359
v 0.230931 0.595692 -0.021536
v 0.205166 0.630453 -0.080685
v 0.209674 0.648022 -0.085104
v 0.218247 0.661059 -0.015849
v 0.222424 0.671344 -0.014672
v 0.212805 0.664169 -0.079686
v 0.158277 0.682493 -0.102229
v 0.156611 0.705127 -0.110314
v 0.112700 0.673631 -0.104984
v 0.158810 0.662415 -0.107249
v 0.113988 0.652485 -0.096722
v 0.087712 0.671166 -0.087127
v 0.075939 0.688957 -0.059960
v 0.069233 0.662948 -0.048434
v 0.099372 0.650664 -0.090635
v 0.113900 0.637805 -0.098631
v 0.060590 0.731381 -0.011652
v 0.064456 0.683470 -0.038972
v 0.071253 0.668877 -0.025244
v 0.071986 0.632784 -0.025178
v 0.086355 0.623278 -0.059849
v 0.071520 0.644602 -0.062738
v 0.082958 0.605154 -0.028022
v 0.091287 0.606331 -0.066225
v 0.109034 0.623367 -0.101052
v 0.078517 0.592448 -0.023979
v 0.093152 0.594315 -0.066669
v 0.118807 0.610685 -0.095189
v 0.163675 0.649265 -0.112381
v 0.165407 0.634139 -0.107827
v 0.117941 0.594670 -0.103297
v 0.170694 0.605487 -0.121976
v 0.174669 0.574013 -0.121243
v 0.123605 0.568705 -0.109137
v 0.093108 0.582120 -0.068401
v 0.098995 0.571859 -0.066291
v 0.107258 0.558020 -0.072244
v 0.095264 0.570726 -0.035752
v 0.081360 0.577523 -0.028200
v 0.109079 0.525105 -0.076999
v 0.128404 0.525549 -0.113980
v 0.109456 0.486501 -0.087260
v 0.133311 0.450519 -0.127616
v 0.182888 0.534076 -0.130749
v 0.114498 0.483814 -0.042125
v 0.106724 0.524925 -0.035596
v 0.106769 0.553690 -0.038950
v 0.225999 0.532277 -0.094856
v 0.220337 0.574590 -0.087349
v 0.237750 0.567149 -0.026845
v 0.225755 0.568550 0.001898
v 0.206143 0.536943 0.009960
v 0.229774 0.533055 -0.029421
v 0.193637 0.455715 -0.134147
v 0.147971 0.377287 -0.122731
v 0.197392 0.377998 -0.129928
v 0.235305 0.454627 -0.102073
v 0.235239 0.379419 -0.095700
v 0.232663 0.490431 -0.037328
v 0.239193 0.438435 -0.047168
v 0.211450 0.460425 -0.003345
v 0.180443 0.456692 0.019711
v 0.185197 0.374467 0.006672
v 0.219625 0.380707 -0.016182
v 0.228043 0.330354 -0.097565
v 0.205008 0.323114 -0.120599
v 0.205122 0.282001 -0.114935
v 0.166806 0.277424 -0.112292
v 0.169315 0.249505 -0.110047
v 0.161632 0.248173 -0.082217
v 0.167184 0.227271 -0.112514
v 0.153412 0.226294 -0.080574
v 0.164563 0.207393 -0.087815
v 0.155967 0.207881 -0.058628
v 0.149969 0.229960 -0.056940
v 0.150924 0.249572 -0.059050
v 0.204342 0.255481 -0.110804
v 0.227354 0.287976 -0.089591
v 0.226976 0.261587 -0.088126
v 0.233751 0.263166 -0.061250
v 0.233174 0.290908 -0.059405
v 0.227088 0.260610 -0.033618
v 0.224090 0.290619 -0.032064
v 0.196149 0.285576 -0.007986
v 0.202611 0.256236 -0.008941
v 0.165474 0.277491 -0.021336
v 0.190662 0.321180 -0.003878
v 0.158654 0.317605 -0.016560
v 0.151813 0.275359 -0.058606
v 0.144372 0.315829 -0.054964
v 0.163118 0.247440 -0.034708
v 0.170536 0.250927 -0.022535
v 0.203832 0.232780 -0.008897
v 0.173182 0.227604 -0.020315
v 0.208475 0.210146 -0.009565
v 0.221712 0.328755 -0.024600
v 0.232841 0.217854 -0.031797
v 0.228198 0.240044 -0.034084
v 0.237615 0.381484 -0.052455
v 0.236660 0.330331 -0.057007
v 0.207253 0.203527 -0.013540
v 0.227909 0.207037 -0.036951
v 0.225977 0.198153 -0.036796
v 0.205699 0.197997 -0.014472
v 0.179933 0.196554 -0.014095
v 0.204964 0.148754 -0.004189
v 0.179221 0.147866 -0.010187
v 0.162298 0.192577 -0.030709
v 0.166895 0.147067 -0.029998
v 0.176579 0.209436 -0.016315
v 0.155812 0.192733 -0.056119
v 0.160054 0.146556 -0.059583
v 0.164452 0.209702 -0.032996
v 0.155967 0.207881 -0.058628
v 0.149969 0.229960 -0.056940
v 0.158654 0.225694 -0.028644
v 0.229932 0.148355 -0.035663
v 0.229599 0.197442 -0.067113
v 0.235106 0.147444 -0.074909
v 0.223446 0.196510 -0.090369
v 0.232752 0.206460 -0.065048
v 0.224289 0.213590 -0.086483
v 0.234040 0.218786 -0.062894
v 0.238928 0.221720 -0.047590
v 0.237304 0.242486 -0.061806
v 0.228908 0.238112 -0.089392
v 0.210695 0.201750 -0.110092
v 0.201678 0.194376 -0.107427
v 0.210495 0.146512 -0.097810
v 0.177977 0.205549 -0.111182
v 0.171758 0.193110 -0.101518
v 0.190595 0.146134 -0.109315
v 0.162654 0.194886 -0.092079
v 0.155812 0.192733 -0.056119
v 0.207165 0.227937 -0.108382
v 0.214162 0.212813 -0.107627
v 0.167583 0.147044 -0.075575
v 0.160054 0.146556 -0.059583
v 0.172626 0.147644 -0.094212
v -0.132580 0.447141 -0.127305
v -0.190108 0.454849 -0.133880
v -0.150817 0.373934 -0.124308
v -0.194507 0.377509 -0.127128
v -0.157791 0.318049 -0.115490
v -0.192550 0.319959 -0.120022
v -0.163077 0.274871 -0.111493
v -0.140199 0.293084 -0.085950
v -0.140488 0.274982 -0.083749
v -0.165786 0.243863 -0.109203
v -0.193750 0.277602 -0.115623
v -0.194596 0.245841 -0.110003
v -0.220050 0.281401 -0.089791
v -0.224735 0.325069 -0.096633
v -0.230045 0.285132 -0.063316
v -0.228890 0.327289 -0.063760
v -0.229690 0.378309 -0.098320
v -0.198348 0.224717 -0.114069
v -0.218052 0.247596 -0.089503
v -0.225824 0.249994 -0.062494
v -0.231666 0.234912 -0.075975
v -0.227380 0.253924 -0.031375
v -0.219428 0.234157 -0.032286
v -0.217518 0.283045 -0.027445
v -0.216983 0.321935 -0.019071
v -0.185245 0.319804 0.000565
v -0.180868 0.373934 0.010116
v -0.217496 0.376599 -0.013096
v -0.186644 0.282489 -0.004367
v -0.164365 0.284421 -0.012008
v -0.168364 0.253947 -0.012429
v -0.188176 0.254413 -0.006942
v -0.204324 0.253880 -0.011963
v -0.150527 0.268651 -0.034952
v -0.148328 0.285954 -0.032819
v -0.144109 0.289042 -0.058384
v -0.156146 0.319737 -0.012141
v -0.187354 0.239355 -0.002035
v -0.204057 0.235867 -0.014606
v -0.205034 0.225517 -0.014184
v -0.225024 0.211834 -0.028910
v -0.170430 0.226005 -0.009365
v -0.184488 0.218387 -0.003922
v -0.177182 0.215811 -0.015094
v -0.154082 0.227915 -0.031353
v -0.161611 0.208681 -0.031553
v -0.176425 0.207348 -0.012296
v -0.161123 0.193732 -0.031242
v -0.179048 0.195375 -0.013540
v -0.174182 0.147866 -0.010187
v -0.199903 0.148754 -0.004189
v -0.201349 0.197842 -0.013784
v -0.198904 0.206216 -0.003967
v -0.161834 0.147067 -0.029998
v -0.154681 0.192222 -0.064470
v -0.156635 0.146267 -0.063049
v -0.147773 0.210679 -0.063071
v -0.224869 0.148355 -0.035663
v -0.220361 0.197620 -0.034062
v -0.210677 0.214212 -0.007764
v -0.228645 0.204928 -0.061695
v -0.223180 0.195153 -0.061317
v -0.216095 0.194553 -0.095500
v -0.230045 0.147444 -0.074909
v -0.205456 0.146512 -0.097810
v -0.189886 0.192155 -0.106672
v -0.185534 0.146134 -0.109315
v -0.167498 0.213634 -0.113114
v -0.169008 0.191800 -0.100497
v -0.167587 0.147644 -0.094212
v -0.162566 0.145157 -0.075575
v -0.156258 0.195666 -0.098365
v -0.154681 0.192222 -0.064470
v -0.153482 0.209480 -0.089902
v -0.154703 0.227649 -0.104496
v -0.147773 0.210679 -0.063071
v -0.139155 0.250083 -0.085705
v -0.156635 0.146267 -0.063049
v -0.149039 0.228070 -0.087371
v -0.151504 0.228581 -0.062294
v -0.146330 0.252636 -0.060096
v -0.139244 0.276359 -0.059516
v -0.144109 0.289042 -0.058384
v -0.140243 0.316051 -0.054942
v -0.139288 0.316895 -0.089503
v -0.124296 0.369069 -0.089014
v -0.117032 0.406206 -0.040260
v -0.111658 0.452606 -0.037817
v -0.129249 0.366093 -0.044703
v -0.146330 0.252636 -0.060096
v -0.156124 0.253458 -0.039327
v -0.153460 0.240932 -0.035796
v -0.139244 0.276359 -0.059516
v -0.172228 0.240332 -0.015494
v -0.144953 0.229694 -0.047812
v -0.151504 0.228581 -0.062294
v -0.140243 0.316051 -0.054942
v -0.129249 0.366093 -0.044703
v -0.147285 0.369002 -0.006254
v -0.175648 0.452073 0.022065
v -0.135711 0.450008 0.003230
v -0.111658 0.452606 -0.037817
v -0.117032 0.406206 -0.040260
v -0.205568 0.535566 0.010094
v -0.214096 0.453428 -0.003012
v -0.236109 0.434038 -0.055519
v -0.229112 0.502848 -0.046968
v -0.233398 0.376421 -0.062472
v -0.233287 0.459359 -0.098720
v -0.222981 0.528391 -0.091146
v -0.209853 0.476661 0.002519
v -0.231421 0.224851 -0.061695
v -0.220538 0.225095 -0.101118
v -0.228135 0.234756 -0.060429
v -0.040380 0.796415 0.014379
v 0.169493 1.146667 0.059026
v 0.163475 1.180362 0.057380
v 0.113611 1.172476 0.101871
v 0.115565 1.138826 0.102449
v 0.175113 1.154286 0.004873
v 0.168827 1.187936 0.007005
v 0.143062 1.161038 -0.052077
v 0.138110 1.194422 -0.047212
v 0.096930 1.199085 -0.087149
v 0.101859 1.169590 -0.103585
v 0.034603 1.168433 -0.116356
v 0.033271 1.201306 -0.097121
v 0.065012 1.168322 0.121084
v 0.068256 1.135029 0.124592
v 0.032915 1.165102 0.132810
v 0.033693 1.132984 0.132211
v 0.022032 1.165102 0.131278
v 0.021189 1.132540 0.129124
v 0.033582 1.167012 0.127770
v 0.135110 1.204772 -0.044903
v 0.138110 1.194422 -0.047212
v 0.095242 1.206549 -0.083039
v 0.096930 1.199085 -0.087149
v 0.168827 1.187936 0.007005
v 0.168271 1.198641 0.008095
v 0.162298 1.191489 0.059448
v 0.163475 1.180362 0.057380
v 0.112187 1.181716 0.100961
v 0.113611 1.172476 0.101871
v 0.033271 1.201306 -0.097121
v 0.034181 1.206349 -0.094745
v 0.002532 1.207037 -0.095900
v 0.002532 1.201928 -0.098720
v 0.065012 1.168322 0.121084
v 0.063035 1.175141 0.115552
v 0.032338 1.172610 0.127259
v 0.033582 1.167012 0.127770
v 0.034603 1.168433 -0.116356
v 0.004464 1.162792 -0.113536
v 0.103905 0.840661 0.094786
v 0.124871 0.857364 0.098916
v 0.071742 0.914757 0.100961
v 0.126605 0.919933 0.101716
v 0.197925 0.927418 0.064089
v 0.194237 0.996384 0.059847
v 0.204767 1.001871 -0.003367
v 0.126136 0.993098 0.098605
v 0.120918 0.979637 -0.127974
v 0.150924 0.249572 -0.059050
v 0.155434 0.248773 -0.047146
v 0.151813 0.275359 -0.058606
v 0.149659 0.275470 -0.068914
v 0.153367 0.275248 -0.084060
v 0.146173 0.320248 -0.085683
v 0.162429 0.323248 -0.115823
v 0.129425 0.370357 -0.087104
v 0.144372 0.315829 -0.054964
v 0.131979 0.368891 -0.051722
v 0.115254 0.438190 -0.088637
v 0.124138 0.402630 -0.048256
v 0.117985 0.440033 -0.046479
v 0.002642 0.926308 0.009716
v -0.029142 1.206349 -0.094745
v 0.002532 1.191733 0.023108
v 0.002532 1.207037 -0.095900
v -0.086181 1.207526 -0.088748
v -0.138711 1.204750 -0.048012
v 0.034181 1.206349 -0.094745
v 0.095242 1.206549 -0.083039
v 0.135110 1.204772 -0.044903
v 0.168271 1.198641 0.008095
v 0.162298 1.191489 0.059448
v 0.112187 1.181716 0.100961
v 0.063035 1.175141 0.115552
v -0.163188 1.198219 0.004296
v -0.159611 1.189512 0.061424
v -0.111680 1.181738 0.101050
v -0.058749 1.175141 0.118641
v -0.027166 1.172610 0.127259
v -0.016083 1.172676 0.124681
v 0.021255 1.172676 0.124681
v 0.032338 1.172610 0.127259
v 0.212672 0.598845 -0.079641
v 0.004464 1.162792 -0.113536
v 0.129003 0.903985 -0.128018
v 0.104459 0.903541 -0.132703
v 0.106102 0.860518 -0.131549
v 0.130758 0.859851 -0.128262
v 0.127935 0.944521 -0.124885
v 0.102881 0.944321 -0.130772
v 0.098684 0.980747 -0.129994
v 0.123494 0.981524 -0.127572
v 0.106080 0.860162 -0.129128
v 0.130669 0.860229 -0.125684
v 0.106036 0.881308 -0.127439
v 0.130580 0.881730 -0.123841
v -0.099396 0.903541 -0.132703
v -0.123940 0.903985 -0.128018
v -0.101042 0.859940 -0.130838
v -0.125716 0.860806 -0.127550
v -0.122896 0.944521 -0.124885
v -0.097842 0.944321 -0.130772
v -0.093600 0.982548 -0.130017
v -0.118410 0.983325 -0.127594
v -0.101108 0.859585 -0.128351
v -0.125541 0.860229 -0.123863
v -0.100997 0.875666 -0.128396
v -0.125516 0.876088 -0.124618
v 0.145529 0.864583 -0.122154
v 0.119453 0.827933 -0.125640
v 0.119786 0.818094 -0.127685
v 0.137377 0.860295 -0.121598
v 0.092997 0.867048 -0.132104
v 0.103016 0.861805 -0.128618
v -0.114723 0.818094 -0.129817
v -0.114389 0.827933 -0.128351
v -0.140488 0.864583 -0.124263
v -0.132313 0.860295 -0.124308
v -0.087958 0.867048 -0.132304
v -0.097975 0.861805 -0.129572
v -0.063148 1.135029 0.120195
v -0.028542 1.132984 0.132166
v 0.032271 1.168522 -0.120311
v 0.032449 1.162104 -0.110180
v 0.004464 1.162792 -0.113536
v 0.034603 1.168433 -0.116356
v 0.032005 1.201550 -0.104251
v -0.027011 1.201550 -0.104251
v 0.002532 1.201928 -0.098720
v 0.033271 1.201306 -0.097121
v -0.028209 1.201306 -0.097121
v -0.029342 1.168433 -0.116400
v -0.027144 1.168522 -0.120311
v -0.027388 1.162104 -0.110180
v 0.068256 1.135029 0.124592
v 0.033693 1.132984 0.132211
v 0.150236 0.372533 -0.008808
v 0.131979 0.368891 -0.051722
v 0.140309 0.449007 0.003763
v 0.124138 0.402630 -0.048256
v 0.129092 0.484014 0.008939
v 0.117985 0.440033 -0.046479
v 0.114498 0.483814 -0.042125
v -0.247591 0.658016 0.023441
v -0.243770 0.647688 -0.009365
v -0.238818 0.634874 0.018068
v -0.257008 0.669234 -0.002324
v -0.241483 0.670345 -0.040149
v -0.255921 0.690778 -0.032108
v -0.232421 0.636139 0.020133
v -0.241194 0.659282 0.025531
v -0.229778 0.696265 -0.067024
v -0.243506 0.715766 -0.058450
v -0.208632 0.728961 -0.093811
v -0.221559 0.749394 -0.085506
v -0.182245 0.762811 -0.113958
v -0.194818 0.784332 -0.106250
v -0.151106 0.800014 -0.128085
v -0.163521 0.822004 -0.122420
v -0.116301 0.832243 -0.131682
v -0.129227 0.855075 -0.128418
v -0.115411 0.832443 -0.128418
v -0.128339 0.855253 -0.125129
v -0.139377 0.844725 -0.123708
v -0.126473 0.821893 -0.126972
v -0.116166 0.806167 0.107201
v -0.103817 0.839262 0.101294
v -0.121497 0.855675 0.107489
v -0.137445 0.814052 0.112888
v -0.153349 0.772406 0.119263
v -0.134490 0.761077 0.115019
v -0.171362 0.734334 0.118441
v -0.154059 0.721209 0.114464
v -0.190285 0.700396 0.108711
v -0.174715 0.685158 0.105291
v -0.209920 0.672321 0.089343
v -0.197083 0.653642 0.086612
v -0.229822 0.654841 0.061424
v -0.220716 0.632562 0.057070
v -0.219515 0.634072 0.050297
v -0.227578 0.656440 0.054094
v -0.238441 0.635096 0.017735
v -0.243081 0.647711 -0.009454
v -0.247302 0.658238 0.023020
v -0.256320 0.669212 -0.002412
v -0.232266 0.636339 0.019555
v -0.241039 0.659482 0.024931
v -0.240617 0.670322 -0.039927
v -0.255076 0.690423 -0.032064
v -0.228890 0.696265 -0.066336
v -0.242662 0.715033 -0.058228
v -0.208388 0.728983 -0.093500
v -0.221316 0.749416 -0.085193
v -0.181579 0.764121 -0.113114
v -0.194529 0.784421 -0.105828
v -0.150948 0.799148 -0.126439
v -0.163011 0.821802 -0.120799
v -0.116521 0.832043 -0.131260
v -0.129449 0.854853 -0.127996
v -0.115788 0.832176 -0.128795
v -0.128694 0.854986 -0.125507
v -0.139910 0.844392 -0.124707
v -0.126984 0.821580 -0.127974
v -0.116279 0.806167 0.106579
v -0.137557 0.814052 0.112244
v -0.121497 0.855675 0.107489
v -0.153371 0.772517 0.118263
v -0.134468 0.761165 0.113953
v -0.171206 0.734512 0.117240
v -0.153881 0.721364 0.113243
v -0.103817 0.839262 0.101294
v -0.189974 0.700573 0.107578
v -0.174404 0.685336 0.104159
v -0.209587 0.672321 0.088677
v -0.196772 0.653686 0.085968
v -0.229312 0.655063 0.061380
v -0.220271 0.632806 0.056914
v -0.218937 0.634272 0.050474
v -0.226978 0.656617 0.054294
v -0.242371 0.667722 0.015823
v -0.220494 0.663636 0.062490
v -0.209809 0.630608 0.055870
v -0.231066 0.633406 0.008672
v -0.217228 0.629453 0.057891
v -0.227578 0.660637 0.063711
v -0.247814 0.664214 0.018156
v -0.236864 0.631851 0.011870
v -0.231066 0.633406 0.008672
v -0.209809 0.630608 0.055870
v -0.242371 0.667722 0.015823
v -0.220494 0.663636 0.062490
v 0.243879 0.634874 0.018068
v 0.248833 0.647688 -0.009365
v 0.252653 0.658016 0.023441
v 0.262070 0.669234 -0.002324
v 0.246522 0.670345 -0.040149
v 0.260960 0.690778 -0.032108
v 0.237482 0.636139 0.020133
v 0.246255 0.659282 0.025531
v 0.234817 0.696265 -0.067024
v 0.248544 0.715766 -0.058450
v 0.213693 0.728961 -0.093811
v 0.226621 0.749394 -0.085506
v 0.187306 0.762811 -0.113958
v 0.199879 0.784332 -0.106250
v 0.156168 0.800014 -0.128085
v 0.168582 0.822004 -0.122420
v 0.121363 0.832243 -0.131682
v 0.134289 0.855075 -0.128418
v 0.120474 0.832443 -0.128418
v 0.133378 0.855253 -0.125129
v 0.144438 0.844725 -0.123708
v 0.131512 0.821893 -0.126972
v 0.124871 0.857364 0.100315
v 0.103436 0.840261 0.099338
v 0.121229 0.806167 0.102782
v 0.142506 0.814052 0.106179
v 0.158410 0.772406 0.114486
v 0.139553 0.761077 0.111711
v 0.176424 0.734334 0.116552
v 0.159121 0.721209 0.113332
v 0.195325 0.700396 0.108711
v 0.179778 0.685158 0.105291
v 0.214983 0.672321 0.089343
v 0.202144 0.653642 0.086612
v 0.234884 0.654841 0.061424
v 0.225778 0.632562 0.057070
v 0.224578 0.634072 0.050297
v 0.232619 0.656440 0.054094
v 0.252342 0.658238 0.023020
v 0.248143 0.647711 -0.009454
v 0.243502 0.635096 0.017735
v 0.261382 0.669212 -0.002412
v 0.237327 0.636339 0.019555
v 0.246102 0.659482 0.024931
v 0.245678 0.670322 -0.039927
v 0.260116 0.690423 -0.032064
v 0.233929 0.696265 -0.066336
v 0.247701 0.715033 -0.058228
v 0.213449 0.728983 -0.093500
v 0.226377 0.749416 -0.085193
v 0.186640 0.764121 -0.113114
v 0.199590 0.784421 -0.105828
v 0.156012 0.799148 -0.126439
v 0.168072 0.821802 -0.120799
v 0.121584 0.832043 -0.131260
v 0.134488 0.854853 -0.127996
v 0.120827 0.832176 -0.128795
v 0.133755 0.854986 -0.125507
v 0.144951 0.844392 -0.124707
v 0.132046 0.821580 -0.127974
v 0.124871 0.857364 0.100315
v 0.142618 0.814052 0.105535
v 0.121340 0.806167 0.102116
v 0.158433 0.772517 0.113443
v 0.139531 0.761165 0.110623
v 0.176268 0.734512 0.115308
v 0.158921 0.721364 0.112088
v 0.103436 0.840261 0.099338
v 0.195036 0.700573 0.107556
v 0.179445 0.685336 0.104159
v 0.214650 0.672321 0.088677
v 0.201833 0.653686 0.085968
v 0.234373 0.655063 0.061380
v 0.225311 0.632806 0.056914
v 0.223978 0.634272 0.050474
v 0.232041 0.656617 0.054294
v 0.214872 0.630608 0.055870
v 0.225533 0.663636 0.062490
v 0.247434 0.667722 0.015823
v 0.236128 0.633406 0.008672
v 0.252875 0.664214 0.018156
v 0.232641 0.660637 0.063711
v 0.222291 0.629453 0.057891
v 0.241925 0.631851 0.011870
v 0.236128 0.633406 0.008672
v 0.214872 0.630608 0.055870
v 0.247434 0.667722 0.015823
v 0.225533 0.663636 0.062490
v -0.171251 0.086252 0.008384
v -0.164010 0.107685 -0.016404
v -0.175359 0.127499 0.001387
v -0.184377 0.100711 0.034748
v -0.162766 0.083497 -0.041281
v -0.173694 0.067527 0.003785
v -0.169030 0.058775 -0.042236
v -0.183311 0.051534 -0.000212
v -0.159080 0.081565 -0.074376
v -0.160146 0.052269 -0.073133
v -0.163655 0.077146 -0.105428
v -0.163521 0.047582 -0.104451
v -0.189043 0.048692 -0.122242
v -0.187665 0.077457 -0.123930
v -0.166921 0.112217 -0.098032
v -0.186844 0.112906 -0.115801
v -0.185534 0.146134 -0.109315
v -0.167587 0.147644 -0.094212
v -0.161989 0.123878 -0.074865
v -0.162566 0.145157 -0.075575
v -0.153060 0.126720 -0.059450
v -0.156635 0.146267 -0.063049
v -0.162633 0.101221 -0.074909
v -0.161167 0.105331 -0.052344
v -0.161834 0.147067 -0.029998
v -0.161589 0.127564 -0.023135
v -0.174182 0.147866 -0.010187
v -0.199770 0.134383 0.005362
v -0.199903 0.148754 -0.004189
v -0.208455 0.110350 0.039500
v -0.231799 0.105198 0.022331
v -0.223425 0.126342 -0.014073
v -0.241416 0.078878 0.067288
v -0.215318 0.082853 0.079992
v -0.255588 0.068506 0.057869
v -0.248901 0.089117 0.008828
v -0.262762 0.067260 0.016891
v -0.271225 0.057909 0.049184
v -0.264272 0.048048 0.015245
v -0.273157 0.042472 0.047097
v -0.236930 0.107530 -0.038816
v -0.224869 0.148355 -0.035663
v -0.246570 0.082897 -0.029998
v -0.233153 0.084918 -0.077198
v -0.250789 0.066749 -0.034551
v -0.233020 0.124522 -0.041037
v -0.237486 0.120058 -0.072977
v -0.245149 0.056133 -0.033174
v -0.276490 0.040451 0.075349
v -0.273978 0.054001 0.076684
v -0.271936 0.043740 0.093076
v -0.233020 0.054712 -0.078331
v -0.236798 0.066150 -0.080063
v -0.217518 0.053890 -0.112781
v -0.216784 0.080344 -0.113491
v -0.187665 0.077457 -0.123930
v -0.189043 0.048692 -0.122242
v -0.212720 0.110885 -0.103208
v -0.230045 0.147444 -0.074909
v -0.186844 0.112906 -0.115801
v -0.205456 0.146512 -0.097810
v -0.185534 0.146134 -0.109315
v -0.231599 0.103400 -0.073199
v -0.271558 0.050890 0.093609
v -0.263273 0.055622 0.082746
v -0.266049 0.044384 0.095008
v -0.267003 0.044295 0.104336
v -0.265071 0.050535 0.106401
v -0.254322 0.063485 0.088477
v -0.240928 0.067926 0.099826
v -0.222670 0.070682 0.109446
v -0.211141 0.061176 0.112155
v -0.198859 0.078789 0.084102
v -0.178892 0.069971 0.069598
v -0.198082 0.065128 0.117797
v -0.214230 0.055489 0.133765
v -0.220205 0.055444 0.130590
v -0.217474 0.045916 0.133366
v -0.205967 0.058997 0.138786
v -0.182068 0.062219 0.094830
v -0.212320 0.056488 0.145427
v -0.212387 0.043229 0.144517
v -0.186822 0.056710 0.120506
v -0.177313 0.048159 0.095052
v -0.171362 0.049869 0.070308
v -0.174338 0.054845 0.042678
v -0.181090 0.037498 0.040677
v -0.177071 0.033543 0.073617
v -0.180601 0.036454 0.094608
v -0.187887 0.036099 0.118552
v -0.183668 0.044539 0.120617
v -0.192417 0.043962 0.140385
v -0.195906 0.054112 0.140873
v -0.196439 0.035788 0.137453
v -0.203502 0.040007 0.146227
v -0.202836 0.046005 0.148137
v -0.203680 0.055622 0.148070
v -0.223469 0.043873 0.140807
v -0.232110 0.050335 0.142961
v -0.234508 0.041428 0.141051
v -0.228934 0.060732 0.129169
v -0.242662 0.051492 0.139763
v -0.242149 0.040984 0.137698
v -0.244636 0.058886 0.117062
v -0.248835 0.048936 0.132522
v -0.252634 0.054667 0.111400
v -0.258963 0.041451 0.123859
v -0.254633 0.042361 0.128103
v -0.246925 0.040474 0.133676
v -0.262185 0.047426 0.118663
v -0.260739 0.040207 0.118397
v -0.260009 0.054490 0.109468
v 0.176312 0.086252 0.008384
v 0.189440 0.100711 0.034748
v 0.180422 0.127499 0.001387
v 0.169049 0.107685 -0.016404
v 0.167806 0.083497 -0.041281
v 0.178735 0.067527 0.003785
v 0.174091 0.058775 -0.042236
v 0.188375 0.051534 -0.000212
v 0.164141 0.081565 -0.074376
v 0.165185 0.052269 -0.073133
v 0.168694 0.077146 -0.105428
v 0.168560 0.047582 -0.104451
v 0.194103 0.048692 -0.122242
v 0.192704 0.077457 -0.123930
v 0.166229 0.105331 -0.052344
v 0.167672 0.101221 -0.074909
v 0.171960 0.112217 -0.098032
v 0.191883 0.112906 -0.115801
v 0.190595 0.146134 -0.109315
v 0.167050 0.123878 -0.074865
v 0.167583 0.147044 -0.075575
v 0.160054 0.146556 -0.059583
v 0.158122 0.126720 -0.059450
v 0.166628 0.127564 -0.023135
v 0.166895 0.147067 -0.029998
v 0.179221 0.147866 -0.010187
v 0.204833 0.134383 0.005362
v 0.204964 0.148754 -0.004189
v 0.213518 0.110350 0.039500
v 0.236860 0.105198 0.022331
v 0.228486 0.126342 -0.014073
v 0.229932 0.148355 -0.035663
v 0.203923 0.078789 0.084102
v 0.220359 0.082853 0.079992
v 0.183953 0.069971 0.069598
v 0.216204 0.061176 0.112155
v 0.227710 0.070682 0.109446
v 0.238084 0.124522 -0.041037
v 0.241992 0.107530 -0.038816
v 0.242547 0.120058 -0.072977
v 0.235106 0.147444 -0.074909
v 0.217781 0.110885 -0.103208
v 0.236660 0.103400 -0.073199
v 0.221847 0.080344 -0.113491
v 0.192704 0.077457 -0.123930
v 0.222580 0.053890 -0.112781
v 0.194103 0.048692 -0.122242
v 0.191883 0.112906 -0.115801
v 0.210495 0.146512 -0.097810
v 0.190595 0.146134 -0.109315
v 0.222269 0.055467 0.132166
v 0.233973 0.060732 0.129169
v 0.237171 0.050335 0.142961
v 0.228531 0.043873 0.140807
v 0.222536 0.045916 0.133366
v 0.217382 0.056488 0.145427
v 0.217426 0.043229 0.144517
v 0.207897 0.046005 0.148137
v 0.208719 0.055622 0.148070
v 0.208541 0.040007 0.146227
v 0.197481 0.043962 0.140385
v 0.201478 0.035788 0.137453
v 0.188708 0.044539 0.120617
v 0.192949 0.036099 0.118552
v 0.239572 0.041428 0.141051
v 0.257385 0.056688 0.113265
v 0.252675 0.065706 0.094164
v 0.260560 0.048181 0.125591
v 0.258895 0.040340 0.126036
v 0.191860 0.056710 0.120506
v 0.200967 0.054112 0.140873
v 0.182377 0.048159 0.095052
v 0.187131 0.062219 0.094830
v 0.203143 0.065128 0.117797
v 0.176424 0.049869 0.070308
v 0.179401 0.054845 0.042678
v 0.186130 0.037498 0.040677
v 0.182132 0.033543 0.073617
v 0.211030 0.058997 0.138786
v 0.185641 0.036454 0.094608
v 0.172626 0.147644 -0.094212
v 0.279040 0.054001 0.076684
v 0.274532 0.044006 0.098694
v 0.281551 0.040451 0.075349
v 0.273377 0.050713 0.100004
v 0.268334 0.055622 0.082746
v 0.276286 0.057909 0.049184
v 0.278218 0.042472 0.047097
v 0.246479 0.078878 0.067288
v 0.253963 0.089117 0.008828
v 0.251631 0.082897 -0.029998
v 0.238214 0.084918 -0.077198
v 0.241859 0.066150 -0.080063
v 0.238084 0.054712 -0.078331
v 0.255850 0.066749 -0.034551
v 0.250210 0.056133 -0.033174
v 0.254074 0.073569 -0.032619
vt 0.039785 0.862690
vt 0.039785 0.875173
vt 0.008098 0.922224
vt 0.018660 0.916462
vt 0.074353 0.922224
vt 0.061870 0.916462
vt 0.334572 0.859810
vt 0.334572 0.892457
vt 0.278879 0.859810
vt 0.278879 0.892457
vt 0.385463 0.892457
vt 0.385463 0.859810
vt 0.430593 0.859810
vt 0.430593 0.892457
vt 0.274078 0.859810
vt 0.274078 0.892457
vt 0.270237 0.892457
vt 0.270237 0.859810
vt 0.008098 0.922224
vt 0.018660 0.916462
vt 0.039785 0.875173
vt 0.039785 0.862690
vt 0.074353 0.922224
vt 0.061870 0.916462
vt 0.334572 0.892457
vt 0.334572 0.859810
vt 0.278879 0.859810
vt 0.278879 0.892457
vt 0.385463 0.892457
vt 0.385463 0.859810
vt 0.430593 0.859810
vt 0.430593 0.892457
vt 0.274078 0.859810
vt 0.274078 0.892457
vt 0.270237 0.859810
vt 0.270237 0.892457
vt 0.606313 0.302884
vt 0.561182 0.308646
vt 0.564063 0.249112
vt 0.564063 0.337452
vt 0.513172 0.310566
vt 0.513172 0.334572
vt 0.513172 0.351855
vt 0.565983 0.359537
vt 0.569824 0.376821
vt 0.603432 0.363378
vt 0.606313 0.383543
vt 0.611114 0.396025
vt 0.655284 0.399866
vt 0.613994 0.411389
vt 0.593830 0.409468
vt 0.613994 0.428673
vt 0.565023 0.393145
vt 0.566944 0.405627
vt 0.588068 0.426752
vt 0.612074 0.451718
vt 0.656244 0.455559
vt 0.565983 0.438275
vt 0.657204 0.427712
vt 0.597671 0.480524
vt 0.541978 0.386423
vt 0.538137 0.397946
vt 0.564063 0.419071
vt 0.513172 0.422911
vt 0.513172 0.484365
vt 0.558302 0.480524
vt 0.514132 0.377781
vt 0.510291 0.366259
vt 0.561182 0.534296
vt 0.594790 0.541018
vt 0.652403 0.493007
vt 0.648562 0.553501
vt 0.693692 0.500689
vt 0.697533 0.559262
vt 0.638000 0.606313
vt 0.693692 0.617835
vt 0.664886 0.637039
vt 0.689851 0.658164
vt 0.628398 0.644721
vt 0.590949 0.587108
vt 0.604392 0.619756
vt 0.588068 0.631278
vt 0.584228 0.650482
vt 0.629358 0.661045
vt 0.578466 0.672567
vt 0.630318 0.682170
vt 0.575586 0.693692
vt 0.539097 0.668727
vt 0.524694 0.684090
vt 0.524694 0.650482
vt 0.524694 0.710016
vt 0.552540 0.651443
vt 0.532376 0.639920
vt 0.519893 0.634159
vt 0.539097 0.634159
vt 0.522774 0.627437
vt 0.564063 0.638960
vt 0.651443 0.660085
vt 0.673528 0.671607
vt 0.688891 0.688891
vt 0.547739 0.615915
vt 0.534296 0.610153
vt 0.513172 0.610153
vt 0.514132 0.569824
vt 0.513172 0.631278
vt 0.514132 0.651443
vt 0.557342 0.571745
vt 0.566944 0.624557
vt 0.744584 0.651443
vt 0.744584 0.692732
vt 0.745544 0.619756
vt 0.808918 0.654323
vt 0.807958 0.714817
vt 0.746504 0.745544
vt 0.810839 0.783952
vt 0.749385 0.791634
vt 0.686971 0.787793
vt 0.686010 0.738822
vt 0.690812 0.817560
vt 0.627437 0.814680
vt 0.627437 0.847327
vt 0.579427 0.814680
vt 0.554461 0.834844
vt 0.556381 0.847327
vt 0.522774 0.812759
vt 0.524694 0.779151
vt 0.574625 0.782032
vt 0.628398 0.785873
vt 0.697533 0.847327
vt 0.524694 0.746504
vt 0.573665 0.751305
vt 0.574625 0.713857
vt 0.626477 0.718658
vt 0.627437 0.752266
vt 0.622636 0.695613
vt 0.627437 0.690812
vt 0.750345 0.816600
vt 0.804117 0.811799
vt 0.752266 0.848287
vt 0.808918 0.847327
vt 0.865571 0.807958
vt 0.867491 0.847327
vt 0.921264 0.803157
vt 0.924144 0.768589
vt 0.870372 0.761868
vt 0.876133 0.709056
vt 0.925104 0.721538
vt 0.971195 0.722499
vt 0.971195 0.766669
vt 0.971195 0.800276
vt 0.964473 0.828122
vt 0.953911 0.828122
vt 0.971195 0.831003
vt 0.949110 0.697533
vt 0.920303 0.682170
vt 0.971195 0.671607
vt 0.958712 0.650482
vt 0.988479 0.652403
vt 0.988479 0.629358
vt 0.953911 0.618795
vt 0.915502 0.650482
vt 0.914542 0.586148
vt 0.990399 0.611114
vt 0.951030 0.578466
vt 0.948150 0.535257
vt 0.989439 0.536217
vt 0.989439 0.568864
vt 0.989439 0.484365
vt 0.876133 0.652403
vt 0.895338 0.588068
vt 0.879974 0.601511
vt 0.853088 0.616875
vt 0.811799 0.619756
vt 0.850207 0.557342
vt 0.809878 0.561182
vt 0.747464 0.563103
vt 0.747464 0.493007
vt 0.700414 0.454598
vt 0.745544 0.455559
vt 0.747464 0.442116
vt 0.703294 0.436354
vt 0.705215 0.423871
vt 0.790674 0.459400
vt 0.816600 0.441155
vt 0.750345 0.427712
vt 0.813719 0.427712
vt 0.814680 0.409468
vt 0.752266 0.405627
vt 0.709056 0.410428
vt 0.710016 0.381622
vt 0.658164 0.365298
vt 0.711936 0.363378
vt 0.711936 0.339372
vt 0.659124 0.337452
vt 0.661045 0.303845
vt 0.607273 0.332651
vt 0.752266 0.370100
vt 0.750345 0.397946
vt 0.759947 0.357617
vt 0.762828 0.339372
vt 0.766669 0.310566
vt 0.777231 0.373940
vt 0.772430 0.390264
vt 0.799316 0.395065
vt 0.830043 0.388344
vt 0.802197 0.378741
vt 0.803157 0.366259
vt 0.847327 0.370100
vt 0.873253 0.385463
vt 0.800276 0.339372
vt 0.830043 0.349935
vt 0.829083 0.332651
vt 0.872293 0.368179
vt 0.899179 0.366259
vt 0.912621 0.385463
vt 0.868452 0.437315
vt 0.951990 0.352816
vt 0.904940 0.350895
vt 0.870372 0.349935
vt 0.886696 0.338412
vt 0.873253 0.324009
vt 0.926065 0.321128
vt 0.989439 0.310566
vt 0.989439 0.334572
vt 0.989439 0.351855
vt 0.951990 0.379702
vt 0.984638 0.369139
vt 0.988479 0.377781
vt 0.950070 0.427712
vt 0.989439 0.422911
vt 0.946229 0.480524
vt 0.907820 0.484365
vt 0.914542 0.431553
vt 0.869412 0.484365
vt 0.816600 0.473803
vt 0.847327 0.411389
vt 0.839645 0.489166
vt 0.817560 0.490126
vt 0.782032 0.472843
vt 0.881895 0.552540
vt 0.908781 0.543899
vt 0.475723 0.917423
vt 0.475723 0.868452
vt 0.508371 0.917423
vt 0.508371 0.868452
vt 0.475723 0.922224
vt 0.465161 0.924144
vt 0.468042 0.932786
vt 0.508371 0.922224
vt 0.475723 0.861730
vt 0.508371 0.861730
vt 0.470922 0.852128
vt 0.517973 0.924144
vt 0.515092 0.932786
vt 0.517973 0.860770
vt 0.465161 0.858849
vt 0.452678 0.856929
vt 0.449797 0.852128
vt 0.517012 0.854048
vt 0.534296 0.858849
vt 0.537177 0.854048
vt 0.451718 0.869412
vt 0.449797 0.932786
vt 0.465161 0.869412
vt 0.465161 0.915502
vt 0.451718 0.913582
vt 0.453638 0.924144
vt 0.445956 0.918383
vt 0.533336 0.872293
vt 0.517973 0.870372
vt 0.517973 0.915502
vt 0.529495 0.924144
vt 0.533336 0.932786
vt 0.537177 0.921264
vt 0.533336 0.915502
vt 0.382582 0.987518
vt 0.382582 0.941428
vt 0.313447 0.987518
vt 0.313447 0.941428
vt 0.245271 0.987518
vt 0.249112 0.941428
vt 0.187658 0.987518
vt 0.187658 0.941428
vt 0.115642 0.987518
vt 0.115642 0.941428
vt 0.056109 0.987518
vt 0.056109 0.941428
vt 0.023461 0.981757
vt 0.023461 0.941428
vt 0.013859 0.941428
vt 0.013859 0.981757
vt 0.023461 0.987518
vt 0.453638 0.941428
vt 0.453638 0.987518
vt 0.642801 0.888616
vt 0.642801 0.882855
vt 0.707135 0.888616
vt 0.708095 0.876133
vt 0.774350 0.888616
vt 0.774350 0.876133
vt 0.828122 0.888616
vt 0.827162 0.876133
vt 0.891497 0.888616
vt 0.892457 0.877093
vt 0.940468 0.878054
vt 0.938547 0.888616
vt 0.972155 0.888616
vt 0.972155 0.883815
vt 0.579427 0.888616
vt 0.578466 0.882855
vt 0.548700 0.888616
vt 0.548700 0.882855
vt 0.196300 0.922224
vt 0.229908 0.922224
vt 0.238550 0.931826
vt 0.187658 0.931826
vt 0.032103 0.798356
vt 0.051308 0.829083
vt 0.032103 0.829083
vt 0.057069 0.826202
vt 0.094517 0.800276
vt 0.068592 0.826202
vt 0.032103 0.764748
vt 0.091637 0.766669
vt 0.147329 0.805077
vt 0.145409 0.846367
vt 0.202062 0.846367
vt 0.145409 0.758987
vt 0.205903 0.781072
vt 0.203982 0.809878
vt 0.251993 0.845406
vt 0.032103 0.720578
vt 0.089716 0.720578
vt 0.090677 0.682170
vt 0.032103 0.673528
vt 0.042666 0.654323
vt 0.012899 0.660085
vt 0.207823 0.751305
vt 0.256794 0.771470
vt 0.251993 0.818520
vt 0.313447 0.846367
vt 0.282720 0.816600
vt 0.321128 0.816600
vt 0.320168 0.786833
vt 0.319208 0.754186
vt 0.381622 0.783952
vt 0.379702 0.755146
vt 0.319208 0.720578
vt 0.381622 0.717698
vt 0.429633 0.752266
vt 0.428673 0.713857
vt 0.476683 0.710016
vt 0.476683 0.744584
vt 0.428673 0.781072
vt 0.382582 0.813719
vt 0.425792 0.812759
vt 0.476683 0.778191
vt 0.474763 0.810839
vt 0.449797 0.832924
vt 0.382582 0.846367
vt 0.319208 0.685050
vt 0.383543 0.691772
vt 0.426752 0.691772
vt 0.476683 0.684090
vt 0.447877 0.664886
vt 0.476683 0.650482
vt 0.426752 0.671607
vt 0.378741 0.678329
vt 0.379702 0.657204
vt 0.338412 0.668727
vt 0.421951 0.647602
vt 0.356656 0.653363
vt 0.362418 0.628398
vt 0.340333 0.632238
vt 0.317288 0.654323
vt 0.262555 0.647602
vt 0.447877 0.647602
vt 0.469962 0.636079
vt 0.423871 0.628398
vt 0.460360 0.617835
vt 0.421951 0.592870
vt 0.360497 0.600551
vt 0.318248 0.609193
vt 0.261595 0.612074
vt 0.365298 0.548700
vt 0.313447 0.554461
vt 0.391224 0.597671
vt 0.420031 0.539097
vt 0.454598 0.584228
vt 0.451718 0.532376
vt 0.418110 0.485325
vt 0.456519 0.479564
vt 0.492047 0.612074
vt 0.478604 0.627437
vt 0.492047 0.626477
vt 0.480524 0.634159
vt 0.362418 0.488206
vt 0.491087 0.574625
vt 0.491087 0.528535
vt 0.403707 0.447877
vt 0.308646 0.480524
vt 0.261595 0.557342
vt 0.334572 0.445956
vt 0.304805 0.444036
vt 0.304805 0.435394
vt 0.308646 0.420991
vt 0.251993 0.437315
vt 0.253913 0.448837
vt 0.246232 0.466121
vt 0.230868 0.467081
vt 0.225107 0.450758
vt 0.198221 0.435394
vt 0.200141 0.447877
vt 0.200141 0.474763
vt 0.171335 0.471882
vt 0.181897 0.487246
vt 0.213584 0.488206
vt 0.177096 0.553501
vt 0.135807 0.547739
vt 0.150210 0.609193
vt 0.222226 0.554461
vt 0.203022 0.612074
vt 0.135807 0.486286
vt 0.102199 0.542938
vt 0.100279 0.486286
vt 0.133886 0.468042
vt 0.159812 0.455559
vt 0.234709 0.488206
vt 0.258714 0.486286
vt 0.101239 0.428673
vt 0.138687 0.433474
vt 0.166534 0.418110
vt 0.135807 0.385463
vt 0.059950 0.481485
vt 0.090677 0.380662
vt 0.107960 0.366259
vt 0.132926 0.365298
vt 0.053228 0.423871
vt 0.011939 0.478604
vt 0.058989 0.537177
vt 0.011939 0.528535
vt 0.060910 0.585188
vt 0.011939 0.574625
vt 0.011939 0.611114
vt 0.056109 0.622636
vt 0.014820 0.630318
vt 0.099319 0.612074
vt 0.102199 0.589029
vt 0.011939 0.424832
vt 0.012899 0.394105
vt 0.056109 0.387383
vt 0.011939 0.372020
vt 0.012899 0.360497
vt 0.058029 0.370100
vt 0.053228 0.358577
vt 0.098358 0.345134
vt 0.052268 0.346094
vt 0.012899 0.348975
vt 0.011939 0.339372
vt 0.011939 0.323049
vt 0.053228 0.326890
vt 0.131006 0.350895
vt 0.011939 0.299043
vt 0.069552 0.318248
vt 0.131966 0.321128
vt 0.173255 0.345134
vt 0.166534 0.367219
vt 0.204942 0.360497
vt 0.196300 0.385463
vt 0.198221 0.406588
vt 0.246232 0.392184
vt 0.242391 0.360497
vt 0.306725 0.383543
vt 0.309606 0.396986
vt 0.248152 0.416190
vt 0.250072 0.424832
vt 0.307685 0.413309
vt 0.362418 0.426752
vt 0.363378 0.449797
vt 0.403707 0.424832
vt 0.364338 0.410428
vt 0.408508 0.405627
vt 0.430593 0.423871
vt 0.452678 0.441155
vt 0.468042 0.420031
vt 0.422911 0.405627
vt 0.411389 0.394105
vt 0.491087 0.478604
vt 0.473803 0.438275
vt 0.491087 0.424832
vt 0.491087 0.393145
vt 0.458439 0.384503
vt 0.458439 0.405627
vt 0.491087 0.372020
vt 0.453638 0.370100
vt 0.416190 0.381622
vt 0.491087 0.360497
vt 0.454598 0.359537
vt 0.414269 0.368179
vt 0.360497 0.396986
vt 0.359537 0.384503
vt 0.412349 0.353776
vt 0.357617 0.361457
vt 0.354736 0.335532
vt 0.407548 0.333611
vt 0.456519 0.348975
vt 0.459400 0.338412
vt 0.455559 0.326890
vt 0.491087 0.339372
vt 0.491087 0.348975
vt 0.451718 0.300004
vt 0.401787 0.299043
vt 0.447877 0.271197
vt 0.400826 0.242391
vt 0.349935 0.302884
vt 0.491087 0.274078
vt 0.491087 0.299043
vt 0.491087 0.323049
vt 0.298083 0.301924
vt 0.299043 0.336492
vt 0.238550 0.335532
vt 0.208783 0.338412
vt 0.181897 0.315367
vt 0.228948 0.305765
vt 0.341293 0.242391
vt 0.396025 0.187658
vt 0.342253 0.183818
vt 0.288481 0.240470
vt 0.285600 0.183818
vt 0.226067 0.273118
vt 0.228948 0.231828
vt 0.175176 0.253913
vt 0.130045 0.255834
vt 0.127165 0.188619
vt 0.179017 0.189579
vt 0.294242 0.148290
vt 0.338412 0.143488
vt 0.340333 0.113722
vt 0.400826 0.111801
vt 0.402747 0.091637
vt 0.449797 0.092597
vt 0.406588 0.077234
vt 0.454598 0.076273
vt 0.439235 0.060910
vt 0.491087 0.063791
vt 0.491087 0.080114
vt 0.491087 0.096438
vt 0.344174 0.094517
vt 0.289441 0.116602
vt 0.291362 0.097398
vt 0.243351 0.097398
vt 0.239510 0.117563
vt 0.195340 0.096438
vt 0.192459 0.119483
vt 0.132926 0.117563
vt 0.140608 0.095478
vt 0.080114 0.113722
vt 0.128125 0.145409
vt 0.078194 0.143488
vt 0.011939 0.115642
vt 0.011939 0.143488
vt 0.061870 0.091637
vt 0.084915 0.093557
vt 0.142528 0.077234
vt 0.088756 0.075313
vt 0.148290 0.058989
vt 0.183818 0.147329
vt 0.201101 0.064751
vt 0.196300 0.081074
vt 0.230868 0.186698
vt 0.235669 0.147329
vt 0.149250 0.055149
vt 0.206863 0.055149
vt 0.204942 0.049387
vt 0.147329 0.051308
vt 0.099319 0.050348
vt 0.133886 0.014820
vt 0.088756 0.014820
vt 0.057069 0.049387
vt 0.051308 0.014820
vt 0.093557 0.060910
vt 0.012899 0.052268
vt 0.011939 0.014820
vt 0.057069 0.062830
vt 0.011939 0.063791
vt 0.011939 0.080114
vt 0.060910 0.075313
vt 0.207823 0.014820
vt 0.263516 0.049387
vt 0.284640 0.014820
vt 0.309606 0.049387
vt 0.257754 0.056109
vt 0.298083 0.061870
vt 0.254874 0.064751
vt 0.227987 0.067631
vt 0.246232 0.082995
vt 0.296163 0.081074
vt 0.345134 0.055149
vt 0.360497 0.049387
vt 0.350895 0.014820
vt 0.396986 0.059950
vt 0.414269 0.049387
vt 0.394105 0.014820
vt 0.434434 0.052268
vt 0.491087 0.051308
vt 0.343213 0.074353
vt 0.336492 0.062830
vt 0.468042 0.014820
vt 0.491087 0.014820
vt 0.437315 0.014820
vt 0.611114 0.245271
vt 0.667766 0.247192
vt 0.613994 0.188619
vt 0.666806 0.189579
vt 0.609193 0.148290
vt 0.659124 0.147329
vt 0.607273 0.115642
vt 0.557342 0.130045
vt 0.551580 0.117563
vt 0.604392 0.092597
vt 0.655284 0.116602
vt 0.652403 0.090677
vt 0.711936 0.116602
vt 0.713857 0.150210
vt 0.755146 0.118523
vt 0.758987 0.151170
vt 0.717698 0.189579
vt 0.649522 0.075313
vt 0.704255 0.091637
vt 0.751305 0.090677
vt 0.730180 0.079154
vt 0.799316 0.095478
vt 0.804117 0.080114
vt 0.812759 0.118523
vt 0.822361 0.150210
vt 0.875173 0.151170
vt 0.879974 0.194380
vt 0.828122 0.192459
vt 0.872293 0.121404
vt 0.907820 0.124284
vt 0.903979 0.100279
vt 0.871332 0.099319
vt 0.845406 0.096438
vt 0.947189 0.112761
vt 0.947189 0.125244
vt 0.989439 0.130045
vt 0.919343 0.151170
vt 0.874213 0.087796
vt 0.842526 0.082995
vt 0.842526 0.074353
vt 0.803157 0.061870
vt 0.898218 0.077234
vt 0.879014 0.069552
vt 0.899179 0.066671
vt 0.940468 0.080114
vt 0.935667 0.063791
vt 0.895338 0.060910
vt 0.935667 0.052268
vt 0.891497 0.050348
vt 0.911661 0.013859
vt 0.867491 0.013859
vt 0.851168 0.050348
vt 0.858849 0.058029
vt 0.948150 0.013859
vt 0.988479 0.054188
vt 0.990399 0.013859
vt 0.989439 0.067631
vt 0.793555 0.013859
vt 0.799316 0.049387
vt 0.842526 0.064751
vt 0.748425 0.057069
vt 0.747464 0.049387
vt 0.682170 0.049387
vt 0.716737 0.013859
vt 0.651443 0.013859
vt 0.629358 0.048427
vt 0.608233 0.013859
vt 0.601511 0.068592
vt 0.587108 0.050348
vt 0.565983 0.013859
vt 0.535257 0.013859
vt 0.572705 0.057069
vt 0.514132 0.054188
vt 0.559262 0.066671
vt 0.581347 0.081074
vt 0.513172 0.067631
vt 0.551580 0.099319
vt 0.515092 0.013859
vt 0.553501 0.082035
vt 0.513172 0.083955
vt 0.513172 0.101239
vt 0.513172 0.118523
vt 0.513172 0.130045
vt 0.513172 0.148290
vt 0.561182 0.148290
vt 0.564063 0.190539
vt 0.513172 0.216465
vt 0.513172 0.248152
vt 0.513172 0.184778
vt 0.989439 0.101239
vt 0.950070 0.100279
vt 0.947189 0.090677
vt 0.989439 0.118523
vt 0.901099 0.088756
vt 0.968314 0.082995
vt 0.989439 0.083955
vt 0.989439 0.148290
vt 0.989439 0.184778
vt 0.927985 0.189579
vt 0.881895 0.257754
vt 0.931826 0.254874
vt 0.989439 0.248152
vt 0.989439 0.216465
vt 0.828122 0.317288
vt 0.830043 0.253913
vt 0.768589 0.233749
vt 0.767629 0.285600
vt 0.763788 0.188619
vt 0.721538 0.249112
vt 0.718658 0.302884
vt 0.831003 0.271197
vt 0.751305 0.071472
vt 0.687931 0.073393
vt 0.754186 0.079154
vt 0.513172 0.536217
vt 0.187658 0.941428
vt 0.187658 0.987518
vt 0.115642 0.987518
vt 0.115642 0.941428
vt 0.240470 0.941428
vt 0.245271 0.987518
vt 0.313447 0.941428
vt 0.313447 0.987518
vt 0.382582 0.987518
vt 0.382582 0.941428
vt 0.453638 0.941428
vt 0.453638 0.987518
vt 0.056109 0.987518
vt 0.056109 0.941428
vt 0.023461 0.981757
vt 0.023461 0.941428
vt 0.013859 0.981757
vt 0.013859 0.941428
vt 0.023461 0.987518
vt 0.822361 0.870372
vt 0.822361 0.858849
vt 0.885736 0.870372
vt 0.885736 0.862690
vt 0.757066 0.858849
vt 0.758027 0.870372
vt 0.705215 0.870372
vt 0.706175 0.858849
vt 0.638960 0.870372
vt 0.638960 0.859810
vt 0.949110 0.866531
vt 0.948150 0.869412
vt 0.974075 0.870372
vt 0.974075 0.866531
vt 0.583267 0.860770
vt 0.585188 0.870372
vt 0.547739 0.870372
vt 0.547739 0.864611
vt 0.449797 0.846367
vt 0.472843 0.832924
vt 0.114682 0.589029
vt 0.130045 0.602472
vt 0.095478 0.650482
vt 0.133886 0.648562
vt 0.204942 0.646642
vt 0.206863 0.705215
vt 0.261595 0.706175
vt 0.135807 0.708095
vt 0.381622 0.686010
vt 0.011939 0.096438
vt 0.031143 0.094517
vt 0.491087 0.114682
vt 0.474763 0.114682
vt 0.448837 0.113722
vt 0.447877 0.145409
vt 0.397946 0.146369
vt 0.448837 0.182857
vt 0.491087 0.143488
vt 0.491087 0.181897
vt 0.448837 0.235669
vt 0.491087 0.201101
vt 0.491087 0.239510
vt 0.493967 0.655284
vt 0.484365 0.701374
vt 0.499729 0.706175
vt 0.484365 0.707135
vt 0.485325 0.688891
vt 0.490126 0.680249
vt 0.484365 0.712897
vt 0.486286 0.725379
vt 0.491087 0.734021
vt 0.498768 0.738822
vt 0.504530 0.735942
vt 0.510291 0.727300
vt 0.512211 0.717698
vt 0.496848 0.674488
vt 0.503569 0.676408
vt 0.509331 0.686010
vt 0.512211 0.694652
vt 0.514132 0.700414
vt 0.514132 0.702334
vt 0.514132 0.710016
vt 0.514132 0.711936
vt 0.299043 0.357617
vt 0.519893 0.834844
vt 0.334572 0.892457
vt 0.334572 0.859810
vt 0.278879 0.859810
vt 0.278879 0.892457
vt 0.385463 0.892457
vt 0.385463 0.859810
vt 0.430593 0.859810
vt 0.430593 0.892457
vt 0.274078 0.859810
vt 0.274078 0.892457
vt 0.270237 0.859810
vt 0.270237 0.892457
vt 0.334572 0.859810
vt 0.334572 0.892457
vt 0.278879 0.859810
vt 0.278879 0.892457
vt 0.385463 0.892457
vt 0.385463 0.859810
vt 0.430593 0.859810
vt 0.430593 0.892457
vt 0.274078 0.859810
vt 0.274078 0.892457
vt 0.270237 0.859810
vt 0.270237 0.892457
vt 0.008098 0.922224
vt 0.039785 0.875173
vt 0.039785 0.862690
vt 0.018660 0.916462
vt 0.074353 0.922224
vt 0.061870 0.916462
vt 0.039785 0.862690
vt 0.039785 0.875173
vt 0.008098 0.922224
vt 0.018660 0.916462
vt 0.074353 0.922224
vt 0.061870 0.916462
vt 0.917423 0.847327
vt 0.953911 0.847327
vt 0.516052 0.980797
vt 0.520853 0.988479
vt 0.494927 0.989439
vt 0.520853 0.980797
vt 0.517012 0.949110
vt 0.465161 0.949110
vt 0.491087 0.941428
vt 0.520853 0.941428
vt 0.460360 0.941428
vt 0.460360 0.980797
vt 0.465161 0.980797
vt 0.460360 0.988479
vt 0.099319 0.846367
vt 0.069552 0.846367
vt 0.075313 0.188619
vt 0.011939 0.181897
vt 0.076273 0.249112
vt 0.011939 0.201101
vt 0.073393 0.278879
vt 0.011939 0.239510
vt 0.011939 0.274078
vt 0.557342 0.937587
vt 0.602472 0.898218
vt 0.557342 0.898218
vt 0.602472 0.937587
vt 0.635119 0.898218
vt 0.635119 0.937587
vt 0.545819 0.898218
vt 0.545819 0.937587
vt 0.668727 0.898218
vt 0.668727 0.937587
vt 0.749385 0.898218
vt 0.749385 0.937587
vt 0.838685 0.898218
vt 0.838685 0.937587
vt 0.907820 0.898218
vt 0.907820 0.937587
vt 0.970235 0.898218
vt 0.970235 0.937587
vt 0.974075 0.898218
vt 0.974075 0.937587
vt 0.976956 0.937587
vt 0.976956 0.898218
vt 0.645681 0.898218
vt 0.565023 0.898218
vt 0.565023 0.937587
vt 0.645681 0.937587
vt 0.734021 0.937587
vt 0.734021 0.898218
vt 0.814680 0.937587
vt 0.814680 0.898218
vt 0.855008 0.937587
vt 0.855008 0.898218
vt 0.894377 0.937587
vt 0.894377 0.898218
vt 0.958712 0.937587
vt 0.958712 0.898218
vt 0.970235 0.898218
vt 0.970235 0.937587
vt 0.966394 0.946229
vt 0.921264 0.946229
vt 0.966394 0.985598
vt 0.921264 0.985598
vt 0.976956 0.946229
vt 0.976956 0.985598
vt 0.887656 0.946229
vt 0.887656 0.985598
vt 0.855008 0.946229
vt 0.855008 0.985598
vt 0.773390 0.946229
vt 0.773390 0.985598
vt 0.684090 0.946229
vt 0.684090 0.985598
vt 0.614954 0.946229
vt 0.614954 0.985598
vt 0.552540 0.946229
vt 0.552540 0.985598
vt 0.548700 0.946229
vt 0.548700 0.985598
vt 0.545819 0.985598
vt 0.545819 0.946229
vt 0.870372 0.946229
vt 0.870372 0.985598
vt 0.970235 0.985598
vt 0.782032 0.985598
vt 0.782032 0.946229
vt 0.701374 0.985598
vt 0.701374 0.946229
vt 0.970235 0.946229
vt 0.661045 0.985598
vt 0.661045 0.946229
vt 0.620716 0.985598
vt 0.620716 0.946229
vt 0.557342 0.985598
vt 0.557342 0.946229
vt 0.545819 0.946229
vt 0.545819 0.985598
vt 0.250072 0.909741
vt 0.181897 0.909741
vt 0.181897 0.866531
vt 0.250072 0.866531
vt 0.088756 0.870372
vt 0.088756 0.914542
vt 0.155971 0.914542
vt 0.155971 0.870372
vt 0.160772 0.865571
vt 0.082995 0.865571
vt 0.160772 0.920303
vt 0.082995 0.920303
vt 0.557342 0.898218
vt 0.602472 0.898218
vt 0.557342 0.937587
vt 0.602472 0.937587
vt 0.635119 0.898218
vt 0.635119 0.937587
vt 0.545819 0.898218
vt 0.545819 0.937587
vt 0.668727 0.898218
vt 0.668727 0.937587
vt 0.749385 0.898218
vt 0.749385 0.937587
vt 0.838685 0.898218
vt 0.838685 0.937587
vt 0.907820 0.898218
vt 0.907820 0.937587
vt 0.970235 0.898218
vt 0.970235 0.937587
vt 0.974075 0.898218
vt 0.974075 0.937587
vt 0.976956 0.937587
vt 0.976956 0.898218
vt 0.565023 0.937587
vt 0.565023 0.898218
vt 0.645681 0.898218
vt 0.645681 0.937587
vt 0.734021 0.937587
vt 0.734021 0.898218
vt 0.814680 0.937587
vt 0.814680 0.898218
vt 0.855008 0.937587
vt 0.855008 0.898218
vt 0.894377 0.937587
vt 0.894377 0.898218
vt 0.958712 0.937587
vt 0.958712 0.898218
vt 0.970235 0.898218
vt 0.970235 0.937587
vt 0.966394 0.985598
vt 0.921264 0.946229
vt 0.966394 0.946229
vt 0.921264 0.985598
vt 0.976956 0.946229
vt 0.976956 0.985598
vt 0.887656 0.946229
vt 0.887656 0.985598
vt 0.855008 0.946229
vt 0.855008 0.985598
vt 0.773390 0.946229
vt 0.773390 0.985598
vt 0.684090 0.946229
vt 0.684090 0.985598
vt 0.614954 0.946229
vt 0.614954 0.985598
vt 0.552540 0.946229
vt 0.552540 0.985598
vt 0.548700 0.946229
vt 0.548700 0.985598
vt 0.545819 0.985598
vt 0.545819 0.946229
vt 0.970235 0.985598
vt 0.870372 0.985598
vt 0.870372 0.946229
vt 0.782032 0.985598
vt 0.782032 0.946229
vt 0.701374 0.985598
vt 0.701374 0.946229
vt 0.970235 0.946229
vt 0.661045 0.985598
vt 0.661045 0.946229
vt 0.620716 0.985598
vt 0.620716 0.946229
vt 0.557342 0.985598
vt 0.557342 0.946229
vt 0.545819 0.946229
vt 0.545819 0.985598
vt 0.181897 0.866531
vt 0.181897 0.909741
vt 0.250072 0.909741
vt 0.250072 0.866531
vt 0.155971 0.914542
vt 0.088756 0.914542
vt 0.088756 0.870372
vt 0.155971 0.870372
vt 0.160772 0.865571
vt 0.082995 0.865571
vt 0.160772 0.920303
vt 0.082995 0.920303
vt 0.125244 0.450758
vt 0.127165 0.473803
vt 0.150210 0.469962
vt 0.148290 0.439235
vt 0.100279 0.477644
vt 0.109881 0.445956
vt 0.082995 0.466121
vt 0.095478 0.441155
vt 0.086836 0.496848
vt 0.068592 0.483405
vt 0.072432 0.513172
vt 0.055149 0.501649
vt 0.043626 0.519893
vt 0.061870 0.531416
vt 0.095478 0.524694
vt 0.085876 0.540058
vt 0.108921 0.549660
vt 0.118523 0.536217
vt 0.111801 0.515092
vt 0.124284 0.523734
vt 0.120443 0.506450
vt 0.130045 0.517012
vt 0.098358 0.505490
vt 0.109881 0.493967
vt 0.143488 0.496848
vt 0.136767 0.485325
vt 0.155011 0.484365
vt 0.170374 0.467081
vt 0.171335 0.479564
vt 0.170374 0.436354
vt 0.194380 0.440195
vt 0.196300 0.470922
vt 0.189579 0.406588
vt 0.171335 0.403707
vt 0.207823 0.400826
vt 0.218385 0.437315
vt 0.232789 0.421951
vt 0.227027 0.398906
vt 0.246232 0.416190
vt 0.237590 0.395065
vt 0.226067 0.473803
vt 0.197261 0.493967
vt 0.246232 0.460360
vt 0.257754 0.487246
vt 0.259675 0.455559
vt 0.214544 0.484365
vt 0.230868 0.499729
vt 0.263516 0.442116
vt 0.229908 0.376821
vt 0.220306 0.381622
vt 0.218385 0.368179
vt 0.279839 0.475723
vt 0.272157 0.479564
vt 0.287521 0.501649
vt 0.271197 0.512211
vt 0.280799 0.531416
vt 0.299043 0.520853
vt 0.249112 0.520853
vt 0.215505 0.514132
vt 0.256794 0.540058
vt 0.227027 0.535257
vt 0.234709 0.548700
vt 0.242391 0.493967
vt 0.211664 0.373940
vt 0.210704 0.383543
vt 0.212624 0.368179
vt 0.211664 0.361457
vt 0.206863 0.362418
vt 0.201101 0.380662
vt 0.187658 0.376821
vt 0.171335 0.374900
vt 0.160772 0.369139
vt 0.156932 0.399866
vt 0.137727 0.407548
vt 0.149250 0.374900
vt 0.156932 0.355696
vt 0.165573 0.355696
vt 0.161733 0.350895
vt 0.150210 0.356656
vt 0.137727 0.397946
vt 0.152130 0.350895
vt 0.151170 0.342253
vt 0.138687 0.372020
vt 0.129085 0.385463
vt 0.121404 0.399866
vt 0.120443 0.420991
vt 0.105080 0.414269
vt 0.111801 0.393145
vt 0.119483 0.380662
vt 0.124284 0.365298
vt 0.131006 0.368179
vt 0.135807 0.353776
vt 0.143488 0.355696
vt 0.130045 0.349935
vt 0.141568 0.343213
vt 0.143488 0.346094
vt 0.147329 0.350895
vt 0.164613 0.345134
vt 0.172295 0.346094
vt 0.175176 0.342253
vt 0.173255 0.359537
vt 0.180937 0.349935
vt 0.182857 0.344174
vt 0.186698 0.362418
vt 0.188619 0.349935
vt 0.196300 0.359537
vt 0.199181 0.354736
vt 0.195340 0.348975
vt 0.187658 0.344174
vt 0.203022 0.356656
vt 0.203022 0.352816
vt 0.202062 0.362418
vt 0.125244 0.450758
vt 0.148290 0.439235
vt 0.150210 0.469962
vt 0.127165 0.473803
vt 0.100279 0.477644
vt 0.109881 0.445956
vt 0.082995 0.466121
vt 0.095478 0.441155
vt 0.086836 0.496848
vt 0.068592 0.483405
vt 0.072432 0.513172
vt 0.055149 0.501649
vt 0.043626 0.519893
vt 0.061870 0.531416
vt 0.109881 0.493967
vt 0.098358 0.505490
vt 0.095478 0.524694
vt 0.085876 0.540058
vt 0.108921 0.549660
vt 0.111801 0.515092
vt 0.124284 0.523734
vt 0.131006 0.515092
vt 0.120443 0.506450
vt 0.136767 0.485325
vt 0.143488 0.496848
vt 0.155011 0.484365
vt 0.170374 0.467081
vt 0.171335 0.479564
vt 0.170374 0.436354
vt 0.194380 0.440195
vt 0.196300 0.470922
vt 0.197261 0.493967
vt 0.156932 0.399866
vt 0.171335 0.403707
vt 0.137727 0.407548
vt 0.160772 0.369139
vt 0.171335 0.374900
vt 0.214544 0.484365
vt 0.226067 0.473803
vt 0.230868 0.499729
vt 0.215505 0.514132
vt 0.249112 0.520853
vt 0.242391 0.493967
vt 0.271197 0.512211
vt 0.280799 0.531416
vt 0.287521 0.501649
vt 0.299043 0.520853
vt 0.256794 0.540058
vt 0.227027 0.535257
vt 0.234709 0.548700
vt 0.161733 0.355696
vt 0.173255 0.359537
vt 0.172295 0.346094
vt 0.164613 0.345134
vt 0.161733 0.350895
vt 0.152130 0.350895
vt 0.151170 0.342253
vt 0.143488 0.346094
vt 0.147329 0.350895
vt 0.141568 0.343213
vt 0.135807 0.353776
vt 0.130045 0.349935
vt 0.131006 0.368179
vt 0.124284 0.365298
vt 0.175176 0.342253
vt 0.194380 0.362418
vt 0.194380 0.378741
vt 0.196300 0.352816
vt 0.195340 0.348975
vt 0.138687 0.372020
vt 0.143488 0.355696
vt 0.129085 0.385463
vt 0.137727 0.397946
vt 0.149250 0.374900
vt 0.121404 0.399866
vt 0.120443 0.420991
vt 0.105080 0.414269
vt 0.111801 0.393145
vt 0.150210 0.356656
vt 0.119483 0.380662
vt 0.118523 0.536217
vt 0.220306 0.381622
vt 0.214544 0.365298
vt 0.229908 0.376821
vt 0.208783 0.368179
vt 0.210704 0.380662
vt 0.227027 0.398906
vt 0.237590 0.395065
vt 0.189579 0.406588
vt 0.218385 0.437315
vt 0.246232 0.460360
vt 0.257754 0.487246
vt 0.272157 0.479564
vt 0.279839 0.475723
vt 0.259675 0.455559
vt 0.263516 0.442116
vt 0.253913 0.457479
vn 0.1921 -0.1585 -0.9685
vn 0.1451 -0.1604 -0.9763
vn 0.3333 0.1035 -0.9371
vn 0.3255 0.1260 -0.9371
vn 0.0196 0.0000 -0.9998
vn 0.0432 0.1186 -0.9920
vn 0.1841 0.0000 -0.9829
vn 0.1137 -0.6049 -0.7881
vn 0.0980 -0.6813 -0.7254
vn 0.1921 0.0993 -0.9763
vn 0.2157 0.0164 -0.9763
vn 0.1447 0.0000 -0.9895
vn 0.0980 -0.0794 -0.9920
vn -0.0980 -0.8056 0.5843
vn -0.1059 -0.7551 0.6470
vn -0.1447 -0.0000 0.9895
vn -0.1607 0.0747 -0.9842
vn -0.1608 0.1448 -0.9763
vn -0.0820 -0.0000 -0.9966
vn -0.0898 -0.0000 -0.9960
vn -0.0902 0.0882 -0.9920
vn -0.1058 0.0686 -0.9920
vn -0.1840 -0.0000 -0.9829
vn -0.1451 -0.5982 -0.7881
vn -0.1372 -0.6483 -0.7489
vn -0.1921 0.0994 -0.9763
vn -0.2156 0.0169 -0.9763
vn -0.1447 0.0000 -0.9895
vn -0.0980 -0.0794 -0.9920
vn 0.0667 -0.8306 0.5529
vn 0.0902 -0.7434 0.6627
vn 0.1686 -0.0539 0.9842
vn 0.1686 -0.0538 0.9842
vn 0.5753 0.0000 -0.8179
vn 0.9685 -0.1964 -0.1529
vn 0.9607 -0.1268 -0.2470
vn 0.9293 -0.1591 -0.3333
vn 0.8979 -0.3409 0.2784
vn 0.8195 -0.5207 0.2392
vn 0.9372 -0.3135 0.1529
vn 0.8352 -0.3647 -0.4117
vn 0.8274 -0.0991 -0.5529
vn 0.4902 0.0942 -0.8665
vn 0.4509 0.2435 -0.8587
vn 0.4196 -0.1331 -0.8979
vn -0.2313 0.1966 -0.9528
vn 0.2941 -0.0753 -0.9528
vn 0.4745 -0.3589 -0.8038
vn 0.1371 -0.0000 -0.9906
vn 0.7881 -0.0001 -0.6156
vn 0.7803 -0.3066 -0.5450
vn 0.6235 -0.0496 -0.7803
vn 0.2706 -0.0629 -0.9606
vn -0.2783 -0.0000 -0.9605
vn 0.9293 -0.0953 -0.3568
vn -0.3019 0.0320 -0.9528
vn 0.4510 -0.0666 -0.8900
vn 0.9215 -0.3461 -0.1764
vn 0.9983 0.0000 -0.0587
vn 0.9528 -0.1009 -0.2862
vn 0.9842 -0.0539 0.1686
vn 0.9685 -0.2023 0.1451
vn 0.9450 -0.1432 -0.2941
vn 0.9136 -0.3700 0.1686
vn 0.9450 -0.3035 0.1216
vn 0.8980 -0.1749 -0.4038
vn 0.3960 -0.0922 -0.9136
vn -0.2235 0.1100 -0.9685
vn -0.2231 -0.0000 -0.9748
vn -0.7724 0.1212 -0.6234
vn -0.7705 -0.0000 -0.6375
vn -0.2627 -0.0903 -0.9606
vn -0.8079 -0.0000 -0.5893
vn -0.5215 0.0641 -0.8509
vn -0.8352 0.1181 -0.5372
vn -0.1372 -0.2970 -0.9450
vn 0.4274 -0.1975 -0.8822
vn 0.0667 -0.1071 -0.9920
vn 0.3882 0.0161 -0.9214
vn 0.2157 -0.3232 -0.9214
vn 0.0118 -0.4707 -0.8822
vn 0.2784 -0.5011 -0.8194
vn -0.3333 -0.1037 -0.9371
vn 0.0902 -0.4909 -0.8665
vn 0.3568 -0.5584 -0.7489
vn -0.0745 -0.7720 -0.6313
vn -0.0431 -0.8661 -0.4980
vn -0.0196 -0.4397 -0.8979
vn 0.5764 -0.4051 -0.7097
vn 0.6547 -0.7087 -0.2627
vn -0.2627 -0.9386 -0.2235
vn 0.8822 -0.3613 -0.3019
vn 0.5763 -0.7924 -0.1999
vn 0.5686 -0.4290 -0.7019
vn -0.5999 -0.2085 -0.7724
vn -0.7175 0.2944 -0.6313
vn -0.8509 0.1106 -0.5136
vn 0.8744 -0.2912 -0.3882
vn 0.9450 -0.2848 -0.1607
vn 0.9528 -0.2992 0.0510
vn 0.9685 -0.2349 0.0824
vn 0.8352 -0.5345 0.1294
vn -0.0823 -0.9822 0.1686
vn 0.8901 -0.1781 -0.4195
vn 0.6627 -0.4028 -0.6313
vn -0.9920 0.0547 -0.1137
vn -0.9842 0.1422 -0.1058
vn -0.9920 0.0686 -0.1058
vn -0.8587 0.0823 0.5058
vn -0.8352 0.1179 0.5372
vn -0.9842 0.1421 -0.1059
vn -0.8430 0.1317 0.5215
vn -0.9842 0.1360 -0.1137
vn -0.8430 0.2382 -0.4823
vn -0.8744 0.1019 -0.4744
vn -0.8038 0.3132 -0.5058
vn -0.4901 0.4326 -0.7567
vn -0.3881 0.3724 -0.8430
vn -0.1058 0.4434 -0.8901
vn -0.1451 -0.7128 -0.6862
vn 0.0039 0.4238 -0.9058
vn 0.0118 0.3488 -0.9371
vn -0.1137 0.3515 -0.9293
vn -0.5372 0.3203 -0.7803
vn -0.7881 0.3142 -0.5293
vn -0.0353 -0.3015 -0.9528
vn -0.4980 -0.1212 -0.8587
vn -0.5685 0.1342 -0.8116
vn -0.3019 -0.3614 -0.8822
vn -0.4431 -0.2300 -0.8665
vn -0.9685 0.2216 -0.1137
vn -0.8353 0.1494 0.5290
vn -0.9606 0.2535 -0.1137
vn -0.8430 0.1595 0.5137
vn -0.4666 0.0626 0.8823
vn -0.5133 0.0000 0.8582
vn -0.2235 -0.1096 0.9685
vn -0.1215 -0.0327 0.9921
vn -0.3803 0.0790 0.9215
vn -0.3254 0.0328 0.9450
vn -0.0039 -0.0142 0.9999
vn 0.0275 -0.1749 0.9842
vn -0.0118 -0.1766 0.9842
vn 0.0040 -0.1770 0.9842
vn -0.0353 -0.1736 0.9842
vn -0.0980 -0.3560 0.9293
vn -0.0274 -0.1229 0.9920
vn 0.1843 -0.2077 0.9607
vn 0.1451 -0.1602 0.9764
vn 0.0039 -0.5378 0.8431
vn 0.5843 -0.5378 0.6078
vn -0.0823 -0.9822 0.1687
vn 0.7803 -0.3066 0.5451
vn 0.3412 -0.1414 0.9293
vn 0.4039 -0.1749 0.8979
vn 0.8352 -0.2494 0.4902
vn 0.8039 -0.2714 0.5292
vn 0.9607 -0.2414 0.1372
vn 0.9685 -0.2022 0.1451
vn -0.2000 0.0820 0.9764
vn 0.1686 -0.1352 0.9764
vn 0.0196 -0.1243 0.9921
vn -0.4823 0.0530 0.8744
vn -0.8901 0.0666 0.4509
vn -0.4901 -0.0940 0.8666
vn -0.9117 0.0000 0.4109
vn -0.9920 0.0882 -0.0902
vn -0.9920 0.0956 -0.0823
vn -0.7803 -0.0501 -0.6234
vn -0.9371 0.3174 -0.1451
vn -0.9685 0.2217 -0.1137
vn -0.7489 -0.1019 -0.6548
vn -0.7254 0.2918 -0.6234
vn -0.9920 -0.0546 0.1137
vn -0.7960 -0.2078 0.5686
vn -0.9842 -0.1359 -0.1137
vn -0.9136 -0.1630 0.3725
vn -0.8822 0.1354 0.4509
vn -0.9920 0.1256 -0.0117
vn -0.7960 0.2079 -0.5685
vn -0.8273 0.0340 -0.5607
vn -0.2941 0.1434 -0.9450
vn -0.7724 0.3126 -0.5528
vn -0.7960 0.2937 -0.5293
vn -0.2078 0.2804 -0.9371
vn -0.2078 0.1844 -0.9606
vn 0.4902 0.0941 -0.8665
vn -0.9763 0.0994 -0.1921
vn -0.9136 0.3982 -0.0823
vn -0.9994 -0.0000 -0.0353
vn -0.9763 0.1840 -0.1137
vn -0.9920 0.0956 0.0824
vn -0.9606 -0.2627 0.0902
vn -0.9136 0.3998 0.0745
vn -0.9449 0.1585 0.2863
vn -0.7634 0.0000 0.6460
vn -0.9058 -0.2973 0.3020
vn -0.9528 -0.1521 0.2627
vn -0.5685 -0.1340 0.8117
vn -0.0823 -0.1567 0.9842
vn -0.9584 -0.0000 0.2856
vn -0.7803 -0.3330 0.5294
vn -0.5999 -0.4597 0.6548
vn 0.0195 -0.2770 0.9607
vn 0.2941 -0.3274 0.8979
vn 0.4274 -0.3460 0.8352
vn -0.1293 0.0000 0.9916
vn 0.6940 -0.5273 0.4901
vn 0.5294 -0.2935 0.7960
vn -0.2078 -0.4825 0.8509
vn -0.0431 -0.5825 0.8117
vn -0.3097 -0.2892 0.9058
vn 0.6704 -0.3630 0.6472
vn 0.8980 -0.3408 0.2784
vn 0.9372 -0.3136 0.1529
vn 0.7724 -0.3941 0.4981
vn 0.9450 -0.3036 0.1216
vn 0.9136 -0.3699 0.1686
vn 0.8195 -0.1507 0.5529
vn 0.9842 -0.0538 0.1686
vn 0.8195 -0.2194 0.5293
vn 0.3647 -0.2464 0.8979
vn 0.3725 -0.1101 0.9215
vn -0.1059 -0.2253 0.9685
vn -0.7960 0.1849 0.5764
vn -0.4039 -0.0468 0.9136
vn -0.5764 -0.1471 0.8038
vn -0.8901 0.3191 0.3255
vn -0.9528 0.2993 0.0510
vn 0.3725 -0.2344 0.8979
vn 0.1686 0.4395 0.8823
vn 0.0902 -0.4468 0.8901
vn -0.1686 0.4395 0.8823
vn -0.0980 -0.4893 0.8666
vn 0.2940 0.8835 0.3647
vn 0.2235 0.6331 0.7411
vn 0.2706 0.9283 0.2549
vn -0.2940 0.8835 0.3646
vn 0.2548 -0.8512 0.4588
vn -0.3176 -0.8817 0.3490
vn 0.3254 -0.9037 0.2784
vn -0.2078 0.6292 0.7489
vn -0.2706 0.9261 0.2627
vn -0.2313 -0.7123 0.6627
vn 0.2783 -0.6799 0.6784
vn -0.2783 -0.7027 0.6548
vn -0.3410 -0.8205 0.4588
vn -0.2628 -0.9471 0.1844
vn 0.5294 -0.6925 0.4901
vn 0.4274 -0.8958 0.1216
vn -0.0588 -0.3218 0.9450
vn -0.4980 0.8186 0.2862
vn 0.0587 -0.0000 0.9983
vn 0.1059 -0.0680 0.9920
vn -0.5215 0.1746 0.8352
vn -0.4196 0.5850 0.6941
vn -0.9293 0.2746 0.2470
vn 0.2000 -0.3105 0.9293
vn -0.0583 -0.0000 0.9983
vn -0.0902 -0.0878 0.9920
vn 0.4039 0.5772 0.7098
vn 0.4980 0.8157 0.2943
vn 0.9371 0.2466 0.2471
vn 0.4901 0.1892 0.8509
vn -0.4195 0.3904 -0.8195
vn -0.4117 0.3821 -0.8273
vn -0.7724 0.2492 -0.5842
vn -0.7881 0.2359 -0.5685
vn -0.9763 0.1252 -0.1764
vn -0.9842 0.1122 -0.1372
vn -0.8889 0.0000 0.4582
vn -0.8665 0.0941 0.4902
vn -0.5215 0.0636 0.8509
vn -0.5041 -0.0000 0.8636
vn -0.3490 -0.0000 0.9371
vn -0.3558 -0.0000 0.9346
vn -0.0902 0.2626 0.9607
vn -0.0509 0.0000 0.9987
vn 0.2157 -0.0139 0.9764
vn 0.1371 -0.0000 0.9906
vn -0.0353 0.9335 0.3568
vn -0.1843 0.4489 -0.8744
vn -0.3803 0.0795 -0.9214
vn -0.3882 0.1212 -0.9136
vn -0.7803 0.0500 -0.6234
vn -0.9763 0.1134 -0.1843
vn -0.9842 0.0169 -0.1764
vn -0.8901 0.0663 0.4509
vn -0.8822 -0.0631 0.4666
vn -0.4889 0.0001 0.8723
vn -0.5058 0.0822 0.8587
vn -0.2784 0.2104 0.9371
vn -0.2862 0.1996 0.9371
vn -0.2078 0.1843 0.9607
vn -0.1999 0.1484 0.9685
vn -0.0902 0.3145 -0.9450
vn -0.0823 0.3392 -0.9371
vn -0.0039 0.4558 -0.8901
vn -0.0039 0.5378 0.8431
vn -0.0039 0.5379 0.8430
vn 0.0039 -0.1770 0.9842
vn -0.0274 -0.1228 0.9921
vn 0.0667 -0.1640 0.9842
vn 0.1059 -0.3538 0.9293
vn 0.1216 -0.0325 0.9920
vn 0.4425 0.0000 0.8968
vn 0.4823 -0.0527 0.8744
vn 0.8666 0.0937 0.4902
vn 0.3882 0.0137 0.9215
vn 0.8195 0.1507 0.5529
vn 0.8431 0.1315 0.5215
vn 0.9607 0.1926 -0.2000
vn 0.0588 -0.1113 0.9920
vn -0.0745 -0.1014 0.9921
vn 0.0039 -0.5378 0.8430
vn -0.5607 -0.5068 0.6548
vn -0.0825 -0.9822 0.1687
vn 0.8274 0.1356 0.5450
vn 0.9764 0.1926 -0.0980
vn 0.9685 0.2419 -0.0588
vn 0.7960 0.3856 -0.4666
vn 0.8822 0.3325 -0.3333
vn 0.8038 0.3000 -0.5136
vn 0.8431 0.2533 -0.4744
vn 0.8587 0.1732 -0.4823
vn 0.5293 0.2937 -0.7960
vn 0.5686 0.1340 -0.8116
vn 0.8509 0.1103 -0.5136
vn 0.4980 -0.0334 -0.8665
vn 0.1137 0.0546 -0.9920
vn 0.0588 -0.2420 -0.9685
vn -0.0196 -0.4398 -0.8979
vn 0.1216 0.3272 -0.9371
vn 0.4825 0.3483 -0.8037
vn 0.0824 0.4157 -0.9058
vn 0.0039 0.4238 -0.9057
vn 0.0824 0.0956 -0.9920
vn 0.4431 0.3453 -0.8273
vn 0.8352 0.0735 -0.5450
vn 0.3647 -0.4421 -0.8195
vn -0.0823 -0.4782 -0.8744
vn -0.5215 -0.4230 -0.7410
vn -0.3490 -0.4685 -0.8116
vn 0.3882 -0.0162 -0.9214
vn 0.0588 -0.2978 -0.9528
vn 0.7489 0.2245 -0.6234
vn -0.2470 -0.4778 -0.8430
vn 0.6392 0.1372 -0.7567
vn 0.3647 -0.2734 -0.8901
vn 0.7725 -0.1209 -0.6234
vn 0.8666 0.1283 -0.4823
vn 0.9921 0.0326 -0.1215
vn -0.5763 -0.4052 -0.7097
vn -0.7175 -0.6116 -0.3333
vn -0.3960 -0.3038 -0.8665
vn -0.8273 -0.3350 -0.4509
vn -0.5215 -0.1319 -0.8430
vn 0.4588 -0.2284 -0.8587
vn 0.8038 -0.0575 -0.5921
vn 0.9920 0.0540 -0.1137
vn 0.2545 -0.0000 -0.9671
vn 0.7725 0.0692 -0.6313
vn -0.1137 -0.1359 -0.9842
vn -0.4666 -0.1332 -0.8744
vn -0.8273 -0.2088 -0.5215
vn -0.8430 -0.1830 -0.5058
vn -0.4901 0.0944 -0.8665
vn -0.9058 -0.1870 -0.3803
vn -0.9371 -0.3485 0.0196
vn -0.7803 -0.5746 -0.2470
vn -0.8587 -0.5091 0.0588
vn 0.2000 0.2284 -0.9528
vn -0.9606 -0.2771 0.0196
vn -0.9763 -0.2160 0.0118
vn -0.4039 0.0476 -0.9136
vn 0.8117 0.1885 -0.5528
vn 0.9921 0.0327 -0.1215
vn 0.5450 0.0736 -0.8352
vn 0.8193 0.4357 -0.3727
vn 0.8979 0.1051 -0.4274
vn 0.7882 0.1935 -0.5842
vn 0.9921 -0.1182 -0.0431
vn 0.9842 0.1015 -0.1451
vn 0.9058 0.3550 -0.2313
vn 0.9764 0.1248 0.1765
vn 0.9685 -0.1673 0.1843
vn 0.8195 -0.1995 0.5372
vn 0.8241 0.0000 0.5664
vn 0.8274 0.0989 0.5529
vn 0.5215 -0.0632 0.8509
vn 0.6941 -0.0581 0.7175
vn 0.9136 0.1436 0.3804
vn 0.6470 -0.0931 0.7568
vn 0.1059 -0.1418 0.9842
vn 0.3558 0.0000 0.9346
vn 0.9450 0.0324 0.3255
vn 0.8430 0.0951 0.5294
vn 0.0824 -0.0952 0.9920
vn -0.4431 -0.2296 0.8666
vn -0.4980 -0.2033 0.8430
vn 0.0510 -0.1695 0.9842
vn 0.4509 -0.1790 0.8744
vn 0.9842 0.1735 0.0353
vn 0.9842 0.0144 -0.1764
vn -0.4822 -0.1283 0.8666
vn 0.0980 -0.0789 0.9921
vn 0.5607 0.0322 0.8274
vn 0.1608 -0.1444 0.9764
vn -0.8430 -0.2381 0.4823
vn -0.5450 -0.3440 0.7646
vn -0.3333 -0.2874 0.8979
vn 0.1608 -0.3536 0.9215
vn -0.8822 -0.1058 0.4588
vn -0.9685 -0.2290 0.0980
vn -0.8430 -0.2534 0.4745
vn -0.8273 -0.3007 0.4745
vn -0.7411 -0.3694 0.5607
vn -0.4117 -0.1956 0.8901
vn -0.4352 -0.2144 0.8744
vn -0.9685 -0.1675 0.1843
vn -0.9763 -0.2145 0.0275
vn -0.8822 -0.1354 0.4509
vn -0.9916 -0.0002 -0.1293
vn -0.9996 0.0000 0.0275
vn -0.6391 -0.6685 0.3804
vn -0.7724 -0.4308 0.4666
vn -0.4431 -0.4124 0.7960
vn -0.8587 -0.3346 0.3882
vn -0.8587 -0.5125 -0.0039
vn -0.6704 -0.7390 -0.0667
vn -0.9528 -0.3036 0.0039
vn -0.8430 -0.4856 0.2313
vn 0.2470 -0.3643 0.8979
vn -0.9842 -0.1421 0.1059
vn -0.7803 -0.3452 0.5215
vn 0.2157 -0.3836 0.8979
vn 0.6000 -0.4113 0.6862
vn 0.5999 -0.0804 0.7960
vn 0.8744 -0.0526 0.4823
vn 0.8274 0.1639 0.5372
vn 0.8901 0.1583 0.4274
vn 0.9842 0.1766 0.0118
vn 0.9607 0.2730 -0.0509
vn 0.8398 0.0000 -0.5429
vn 0.7960 -0.0806 -0.5999
vn 0.9763 -0.2081 0.0588
vn 0.9920 -0.1229 0.0275
vn 0.8274 0.2272 -0.5136
vn 0.2470 -0.0317 -0.9685
vn 0.1765 0.0164 -0.9842
vn -0.3019 -0.2129 -0.9293
vn 0.1137 0.2535 -0.9606
vn -0.3412 -0.0739 -0.9371
vn -0.8889 -0.0001 -0.4581
vn -0.9763 -0.0169 -0.2156
vn -0.5921 -0.2016 -0.7803
vn -0.5136 0.1106 -0.8509
vn -0.9842 -0.1122 -0.1372
vn -0.9685 -0.1676 0.1843
vn -0.9763 -0.2146 0.0275
vn -0.8587 -0.3155 -0.4038
vn -0.8665 -0.1551 -0.4744
vn -0.9916 -0.0000 -0.1293
vn -0.8744 -0.1582 -0.4587
vn -0.5685 -0.1342 -0.8116
vn -0.9996 -0.0001 0.0274
vn -0.8807 0.0001 -0.4736
vn -0.5215 -0.0641 -0.8508
vn 0.1608 0.0746 -0.9842
vn 0.1916 0.0000 -0.9815
vn -0.6078 0.1844 -0.7724
vn 0.1451 0.2369 -0.9606
vn 0.1686 0.1355 -0.9763
vn -0.5893 0.0000 -0.8079
vn -0.8822 -0.1975 -0.4274
vn -0.8195 -0.4965 -0.2862
vn -0.9371 -0.2105 -0.2784
vn -0.6705 -0.7389 -0.0666
vn -0.9748 0.0000 -0.2230
vn -0.6313 0.0696 -0.7724
vn -0.9748 -0.0000 -0.2231
vn -0.5685 -0.0722 -0.8195
vn 0.2078 0.1844 -0.9606
vn -0.9763 -0.1355 0.1686
vn -0.9528 -0.3035 0.0039
vn 0.8117 0.2631 -0.5215
vn 0.9983 0.0000 0.0587
vn 0.8038 -0.3482 0.4823
vn 0.7254 -0.2120 0.6548
vn 0.9607 -0.1410 0.2392
vn 0.2784 -0.0000 -0.9605
vn -0.5450 -0.1772 -0.8195
vn 0.2784 -0.1210 -0.9528
vn 0.8823 0.0626 -0.4666
vn 0.9044 0.0000 -0.4267
vn 0.9671 0.0000 0.2545
vn 0.9731 0.0000 0.2306
vn 0.7333 -0.1128 0.6705
vn 0.1608 -0.1900 0.9685
vn 0.1137 -0.1356 0.9842
vn 0.7489 -0.1013 0.6548
vn 0.8666 -0.0940 -0.4901
vn 0.3568 -0.0955 -0.9293
vn 0.3961 -0.1509 -0.9057
vn -0.6156 -0.0000 -0.7881
vn -0.9346 -0.0000 -0.3558
vn -0.5764 -0.0950 -0.8116
vn -0.9605 0.0000 -0.2783
vn -0.9215 -0.0790 -0.3802
vn -0.9920 -0.1154 0.0510
vn -0.9987 0.0000 0.0509
vn -0.9999 -0.0167 -0.0039
vn 0.8980 -0.0654 -0.4352
vn 0.8587 0.0821 -0.5058
vn 0.9999 0.0088 0.0118
vn 0.9978 -0.0000 0.0665
vn 0.8582 0.0000 0.5133
vn 0.8274 0.0324 0.5607
vn 0.2232 -0.0000 0.9748
vn -0.6940 -0.1603 0.7019
vn 0.1294 -0.1208 0.9842
vn -0.6862 -0.2179 0.6940
vn -0.9606 -0.0902 0.2627
vn -0.9607 -0.2319 0.1529
vn -0.8352 0.0736 0.5450
vn -0.6313 -0.0692 0.7725
vn 0.1683 0.0539 0.9843
vn -0.4509 0.1353 0.8823
vn 0.3333 -0.2328 0.9136
vn 0.7646 -0.0826 0.6392
vn 0.8430 -0.1593 0.5137
vn 0.8352 0.1490 0.5294
vn 0.9764 -0.0989 0.1921
vn 0.9916 0.0000 0.1294
vn 0.4509 -0.4189 0.7882
vn 0.8352 -0.4116 0.3647
vn 0.9058 -0.0592 0.4196
vn 0.3882 -0.0137 0.9215
vn -0.4267 0.0000 0.9044
vn 0.3255 0.3783 0.8666
vn -0.5764 0.2159 0.7881
vn -0.9136 0.0922 0.3960
vn -0.9999 -0.0125 0.0118
vn -0.8979 -0.1053 0.4274
vn -0.8038 -0.0576 0.5921
vn 0.9058 0.2285 0.3568
vn 0.9921 -0.1066 -0.0666
vn 0.9293 0.1746 -0.3254
vn 0.8491 0.0000 -0.5282
vn 0.9685 -0.2077 -0.1372
vn 0.9136 -0.0469 -0.4038
vn 0.9450 -0.1051 -0.3098
vn 0.9842 -0.1207 0.1294
vn 0.9991 -0.0000 -0.0431
vn 0.8509 -0.0636 -0.5215
vn 0.4431 -0.2823 -0.8509
vn 0.1843 -0.3201 -0.9293
vn 0.5843 0.1120 -0.8038
vn -0.3254 -0.2438 -0.9136
vn -0.6234 -0.2246 -0.7489
vn -0.8195 -0.4288 -0.3803
vn 0.3568 0.0955 -0.9293
vn 0.5981 -0.0000 -0.8014
vn -0.9371 -0.0738 -0.3411
vn -0.8509 -0.0640 -0.5215
vn 0.5215 -0.0638 -0.8509
vn -0.2855 0.0000 -0.9584
vn 0.4353 -0.1795 -0.8822
vn -0.3097 -0.1054 -0.9450
vn 0.4980 -0.1675 -0.8509
vn -0.2627 -0.1522 -0.9528
vn 0.4745 -0.1017 -0.8744
vn 0.9528 -0.0750 -0.2941
vn 0.9293 -0.0584 -0.3646
vn 0.3647 0.0588 -0.9293
vn -0.3254 -0.1261 -0.9371
vn -0.3254 0.0339 -0.9450
vn -0.8352 -0.1181 -0.5372
vn -0.8509 -0.0641 -0.5215
vn -0.9998 -0.0000 -0.0196
vn -0.9972 0.0000 0.0743
vn -0.8745 -0.1018 -0.4742
vn -0.9987 0.0000 -0.0509
vn -0.9685 0.1486 -0.1999
vn -0.9058 -0.1005 0.4117
vn -0.8822 -0.0628 0.4666
vn -0.8038 0.0577 0.5921
vn -0.7960 -0.0807 0.5999
vn -0.0980 -0.1474 0.9842
vn -0.0666 -0.1640 0.9842
vn -0.7881 -0.0000 0.6156
vn 0.5921 -0.1257 0.7960
vn 0.6548 -0.1831 0.7333
vn -0.0274 0.1228 0.9921
vn -0.5429 -0.0000 0.8398
vn 0.8823 -0.2135 0.4196
vn 0.9215 -0.0788 0.3804
vn 0.9764 0.0593 0.2078
vn 0.6941 -0.1602 0.7019
vn -0.0117 -0.0089 0.9999
vn -0.6626 -0.0000 0.7489
vn -0.5528 0.3125 0.7725
vn 0.5921 -0.2013 0.7803
vn 0.1524 -0.0000 0.9883
vn 0.7803 -0.1765 0.5999
vn 0.8274 -0.1357 0.5450
vn 0.8509 -0.1101 0.5137
vn 0.6156 0.0000 0.7881
vn 0.9058 0.0593 0.4196
vn 0.4666 -0.1329 0.8744
vn 0.5843 0.2488 0.7725
vn -0.3176 0.3668 0.8744
vn -0.4587 -0.3434 0.8195
vn -0.0823 -0.0952 0.9921
vn 0.9215 0.1338 0.3647
vn 0.9764 -0.2158 -0.0118
vn 0.9842 0.0740 -0.1607
vn 0.9842 -0.1770 0.0040
vn -0.9058 0.2286 0.3568
vn -0.8979 -0.2075 0.3882
vn -0.5842 0.1120 0.8038
vn -0.9528 -0.3005 -0.0431
vn -0.9842 -0.1768 -0.0117
vn -0.7489 -0.1435 -0.6470
vn -0.9371 0.1447 -0.3176
vn -0.5685 0.0722 -0.8195
vn -0.1137 -0.1840 -0.9763
vn 0.0980 0.0794 -0.9920
vn 0.3725 -0.1630 -0.9136
vn 0.5215 -0.3942 -0.7567
vn 0.8582 -0.0000 -0.5133
vn 0.9346 -0.0000 -0.3558
vn 0.7254 -0.5201 -0.4509
vn 0.9764 -0.2158 -0.0117
vn 0.7490 -0.1016 -0.6548
vn 0.9528 -0.1520 -0.2627
vn 0.9842 0.0742 -0.1607
vn 0.9528 -0.2942 -0.0745
vn 0.9764 -0.0820 -0.2000
vn 0.9450 -0.2144 0.2470
vn 0.9607 0.0623 0.2706
vn 0.9764 0.0592 0.2079
vn 0.9293 -0.1884 -0.3176
vn 0.9293 -0.2426 -0.2784
vn 0.9371 -0.2103 0.2784
vn 0.9528 -0.1207 0.2784
vn 0.9293 -0.2426 0.2784
vn 0.9450 -0.2143 0.2471
vn 0.8901 -0.0661 0.4509
vn 0.8117 0.2469 0.5294
vn 0.9607 0.0624 0.2706
vn 0.7411 0.0343 0.6705
vn 0.9842 -0.0740 0.1608
vn 0.9764 -0.0821 -0.2000
vn 0.6705 -0.1884 0.7176
vn -0.0902 -0.1523 0.9842
vn 0.6783 -0.1900 0.7098
vn 0.9528 -0.1208 0.2784
vn 0.9372 -0.2103 0.2784
vn -0.7411 -0.1484 0.6548
vn -0.7803 -0.0496 0.6235
vn -0.9842 0.0896 0.1529
vn -0.9763 0.1354 0.1686
vn -0.9920 -0.0882 0.0902
vn -0.8901 0.0669 -0.4509
vn -0.8665 0.2140 -0.4509
vn -0.7562 -0.0000 0.6544
vn -0.9983 0.0000 0.0587
vn -0.7411 0.0358 -0.6705
vn -0.9371 0.2384 0.2549
vn 0.9607 -0.2413 0.1373
vn 0.8509 0.1673 0.4980
vn 0.8744 0.1579 0.4588
vn 0.5215 0.0633 0.8509
vn 0.5137 0.1101 0.8509
vn 0.9685 0.1964 -0.1529
vn 0.9607 0.2004 -0.1921
vn 0.8038 0.2555 -0.5372
vn 0.7960 0.2634 -0.5450
vn 0.4666 0.4308 -0.7724
vn 0.4509 0.4334 -0.7803
vn 0.1528 0.5027 -0.8509
vn 0.1529 0.5027 -0.8508
vn 0.3255 0.1258 0.9371
vn 0.3333 0.1032 0.9372
vn 0.0510 0.2729 0.9607
vn 0.0353 0.0000 0.9994
vn -0.1916 -0.0000 0.9815
vn 0.0353 0.9335 0.3568
vn 0.7568 0.3226 -0.5685
vn 0.7646 0.3178 -0.5607
vn 0.4274 0.4429 -0.7881
vn 0.9685 0.1673 -0.1843
vn 0.9685 0.1482 -0.2000
vn 0.8744 0.0527 0.4823
vn 0.8889 0.0001 0.4582
vn 0.4745 0.2256 0.8509
vn 0.4666 0.2414 0.8509
vn 0.0981 0.4605 -0.8822
vn 0.1137 0.4569 -0.8822
vn 0.2392 0.5082 0.8273
vn 0.2470 0.5293 0.8117
vn 0.2078 0.2211 0.9528
vn 0.2000 0.1482 0.9685
vn 0.1451 -0.7128 -0.6862
vn 0.0118 0.2775 -0.9607
vn -0.1294 -0.1208 0.9842
vn 0.0118 -0.0088 0.9999
vn -0.2548 -0.1648 0.9528
vn 0.8038 0.0569 0.5921
vn 0.8195 0.0715 0.5686
vn 0.9842 0.1287 -0.1215
vn 0.3176 0.0780 0.9450
vn 0.3569 -0.5477 -0.7568
vn -0.8822 0.1592 0.4431
vn -0.9999 -0.0125 -0.0117
vn -0.9136 -0.1951 -0.3568
vn -0.9214 -0.2539 -0.2941
vn -0.5293 -0.1880 -0.8273
vn -0.9371 -0.2613 -0.2313
vn -0.9606 -0.2319 0.1529
vn -0.9450 -0.2389 0.2235
vn -0.9685 -0.1373 -0.2078
vn -0.9450 -0.2145 0.2470
vn -0.9606 -0.1538 0.2314
vn 0.0118 0.9925 0.1215
vn -0.0038 0.9882 0.1529
vn -0.0039 0.9916 0.1294
vn 0.0352 0.9929 0.1137
vn 0.0275 0.9922 0.1216
vn -0.0039 0.9926 0.1216
vn -0.0353 0.9938 0.1059
vn -0.0353 0.9929 0.1137
vn -0.0274 0.9902 0.1373
vn -0.0353 0.9876 0.1529
vn -0.0509 0.9800 0.1922
vn -0.0431 0.9788 0.2000
vn 0.0196 0.9892 0.1451
vn 0.0196 0.9880 0.1529
vn 0.0353 0.9837 0.1765
vn 0.0432 0.9788 0.2000
vn 0.0353 0.9807 0.1921
vn 0.0196 0.9812 0.1921
vn -0.0196 0.9812 0.1921
vn -0.0196 0.9827 0.1843
vn 0.8352 0.3033 -0.4588
vn 0.0118 0.2775 -0.9606
vn -0.1840 0.0000 0.9829
vn -0.1137 0.6617 0.7411
vn -0.0980 0.7425 0.6627
vn -0.2156 -0.0145 0.9764
vn -0.1523 -0.0000 0.9883
vn -0.0980 0.0789 0.9921
vn 0.0980 0.7562 -0.6470
vn 0.1059 0.7121 -0.6940
vn 0.1373 0.1121 -0.9842
vn 0.1841 0.0000 0.9829
vn 0.1451 0.6279 0.7646
vn 0.1372 0.6745 0.7254
vn 0.1922 -0.0989 0.9764
vn 0.1447 -0.0000 0.9895
vn 0.0980 0.0789 0.9921
vn -0.0745 0.8024 -0.5921
vn -0.0980 0.7132 -0.6940
vn -0.1686 -0.0546 -0.9842
vn -0.1686 -0.0547 -0.9842
vn 0.0039 0.0142 0.9999
vn -0.1451 -0.2023 0.9685
vn -0.1450 -0.2023 0.9685
vn -0.0039 0.0142 0.9999
vn -0.3411 0.0733 0.9372
vn -0.3097 0.1051 0.9450
vn 0.1294 -0.1731 0.9764
vn 0.2618 0.0000 0.9651
vn 0.2392 0.0689 0.9685
vn -0.2941 -0.1432 0.9450
vn -0.3019 -0.5363 0.7882
vn 0.4824 -0.2383 -0.8429
vn 0.1686 -0.8315 -0.5293
vn 0.0039 -0.7819 -0.6234
vn 0.8823 -0.2665 -0.3881
vn 0.4823 0.7152 -0.5058
vn -0.4901 0.7155 -0.4979
vn -0.0039 0.9987 -0.0510
vn 0.5529 0.8191 -0.1529
vn -0.5606 0.8153 -0.1451
vn -0.8901 -0.2514 -0.3803
vn -0.4823 -0.2382 -0.8430
vn -0.1607 -0.8331 -0.5293
vn 0.2549 -0.2931 0.9215
vn 0.1843 -0.7330 0.6548
vn -0.6783 -0.2173 0.7019
vn -0.9450 -0.2390 0.2235
vn -0.6313 -0.2526 0.7333
vn -0.7018 -0.2404 0.6705
vn -0.9607 -0.1537 0.2313
vn -0.7175 -0.4704 0.5137
vn -0.8822 -0.4504 -0.1372
vn -0.6313 -0.4393 0.6392
vn -0.8744 -0.4456 -0.1921
vn -0.8038 -0.3589 -0.4744
vn -0.7960 -0.3442 -0.4980
vn -0.2392 -0.3061 0.9215
vn -0.7175 -0.2146 -0.6626
vn -0.7097 -0.2163 -0.6705
vn -0.6313 -0.1300 -0.7646
vn -0.6234 -0.1211 -0.7724
vn -0.5215 -0.0641 -0.8509
vn -0.5058 -0.0825 -0.8587
vn -0.3490 0.0066 -0.9371
vn -0.3097 0.1054 -0.9450
vn 0.3568 0.3679 -0.8587
vn 0.4745 0.4222 -0.7724
vn 0.7254 0.3231 0.6078
vn 0.7881 0.3723 0.4902
vn 0.2784 -0.0000 0.9605
vn 0.3255 0.0324 0.9450
vn 0.2627 0.0898 0.9607
vn 0.2158 -0.0141 0.9763
vn 0.2078 -0.0593 0.9764
vn 0.0902 -0.1523 0.9842
vn 0.0667 -0.2056 0.9764
vn -0.1137 -0.3067 0.9450
vn -0.1529 -0.3361 0.9293
vn -0.3960 -0.3983 0.8274
vn -0.4431 -0.4123 0.7960
vn -0.8509 -0.4243 0.3098
vn -0.8822 -0.4298 0.1922
vn -0.9136 -0.3167 -0.2548
vn -0.9057 -0.2618 -0.3333
vn 0.6235 0.4390 -0.6470
vn 0.8823 0.4478 0.1451
vn 0.7176 0.4617 -0.5215
vn 0.8744 0.4420 0.2000
vn 0.2157 0.2998 -0.9293
vn 0.2235 0.2941 -0.9293
vn 0.7960 0.3658 0.4823
vn 0.7881 0.3507 0.5058
vn 0.7097 0.2390 0.6627
vn 0.7097 0.2162 0.6705
vn 0.6313 0.0688 0.7725
vn 0.6156 0.1101 0.7803
vn 0.5058 0.0819 0.8587
vn 0.4902 0.0938 0.8666
vn 0.3568 -0.0951 0.9293
vn 0.3176 -0.0781 0.9450
vn -0.3412 -0.3450 0.8744
vn -0.4665 -0.3855 0.7961
vn -0.7175 -0.3106 -0.6234
vn -0.7882 -0.3724 -0.4900
vn -0.1370 0.0000 -0.9906
vn -0.2618 0.0000 -0.9651
vn -0.3092 -0.0000 -0.9510
vn -0.2078 0.0601 -0.9763
vn -0.0902 0.1526 -0.9842
vn -0.0666 0.2058 -0.9763
vn -0.3490 -0.0066 -0.9371
vn 0.1059 0.3096 -0.9449
vn 0.1529 0.3362 -0.9293
vn 0.3882 0.4060 -0.8273
vn 0.4431 0.4124 -0.7960
vn 0.8509 0.4243 -0.3097
vn 0.8902 0.4201 -0.1764
vn 0.9058 0.3193 0.2785
vn 0.8979 0.2576 0.3569
vn 0.8587 0.3519 -0.3725
vn 0.8587 0.3520 -0.3725
vn -0.2000 -0.7426 0.6392
vn -0.5293 0.2469 0.8117
vn -0.9293 0.3054 -0.2078
vn -0.6077 -0.6971 -0.3803
vn -0.2000 -0.6837 -0.7019
vn 0.2784 -0.7683 0.5764
vn -0.5999 0.6860 -0.4117
vn -0.0745 0.4934 0.8666
vn 0.6313 -0.4392 0.6391
vn 0.8823 -0.4503 -0.1372
vn 0.7176 -0.4704 0.5137
vn 0.8744 -0.4456 -0.1921
vn 0.8038 -0.3588 -0.4744
vn 0.7960 -0.3442 -0.4979
vn 0.2392 -0.3061 0.9215
vn 0.2392 -0.3060 0.9215
vn 0.7176 -0.2145 -0.6626
vn 0.7097 -0.2162 -0.6705
vn 0.6313 -0.1298 -0.7646
vn 0.6235 -0.1210 -0.7724
vn 0.5058 -0.0823 -0.8587
vn 0.3490 0.0041 -0.9371
vn 0.3098 0.1053 -0.9450
vn -0.3568 0.3679 -0.8587
vn -0.4744 0.4222 -0.7724
vn -0.7254 0.3231 0.6078
vn -0.7881 0.3723 0.4902
vn -0.1686 -0.0540 0.9842
vn -0.1215 0.0326 0.9921
vn -0.0902 0.0878 0.9920
vn -0.1764 0.0144 0.9842
vn -0.1921 0.0990 0.9764
vn -0.0823 -0.0952 0.9920
vn -0.0666 -0.1068 0.9920
vn 0.1059 -0.2844 0.9528
vn 0.1529 -0.3136 0.9372
vn 0.3960 -0.3983 0.8274
vn 0.4431 -0.4124 0.7960
vn 0.8509 -0.4243 0.3098
vn 0.8823 -0.4297 0.1922
vn 0.9136 -0.3166 -0.2551
vn 0.9058 -0.2617 -0.3332
vn -0.7175 0.4617 -0.5215
vn -0.8822 0.4479 0.1451
vn -0.6234 0.4391 -0.6470
vn -0.8744 0.4421 0.2000
vn -0.2156 0.2999 -0.9293
vn -0.2235 0.2941 -0.9293
vn -0.7960 0.3658 0.4823
vn -0.7881 0.3507 0.5058
vn -0.7097 0.2392 0.6627
vn -0.7097 0.2162 0.6705
vn -0.6313 0.0692 0.7725
vn -0.6156 0.1103 0.7803
vn -0.5058 0.0821 0.8587
vn -0.4901 0.0940 0.8666
vn -0.3568 -0.0953 0.9293
vn -0.3176 -0.0782 0.9450
vn 0.3412 -0.3449 0.8744
vn 0.4665 -0.3855 0.7961
vn 0.7176 -0.3105 -0.6234
vn 0.7882 -0.3724 -0.4900
vn 0.1137 -0.0546 -0.9920
vn 0.1922 -0.0993 -0.9763
vn 0.1686 -0.0546 -0.9842
vn 0.1765 -0.0165 -0.9842
vn 0.1686 -0.0545 -0.9842
vn 0.0667 0.1071 -0.9920
vn 0.0743 0.0000 -0.9972
vn -0.1058 0.2845 -0.9528
vn -0.1450 0.3175 -0.9371
vn -0.3882 0.4060 -0.8273
vn -0.4431 0.4125 -0.7960
vn -0.8508 0.4244 -0.3098
vn -0.8900 0.4203 -0.1765
vn -0.9058 0.3196 0.2783
vn -0.8979 0.2578 0.3567
vn -0.8587 0.3520 -0.3725
vn -0.8589 0.3518 -0.3723
vn 0.9293 0.3053 -0.2078
vn 0.5294 0.2469 0.8117
vn 0.2000 -0.7426 0.6391
vn 0.6078 -0.6971 -0.3803
vn 0.2000 -0.6837 -0.7018
vn -0.2784 -0.7683 0.5764
vn 0.6000 0.6859 -0.4117
vn 0.0745 0.4935 0.8666
vn 0.9685 0.0689 0.2392
vn 0.9605 0.0000 0.2784
vn 0.6784 0.3888 0.6234
vn 0.6940 0.5415 0.4745
vn 0.9842 -0.1118 0.1372
vn 0.9607 -0.2743 0.0431
vn 0.9450 -0.2702 0.1843
vn 0.9136 -0.4065 -0.0039
vn 0.9999 0.0142 -0.0039
vn 0.9996 0.0001 0.0275
vn 0.1451 0.1018 -0.9842
vn 0.8587 0.1209 -0.4980
vn 0.1294 0.2458 -0.9606
vn 0.9584 -0.0000 -0.2855
vn 0.9346 0.0001 -0.3558
vn 0.9921 -0.0789 -0.0980
vn 0.9842 0.0743 -0.1607
vn 0.9920 -0.1259 0.0039
vn 0.9215 0.1337 0.3647
vn 0.9293 0.0951 0.3569
vn -0.1451 0.7128 0.6862
vn -0.0823 0.8444 0.5294
vn -0.6234 0.7306 0.2784
vn -0.7646 0.5419 0.3490
vn -0.5215 0.8010 0.2941
vn -0.0274 0.8840 0.4666
vn -0.6470 0.7418 0.1765
vn -0.8116 0.5826 0.0432
vn -0.9057 0.4124 -0.0980
vn -0.8822 0.4700 -0.0274
vn -0.9606 0.1271 -0.2470
vn -0.9764 0.1445 -0.1607
vn -0.9606 0.2778 -0.0039
vn -0.9057 0.2287 0.3568
vn -0.9371 0.2861 -0.1999
vn -0.9136 0.1951 -0.3568
vn -0.9528 -0.0755 -0.2941
vn -0.9450 0.2590 0.1999
vn -0.9528 0.0320 -0.3019
vn -0.8352 -0.4491 -0.3176
vn -0.9842 0.1697 0.0510
vn -0.8116 0.5697 0.1294
vn -0.8744 -0.3734 -0.3098
vn -0.9293 -0.0590 -0.3647
vn -0.6391 -0.0832 -0.7646
vn -0.6391 0.1751 -0.7489
vn -0.6391 0.2058 -0.7411
vn 0.0981 0.0793 -0.9920
vn -0.9371 -0.0066 -0.3490
vn -0.8508 0.4062 0.3333
vn -0.5372 0.8386 0.0902
vn -0.8038 -0.1987 0.5608
vn -0.9450 -0.1839 0.2706
vn -0.8665 0.3914 0.3098
vn -0.5764 0.7923 0.2000
vn -0.4038 0.8608 0.3098
vn 0.0196 0.8923 0.4509
vn -0.0274 0.9073 0.4196
vn 0.3882 0.8037 0.4510
vn 0.8431 0.4855 0.2314
vn 0.1137 0.9414 0.3176
vn -0.5764 0.7562 0.3098
vn 0.2470 0.7547 0.6078
vn -0.1999 0.5713 0.7960
vn 0.0040 0.9747 0.2235
vn 0.7726 0.5707 0.2784
vn -0.5450 0.5857 0.6000
vn -0.6543 -0.0000 0.7562
vn 0.7646 0.5418 0.3490
vn 0.9987 -0.0001 0.0509
vn 0.9921 -0.1151 -0.0509
vn 0.9136 -0.3735 -0.1607
vn 0.9450 -0.3241 0.0432
vn 0.9215 -0.3281 0.2078
vn 0.8588 -0.4250 0.2862
vn 0.9371 -0.1258 0.3255
vn 0.7882 -0.1375 0.5999
vn 0.6391 0.5426 0.5451
vn 0.7018 -0.4767 0.5293
vn 0.2314 -0.3927 0.8901
vn 0.1921 -0.1583 0.9685
vn 0.1922 0.5153 0.8352
vn 0.4667 0.2676 0.8430
vn 0.0510 0.3452 0.9371
vn -0.1999 -0.1926 0.9607
vn 0.0431 0.8661 0.4980
vn -0.5059 0.4280 0.7489
vn -0.5450 -0.1358 0.8274
vn -0.4901 0.8117 0.3176
vn -0.7333 0.3958 0.5529
vn -0.4823 0.7773 0.4039
vn -0.5686 0.6019 0.5607
vn -0.7411 0.4503 0.4980
vn -0.6548 -0.1016 0.7489
vn -0.6548 0.4272 0.6235
vn -0.6862 0.3166 0.6548
vn -0.4745 0.7938 0.3804
vn -0.9685 0.0694 0.2392
vn -0.6940 0.5415 0.4745
vn -0.6783 0.3888 0.6235
vn -0.9671 -0.0000 0.2545
vn -0.9842 -0.1122 0.1372
vn -0.9607 -0.2743 0.0432
vn -0.9449 -0.2704 0.1843
vn -0.9136 -0.4066 -0.0039
vn -0.9999 0.0124 0.0118
vn -0.8509 0.0641 -0.5215
vn -0.8582 0.0002 -0.5133
vn -0.1451 0.1018 -0.9842
vn -0.9920 -0.1261 0.0039
vn -0.9920 0.1071 -0.0666
vn -0.8665 0.0944 -0.4901
vn -0.1450 0.2369 -0.9606
vn -0.9371 -0.0739 -0.3411
vn -0.9916 0.0001 -0.1293
vn -0.9763 -0.1530 -0.1529
vn -0.9371 0.0737 0.3411
vn -0.9136 0.0922 0.3961
vn -0.5764 0.2159 0.7882
vn 0.1451 0.7128 0.6862
vn 0.3254 0.3783 0.8666
vn 0.0823 0.8444 0.5294
vn 0.6392 0.7169 0.2784
vn -0.3882 0.8037 0.4510
vn 0.0431 0.8834 0.4666
vn -0.8430 0.4856 0.2314
vn 0.0118 0.9181 0.3961
vn 0.0118 0.9040 0.4274
vn 0.9450 0.2589 0.2000
vn 0.9607 0.2777 -0.0039
vn 0.9528 0.0309 -0.3019
vn 0.6313 0.2285 -0.7411
vn 0.9431 -0.0000 -0.3326
vn 0.6392 0.1750 -0.7489
vn 0.6392 -0.0830 -0.7646
vn -0.1451 0.2369 -0.9606
vn -0.1059 0.0686 -0.9920
vn 0.1216 0.8190 0.5607
vn 0.0666 0.8646 0.4980
vn 0.1372 0.3827 0.9136
vn -0.4431 0.1590 0.8823
vn 0.1451 0.1011 0.9842
vn 0.5215 0.5740 0.6313
vn 0.6313 -0.0687 0.7725
vn -0.1921 -0.1583 0.9685
vn -0.1921 0.5153 0.8352
vn -0.2313 -0.3927 0.8901
vn -0.7881 -0.1377 0.5999
vn -0.7018 -0.4768 0.5293
vn -0.9371 -0.1260 0.3255
vn -0.8587 -0.4250 0.2863
vn 0.3804 -0.1436 0.9136
vn 0.4744 0.8082 0.3490
vn 0.4745 0.8402 0.2627
vn 0.7097 0.3692 0.6000
vn 0.7411 -0.0342 0.6705
vn -0.7568 0.5576 0.3411
vn -0.6392 0.5426 0.5450
vn -0.9685 0.0695 0.2392
vn -0.7802 0.5601 0.2784
vn -0.1216 0.9430 0.3098
vn -0.9920 -0.1154 -0.0510
vn -0.9136 -0.3735 -0.1607
vn -0.9449 -0.3244 0.0432
vn -0.0274 0.9706 0.2392
vn -0.9215 -0.3282 0.2078
vn 0.7568 0.6407 0.1294
vn 0.9371 0.0001 0.3490
vn 0.9842 0.1640 0.0667
vn 0.8195 0.4662 0.3333
vn 0.4745 0.8654 0.1608
vn 0.8823 0.4706 -0.0117
vn 0.9763 0.1447 -0.1607
vn 0.5293 0.7929 0.3020
vn 0.8274 0.5610 0.0275
vn 0.9293 0.3153 -0.1921
vn 0.9215 0.1706 -0.3490
vn 0.9293 -0.0584 -0.3647
vn 0.8744 -0.3734 -0.3098
vn 0.8431 -0.4451 -0.3019
vn 0.9293 0.2879 -0.2313
usemtl Default_OBJ.118
s 1
f 3642/3642/3329 3643/3643/3330 3644/3644/3331
f 3643/3643/3330 3645/3645/3332 3644/3644/3331
f 3643/3643/3330 3642/3642/3329 3646/3646/3333
f 3646/3646/3333 3647/3647/3334 3643/3643/3330
f 3644/3644/3331 3645/3645/3332 3647/3647/3334
f 3644/3644/3331 3647/3647/3334 3646/3646/3333
f 3648/3648/3335 3649/3649/3335 3650/3650/3336
f 3651/3651/3337 3650/3650/3336 3649/3649/3335
f 3652/3652/3338 3649/3649/3335 3648/3648/3335
f 3648/3648/3335 3653/3653/3339 3652/3652/3338
f 3652/3652/3338 3653/3653/3339 3654/3654/3340
f 3652/3652/3338 3654/3654/3340 3655/3655/3341
f 3656/3656/3342 3650/3650/3336 3651/3651/3337
f 3651/3651/3337 3657/3657/3343 3656/3656/3342
f 3656/3656/3342 3657/3657/3343 3658/3658/3344
f 3658/3658/3344 3659/3659/3344 3656/3656/3342
f 3660/3660/3345 3661/3661/3346 3662/3662/3347
f 3660/3660/3345 3662/3662/3347 3663/3663/3348
f 3664/3664/3349 3663/3663/3348 3662/3662/3347
f 3662/3662/3347 3665/3665/3350 3664/3664/3349
f 3664/3664/3349 3665/3665/3350 3660/3660/3345
f 3665/3665/3350 3661/3661/3346 3660/3660/3345
f 3666/3666/3351 3667/3667/3351 3668/3668/3352
f 3668/3668/3352 3669/3669/3353 3666/3666/3351
f 3667/3667/3351 3666/3666/3351 3670/3670/3354
f 3667/3667/3351 3670/3670/3354 3671/3671/3355
f 3671/3671/3355 3670/3670/3354 3672/3672/3356
f 3672/3672/3356 3670/3670/3354 3673/3673/3357
f 3669/3669/3353 3668/3668/3352 3674/3674/3358
f 3675/3675/3359 3669/3669/3353 3674/3674/3358
f 3675/3675/3359 3674/3674/3358 3676/3676/3360
f 3675/3675/3359 3676/3676/3360 3677/3677/3361
f 3678/3678/3362 3679/3679/3363 3680/3680/3364
f 3678/3678/3362 3681/3681/3365 3679/3679/3363
f 3680/3680/3364 3679/3679/3363 3682/3682/3366
f 3679/3679/3363 3683/3683/3367 3682/3682/3366
f 3681/3681/3365 3683/3683/3367 3679/3679/3363
f 3683/3683/3367 3681/3681/3365 3684/3684/3368
f 3685/3685/3369 3684/3684/3368 3681/3681/3365
f 3686/3686/3370 3684/3684/3368 3685/3685/3369
f 3686/3686/3370 3685/3685/3369 3687/3687/3371
f 3685/3685/3369 3681/3681/3365 3687/3687/3371
f 3686/3686/3370 3687/3687/3371 3688/3688/3372
f 3689/3689/3373 3686/3686/3370 3688/3688/3372
f 3689/3689/3373 3688/3688/3372 3690/3690/3374
f 3688/3688/3372 3687/3687/3371 3690/3690/3374
f 3691/3691/3375 3689/3689/3373 3690/3690/3374
f 3691/3691/3375 3692/3692/3376 3689/3689/3373
f 3692/3692/3376 3691/3691/3375 3693/3693/3377
f 3694/3694/3378 3689/3689/3373 3692/3692/3376
f 3694/3694/3378 3686/3686/3370 3689/3689/3373
f 3695/3695/3379 3694/3694/3378 3692/3692/3376
f 3696/3696/3380 3695/3695/3379 3692/3692/3376
f 3696/3696/3380 3692/3692/3376 3693/3693/3377
f 3697/3697/3381 3696/3696/3380 3693/3693/3377
f 3693/3693/3377 3698/3698/3382 3697/3697/3381
f 3697/3697/3381 3699/3699/3383 3696/3696/3380
f 3700/3700/3384 3691/3691/3375 3690/3690/3374
f 3700/3700/3384 3693/3693/3377 3691/3691/3375
f 3700/3700/3384 3698/3698/3382 3693/3693/3377
f 3697/3697/3381 3701/3701/3385 3699/3699/3383
f 3694/3694/3378 3702/3702/3386 3686/3686/3370
f 3694/3694/3378 3695/3695/3379 3702/3702/3386
f 3702/3702/3386 3695/3695/3379 3703/3703/3387
f 3704/3704/3388 3703/3703/3387 3695/3695/3379
f 3699/3699/3383 3704/3704/3388 3696/3696/3380
f 3704/3704/3388 3695/3695/3379 3696/3696/3380
f 3705/3705/3389 3704/3704/3388 3699/3699/3383
f 3704/3704/3388 3705/3705/3389 3703/3703/3387
f 3699/3699/3383 3706/3706/3390 3705/3705/3389
f 3707/3707/3391 3706/3706/3390 3699/3699/3383
f 3707/3707/3391 3699/3699/3383 3701/3701/3385
f 3703/3703/3387 3705/3705/3389 3708/3708/3392
f 3703/3703/3387 3708/3708/3392 3702/3702/3386
f 3708/3708/3392 3686/3686/3370 3702/3702/3386
f 3686/3686/3370 3708/3708/3392 3709/3709/3393
f 3707/3707/3391 3701/3701/3385 3710/3710/3394
f 3711/3711/3395 3710/3710/3394 3701/3701/3385
f 3711/3711/3395 3701/3701/3385 3712/3712/3396
f 3712/3712/3396 3713/3713/3397 3711/3711/3395
f 3713/3713/3397 3712/3712/3396 3714/3714/3398
f 3714/3714/3398 3715/3715/3399 3713/3713/3397
f 3713/3713/3397 3715/3715/3399 3716/3716/3400
f 3713/3713/3397 3716/3716/3400 3711/3711/3395
f 3717/3717/3401 3716/3716/3400 3715/3715/3399
f 3717/3717/3401 3718/3718/3402 3716/3716/3400
f 3719/3719/3403 3718/3718/3402 3717/3717/3401
f 3720/3720/3404 3718/3718/3402 3719/3719/3403
f 3716/3716/3400 3718/3718/3402 3720/3720/3404
f 3711/3711/3395 3716/3716/3400 3721/3721/3405
f 3716/3716/3400 3722/3722/3406 3721/3721/3405
f 3720/3720/3404 3722/3722/3406 3716/3716/3400
f 3722/3722/3406 3720/3720/3404 3723/3723/3407
f 3721/3721/3405 3722/3722/3406 3723/3723/3407
f 3724/3724/3408 3723/3723/3407 3720/3720/3404
f 3725/3725/3409 3724/3724/3408 3720/3720/3404
f 3726/3726/3410 3724/3724/3408 3725/3725/3409
f 3726/3726/3410 3725/3725/3409 3727/3727/3411
f 3728/3728/3412 3726/3726/3410 3727/3727/3411
f 3728/3728/3412 3729/3729/3413 3726/3726/3410
f 3730/3730/3414 3729/3729/3413 3728/3728/3412
f 3731/3731/3415 3729/3729/3413 3730/3730/3414
f 3728/3728/3412 3732/3732/3416 3730/3730/3414
f 3731/3731/3415 3733/3733/3417 3729/3729/3413
f 3729/3729/3413 3733/3733/3417 3726/3726/3410
f 3733/3733/3417 3724/3724/3408 3726/3726/3410
f 3734/3734/3418 3733/3733/3417 3731/3731/3415
f 3735/3735/3419 3734/3734/3418 3731/3731/3415
f 3734/3734/3418 3736/3736/3420 3733/3733/3417
f 3734/3734/3418 3737/3737/3421 3736/3736/3420
f 3735/3735/3419 3737/3737/3421 3734/3734/3418
f 3736/3736/3420 3738/3738/3422 3733/3733/3417
f 3733/3733/3417 3738/3738/3422 3724/3724/3408
f 3738/3738/3422 3723/3723/3407 3724/3724/3408
f 3725/3725/3409 3739/3739/3423 3727/3727/3411
f 3725/3725/3409 3720/3720/3404 3739/3739/3423
f 3727/3727/3411 3739/3739/3423 3740/3740/3424
f 3741/3741/3425 3727/3727/3411 3740/3740/3424
f 3719/3719/3403 3740/3740/3424 3739/3739/3423
f 3740/3740/3424 3719/3719/3403 3741/3741/3425
f 3719/3719/3403 3739/3739/3423 3720/3720/3404
f 3736/3736/3420 3742/3742/3426 3738/3738/3422
f 3742/3742/3426 3736/3736/3420 3743/3743/3427
f 3737/3737/3421 3743/3743/3427 3736/3736/3420
f 3744/3744/3428 3743/3743/3427 3737/3737/3421
f 3744/3744/3428 3745/3745/3429 3743/3743/3427
f 3746/3746/3430 3744/3744/3428 3737/3737/3421
f 3735/3735/3419 3746/3746/3430 3737/3737/3421
f 3735/3735/3419 3747/3747/3431 3746/3746/3430
f 3742/3742/3426 3743/3743/3427 3748/3748/3432
f 3743/3743/3427 3745/3745/3429 3748/3748/3432
f 3742/3742/3426 3748/3748/3432 3749/3749/3433
f 3742/3742/3426 3749/3749/3433 3738/3738/3422
f 3738/3738/3422 3749/3749/3433 3723/3723/3407
f 3721/3721/3405 3749/3749/3433 3748/3748/3432
f 3721/3721/3405 3723/3723/3407 3749/3749/3433
f 3711/3711/3395 3721/3721/3405 3748/3748/3432
f 3710/3710/3394 3748/3748/3432 3745/3745/3429
f 3711/3711/3395 3748/3748/3432 3710/3710/3394
f 3719/3719/3403 3750/3750/3434 3741/3741/3425
f 3751/3751/3435 3741/3741/3425 3750/3750/3434
f 3750/3750/3434 3719/3719/3403 3717/3717/3401
f 3717/3717/3401 3752/3752/3436 3750/3750/3434
f 3750/3750/3434 3753/3753/3437 3751/3751/3435
f 3753/3753/3437 3750/3750/3434 3752/3752/3436
f 3754/3754/3438 3751/3751/3435 3753/3753/3437
f 3755/3755/3439 3751/3751/3435 3754/3754/3438
f 3755/3755/3439 3754/3754/3438 3756/3756/3440
f 3756/3756/3440 3757/3757/3441 3755/3755/3439
f 3757/3757/3441 3758/3758/3442 3755/3755/3439
f 3759/3759/3443 3755/3755/3439 3758/3758/3442
f 3755/3755/3439 3759/3759/3443 3751/3751/3435
f 3760/3760/3444 3758/3758/3442 3757/3757/3441
f 3761/3761/3445 3758/3758/3442 3760/3760/3444
f 3761/3761/3445 3760/3760/3444 3762/3762/3446
f 3761/3761/3445 3762/3762/3446 3763/3763/3447
f 3764/3764/3349 3763/3763/3447 3762/3762/3446
f 3765/3765/3448 3764/3764/3349 3762/3762/3446
f 3766/3766/3449 3763/3763/3447 3764/3764/3349
f 3767/3767/3450 3763/3763/3447 3766/3766/3449
f 3767/3767/3450 3768/3768/3451 3763/3763/3447
f 3763/3763/3447 3768/3768/3451 3761/3761/3445
f 3769/3769/3452 3761/3761/3445 3768/3768/3451
f 3769/3769/3452 3758/3758/3442 3761/3761/3445
f 3762/3762/3446 3760/3760/3444 3770/3770/3453
f 3771/3771/3333 3768/3768/3451 3767/3767/3450
f 3771/3771/3333 3772/3772/3349 3768/3768/3451
f 3772/3772/3349 3769/3769/3452 3768/3768/3451
f 3771/3771/3333 3732/3732/3416 3772/3772/3349
f 3773/3773/3454 3772/3772/3349 3732/3732/3416
f 3773/3773/3454 3774/3774/3455 3772/3772/3349
f 3774/3774/3455 3775/3775/3456 3772/3772/3349
f 3772/3772/3349 3775/3775/3456 3769/3769/3452
f 3769/3769/3452 3775/3775/3456 3758/3758/3442
f 3775/3775/3456 3759/3759/3443 3758/3758/3442
f 3774/3774/3455 3759/3759/3443 3775/3775/3456
f 3759/3759/3443 3774/3774/3455 3741/3741/3425
f 3774/3774/3455 3776/3776/3457 3741/3741/3425
f 3776/3776/3457 3774/3774/3455 3728/3728/3412
f 3728/3728/3412 3773/3773/3454 3732/3732/3416
f 3773/3773/3454 3728/3728/3412 3774/3774/3455
f 3741/3741/3425 3751/3751/3435 3759/3759/3443
f 3777/3777/3458 3776/3776/3457 3728/3728/3412
f 3776/3776/3457 3777/3777/3458 3741/3741/3425
f 3727/3727/3411 3777/3777/3458 3728/3728/3412
f 3777/3777/3458 3727/3727/3411 3741/3741/3425
f 3760/3760/3444 3778/3778/3459 3770/3770/3453
f 3778/3778/3459 3760/3760/3444 3757/3757/3441
f 3757/3757/3441 3756/3756/3440 3778/3778/3459
f 3779/3779/3460 3778/3778/3459 3756/3756/3440
f 3780/3780/3461 3778/3778/3459 3779/3779/3460
f 3781/3781/3462 3780/3780/3461 3779/3779/3460
f 3780/3780/3461 3770/3770/3453 3778/3778/3459
f 3781/3781/3462 3779/3779/3460 3782/3782/3463
f 3779/3779/3460 3756/3756/3440 3782/3782/3463
f 3783/3783/3464 3781/3781/3462 3782/3782/3463
f 3784/3784/3465 3783/3783/3464 3782/3782/3463
f 3784/3784/3465 3782/3782/3463 3785/3785/3466
f 3786/3786/3467 3785/3785/3466 3782/3782/3463
f 3756/3756/3440 3786/3786/3467 3782/3782/3463
f 3786/3786/3467 3756/3756/3440 3754/3754/3438
f 3787/3787/3468 3786/3786/3467 3754/3754/3438
f 3786/3786/3467 3787/3787/3468 3788/3788/3469
f 3786/3786/3467 3788/3788/3469 3785/3785/3466
f 3785/3785/3466 3788/3788/3469 3789/3789/3470
f 3790/3790/3471 3785/3785/3466 3789/3789/3470
f 3784/3784/3465 3785/3785/3466 3790/3790/3471
f 3790/3790/3471 3791/3791/3472 3784/3784/3465
f 3784/3784/3465 3791/3791/3472 3792/3792/3473
f 3792/3792/3473 3793/3793/3474 3784/3784/3465
f 3794/3794/3475 3792/3792/3473 3791/3791/3472
f 3795/3795/3476 3789/3789/3470 3788/3788/3469
f 3795/3795/3476 3788/3788/3469 3796/3796/3477
f 3787/3787/3468 3796/3796/3477 3788/3788/3469
f 3789/3789/3470 3795/3795/3476 3797/3797/3478
f 3796/3796/3477 3797/3797/3478 3795/3795/3476
f 3796/3796/3477 3798/3798/3479 3797/3797/3478
f 3797/3797/3478 3798/3798/3479 3799/3799/3480
f 3798/3798/3479 3800/3800/3430 3799/3799/3480
f 3798/3798/3479 3801/3801/3481 3800/3800/3430
f 3802/3802/3482 3801/3801/3481 3798/3798/3479
f 3796/3796/3477 3802/3802/3482 3798/3798/3479
f 3801/3801/3481 3802/3802/3482 3803/3803/3483
f 3801/3801/3481 3804/3804/3428 3800/3800/3430
f 3801/3801/3481 3805/3805/3484 3804/3804/3428
f 3805/3805/3484 3801/3801/3481 3803/3803/3483
f 3806/3806/3485 3805/3805/3484 3803/3803/3483
f 3807/3807/3486 3805/3805/3484 3806/3806/3485
f 3805/3805/3484 3808/3808/3429 3804/3804/3428
f 3808/3808/3429 3805/3805/3484 3807/3807/3486
f 3806/3806/3485 3809/3809/3487 3807/3807/3486
f 3810/3810/3488 3802/3802/3482 3796/3796/3477
f 3796/3796/3477 3787/3787/3468 3810/3810/3488
f 3753/3753/3437 3810/3810/3488 3787/3787/3468
f 3787/3787/3468 3754/3754/3438 3753/3753/3437
f 3803/3803/3483 3802/3802/3482 3811/3811/3489
f 3802/3802/3482 3810/3810/3488 3811/3811/3489
f 3810/3810/3488 3812/3812/3490 3811/3811/3489
f 3812/3812/3490 3810/3810/3488 3813/3813/3491
f 3813/3813/3491 3810/3810/3488 3753/3753/3437
f 3813/3813/3491 3753/3753/3437 3814/3814/3492
f 3814/3814/3492 3753/3753/3437 3752/3752/3436
f 3815/3815/3493 3813/3813/3491 3814/3814/3492
f 3812/3812/3490 3813/3813/3491 3815/3815/3493
f 3816/3816/3494 3814/3814/3492 3752/3752/3436
f 3815/3815/3493 3814/3814/3492 3816/3816/3494
f 3817/3817/3495 3816/3816/3494 3752/3752/3436
f 3817/3817/3495 3752/3752/3436 3717/3717/3401
f 3717/3717/3401 3715/3715/3399 3817/3817/3495
f 3816/3816/3494 3817/3817/3495 3818/3818/3496
f 3817/3817/3495 3715/3715/3399 3818/3818/3496
f 3715/3715/3399 3714/3714/3398 3818/3818/3496
f 3714/3714/3398 3819/3819/3497 3818/3818/3496
f 3712/3712/3396 3819/3819/3497 3714/3714/3398
f 3819/3819/3497 3820/3820/3498 3818/3818/3496
f 3821/3821/3499 3820/3820/3498 3819/3819/3497
f 3822/3822/3500 3821/3821/3499 3819/3819/3497
f 3700/3700/3384 3822/3822/3500 3819/3819/3497
f 3822/3822/3500 3700/3700/3384 3823/3823/3501
f 3822/3822/3500 3823/3823/3501 3821/3821/3499
f 3820/3820/3498 3821/3821/3499 3824/3824/3502
f 3821/3821/3499 3825/3825/3503 3824/3824/3502
f 3825/3825/3503 3821/3821/3499 3826/3826/3504
f 3826/3826/3504 3827/3827/3505 3825/3825/3503
f 3827/3827/3505 3826/3826/3504 3828/3828/3506
f 3826/3826/3504 3829/3829/3507 3828/3828/3506
f 3826/3826/3504 3830/3830/3508 3829/3829/3507
f 3830/3830/3508 3826/3826/3504 3821/3821/3499
f 3830/3830/3508 3821/3821/3499 3823/3823/3501
f 3830/3830/3508 3823/3823/3501 3690/3690/3374
f 3700/3700/3384 3690/3690/3374 3823/3823/3501
f 3830/3830/3508 3690/3690/3374 3831/3831/3509
f 3690/3690/3374 3832/3832/3510 3831/3831/3509
f 3831/3831/3509 3832/3832/3510 3833/3833/3511
f 3833/3833/3511 3832/3832/3510 3834/3834/3512
f 3835/3835/3513 3834/3834/3512 3832/3832/3510
f 3832/3832/3510 3687/3687/3371 3835/3835/3513
f 3690/3690/3374 3687/3687/3371 3832/3832/3510
f 3836/3836/3514 3834/3834/3512 3835/3835/3513
f 3836/3836/3514 3835/3835/3513 3837/3837/3515
f 3837/3837/3515 3835/3835/3513 3687/3687/3371
f 3833/3833/3511 3834/3834/3512 3838/3838/3516
f 3833/3833/3511 3838/3838/3516 3831/3831/3509
f 3830/3830/3508 3831/3831/3509 3839/3839/3517
f 3830/3830/3508 3839/3839/3517 3829/3829/3507
f 3838/3838/3516 3839/3839/3517 3831/3831/3509
f 3834/3834/3512 3840/3840/3518 3838/3838/3516
f 3841/3841/3519 3840/3840/3518 3834/3834/3512
f 3842/3842/3520 3841/3841/3519 3834/3834/3512
f 3838/3838/3516 3840/3840/3518 3843/3843/3521
f 3838/3838/3516 3843/3843/3521 3844/3844/3522
f 3839/3839/3517 3838/3838/3516 3844/3844/3522
f 3843/3843/3521 3845/3845/3523 3844/3844/3522
f 3844/3844/3522 3845/3845/3523 3839/3839/3517
f 3839/3839/3517 3845/3845/3523 3829/3829/3507
f 3829/3829/3507 3845/3845/3523 3828/3828/3506
f 3845/3845/3523 3846/3846/3524 3828/3828/3506
f 3845/3845/3523 3847/3847/3525 3846/3846/3524
f 3843/3843/3521 3847/3847/3525 3845/3845/3523
f 3840/3840/3518 3848/3848/3526 3843/3843/3521
f 3848/3848/3526 3847/3847/3525 3843/3843/3521
f 3849/3849/3527 3847/3847/3525 3848/3848/3526
f 3846/3846/3524 3847/3847/3525 3849/3849/3527
f 3850/3850/3528 3846/3846/3524 3849/3849/3527
f 3851/3851/3529 3848/3848/3526 3840/3840/3518
f 3841/3841/3519 3842/3842/3520 3851/3851/3529
f 3841/3841/3519 3851/3851/3529 3840/3840/3518
f 3851/3851/3529 3852/3852/3530 3848/3848/3526
f 3849/3849/3527 3848/3848/3526 3852/3852/3530
f 3852/3852/3530 3851/3851/3529 3853/3853/3531
f 3849/3849/3527 3854/3854/3532 3850/3850/3528
f 3850/3850/3528 3854/3854/3532 3855/3855/3533
f 3850/3850/3528 3855/3855/3533 3856/3856/3534
f 3857/3857/3535 3850/3850/3528 3856/3856/3534
f 3855/3855/3533 3858/3858/3536 3856/3856/3534
f 3855/3855/3533 3859/3859/3537 3858/3858/3536
f 3855/3855/3533 3860/3860/3538 3859/3859/3537
f 3860/3860/3538 3854/3854/3532 3849/3849/3527
f 3854/3854/3532 3860/3860/3538 3855/3855/3533
f 3852/3852/3530 3860/3860/3538 3849/3849/3527
f 3852/3852/3530 3861/3861/3539 3860/3860/3538
f 3860/3860/3538 3861/3861/3539 3859/3859/3537
f 3853/3853/3531 3861/3861/3539 3852/3852/3530
f 3862/3862/3540 3861/3861/3539 3853/3853/3531
f 3859/3859/3537 3861/3861/3539 3863/3863/3541
f 3862/3862/3540 3863/3863/3541 3861/3861/3539
f 3863/3863/3541 3864/3864/3542 3859/3859/3537
f 3865/3865/3367 3859/3859/3537 3864/3864/3542
f 3865/3865/3367 3858/3858/3536 3859/3859/3537
f 3865/3865/3367 3866/3866/3543 3858/3858/3536
f 3867/3867/3544 3858/3858/3536 3866/3866/3543
f 3867/3867/3544 3856/3856/3534 3858/3858/3536
f 3867/3867/3544 3866/3866/3543 3868/3868/3545
f 3869/3869/3546 3867/3867/3544 3868/3868/3545
f 3867/3867/3544 3869/3869/3546 3870/3870/3547
f 3856/3856/3534 3867/3867/3544 3870/3870/3547
f 3871/3871/3548 3870/3870/3547 3869/3869/3546
f 3870/3870/3547 3871/3871/3548 3809/3809/3487
f 3809/3809/3487 3872/3872/3549 3870/3870/3547
f 3870/3870/3547 3872/3872/3549 3873/3873/3550
f 3873/3873/3550 3872/3872/3549 3806/3806/3485
f 3872/3872/3549 3809/3809/3487 3806/3806/3485
f 3873/3873/3550 3874/3874/3551 3870/3870/3547
f 3873/3873/3550 3875/3875/3552 3874/3874/3551
f 3857/3857/3535 3874/3874/3551 3875/3875/3552
f 3857/3857/3535 3875/3875/3552 3825/3825/3503
f 3875/3875/3552 3876/3876/3553 3825/3825/3503
f 3825/3825/3503 3876/3876/3553 3824/3824/3502
f 3825/3825/3503 3877/3877/3554 3857/3857/3535
f 3874/3874/3551 3856/3856/3534 3870/3870/3547
f 3857/3857/3535 3856/3856/3534 3874/3874/3551
f 3857/3857/3535 3877/3877/3554 3850/3850/3528
f 3850/3850/3528 3877/3877/3554 3846/3846/3524
f 3846/3846/3524 3877/3877/3554 3828/3828/3506
f 3827/3827/3505 3828/3828/3506 3877/3877/3554
f 3827/3827/3505 3877/3877/3554 3825/3825/3503
f 3878/3878/3555 3876/3876/3553 3875/3875/3552
f 3815/3815/3493 3878/3878/3555 3875/3875/3552
f 3879/3879/3556 3878/3878/3555 3815/3815/3493
f 3878/3878/3555 3879/3879/3556 3876/3876/3553
f 3876/3876/3553 3879/3879/3556 3880/3880/3557
f 3824/3824/3502 3876/3876/3553 3880/3880/3557
f 3820/3820/3498 3824/3824/3502 3880/3880/3557
f 3879/3879/3556 3818/3818/3496 3880/3880/3557
f 3820/3820/3498 3880/3880/3557 3818/3818/3496
f 3818/3818/3496 3879/3879/3556 3816/3816/3494
f 3816/3816/3494 3879/3879/3556 3815/3815/3493
f 3815/3815/3493 3875/3875/3552 3881/3881/3470
f 3881/3881/3470 3875/3875/3552 3882/3882/3558
f 3882/3882/3558 3811/3811/3489 3881/3881/3470
f 3875/3875/3552 3873/3873/3550 3882/3882/3558
f 3882/3882/3558 3803/3803/3483 3811/3811/3489
f 3812/3812/3490 3881/3881/3470 3811/3811/3489
f 3815/3815/3493 3881/3881/3470 3812/3812/3490
f 3882/3882/3558 3806/3806/3485 3803/3803/3483
f 3882/3882/3558 3873/3873/3550 3806/3806/3485
f 3883/3883/3559 3884/3884/3560 3885/3885/3561
f 3884/3884/3560 3886/3886/3562 3885/3885/3561
f 3887/3887/3563 3883/3883/3559 3885/3885/3561
f 3888/3888/3564 3883/3883/3559 3887/3887/3563
f 3889/3889/3565 3888/3888/3564 3887/3887/3563
f 3885/3885/3561 3890/3890/3566 3887/3887/3563
f 3884/3884/3560 3891/3891/3567 3886/3886/3562
f 3891/3891/3567 3892/3892/3568 3886/3886/3562
f 3884/3884/3560 3893/3893/3569 3891/3891/3567
f 3885/3885/3561 3894/3894/3570 3890/3890/3566
f 3890/3890/3566 3894/3894/3570 3895/3895/3571
f 3896/3896/3572 3886/3886/3562 3892/3892/3568
f 3897/3897/3573 3893/3893/3569 3884/3884/3560
f 3898/3898/3574 3893/3893/3569 3897/3897/3573
f 3893/3893/3569 3898/3898/3574 3899/3899/3575
f 3900/3900/3576 3896/3896/3572 3892/3892/3568
f 3896/3896/3572 3900/3900/3576 3901/3901/3577
f 3900/3900/3576 3902/3902/3578 3901/3901/3577
f 3898/3898/3574 3897/3897/3573 3903/3903/3579
f 3903/3903/3579 3899/3899/3575 3898/3898/3574
f 3904/3904/3580 3888/3888/3564 3889/3889/3565
f 3897/3897/3573 3905/3905/3581 3903/3903/3579
f 3897/3897/3573 3884/3884/3560 3905/3905/3581
f 3884/3884/3560 3883/3883/3559 3905/3905/3581
f 3905/3905/3581 3883/3883/3559 3906/3906/3582
f 3906/3906/3582 3883/3883/3559 3888/3888/3564
f 3907/3907/3583 3906/3906/3582 3888/3888/3564
f 3908/3908/3584 3907/3907/3583 3888/3888/3564
f 3888/3888/3564 3904/3904/3580 3908/3908/3584
f 3904/3904/3580 3909/3909/3585 3908/3908/3584
f 3909/3909/3585 3907/3907/3583 3908/3908/3584
f 3902/3902/3578 3910/3910/3586 3901/3901/3577
f 3896/3896/3572 3901/3901/3577 3910/3910/3586
f 3911/3911/3587 3896/3896/3572 3910/3910/3586
f 3896/3896/3572 3911/3911/3587 3886/3886/3562
f 3886/3886/3562 3911/3911/3587 3885/3885/3561
f 3911/3911/3587 3912/3912/3588 3885/3885/3561
f 3885/3885/3561 3912/3912/3588 3894/3894/3570
f 3912/3912/3588 3913/3913/3589 3894/3894/3570
f 3894/3894/3570 3913/3913/3589 3914/3914/3590
f 3913/3913/3589 3915/3915/3591 3914/3914/3590
f 3916/3916/3592 3915/3915/3591 3913/3913/3589
f 3916/3916/3592 3913/3913/3589 3912/3912/3588
f 3895/3895/3571 3894/3894/3570 3914/3914/3590
f 3917/3917/3593 3918/3918/3594 3919/3919/3595
f 3918/3918/3594 3920/3920/3596 3919/3919/3595
f 3919/3919/3595 3920/3920/3596 3921/3921/3597
f 3920/3920/3596 3922/3922/3598 3921/3921/3597
f 3921/3921/3597 3922/3922/3598 3923/3923/3599
f 3922/3922/3598 3924/3924/3600 3923/3923/3599
f 3923/3923/3599 3924/3924/3600 3925/3925/3601
f 3924/3924/3600 3926/3926/3602 3925/3925/3601
f 3925/3925/3601 3926/3926/3602 3927/3927/3603
f 3926/3926/3602 3928/3928/3604 3927/3927/3603
f 3927/3927/3603 3928/3928/3604 3929/3929/3605
f 3928/3928/3604 3930/3930/3606 3929/3929/3605
f 3930/3930/3606 3931/3931/3607 3929/3929/3605
f 3931/3931/3607 3932/3932/3608 3929/3929/3605
f 3929/3929/3605 3933/3933/3609 3927/3927/3603
f 3934/3934/3610 3918/3918/3594 3917/3917/3593
f 3917/3917/3593 3935/3935/3610 3934/3934/3610
f 3936/3936/3611 3937/3937/3612 3938/3938/3613
f 3937/3937/3612 3939/3939/3613 3938/3938/3613
f 3938/3938/3613 3939/3939/3613 3940/3940/3614
f 3939/3939/3613 3941/3941/3615 3940/3940/3614
f 3940/3940/3614 3941/3941/3615 3942/3942/3616
f 3941/3941/3615 3943/3943/3617 3942/3942/3616
f 3942/3942/3616 3943/3943/3617 3944/3944/3618
f 3943/3943/3617 3945/3945/3619 3944/3944/3618
f 3944/3944/3618 3945/3945/3619 3946/3946/3620
f 3946/3946/3620 3947/3947/3621 3944/3944/3618
f 3947/3947/3621 3946/3946/3620 3948/3948/3622
f 3949/3949/3623 3948/3948/3622 3946/3946/3620
f 3950/3950/3624 3937/3937/3612 3936/3936/3611
f 3937/3937/3612 3950/3950/3624 3951/3951/3625
f 3952/3952/3626 3951/3951/3625 3950/3950/3624
f 3951/3951/3625 3952/3952/3626 3953/3953/3626
f 3954/3954/3627 3955/3955/3628 3956/3956/3628
f 3956/3956/3628 3957/3957/3627 3954/3954/3627
f 3958/3958/3629 3959/3959/3470 3960/3960/3630
f 3961/3961/3631 3959/3959/3470 3958/3958/3629
f 3961/3961/3631 3958/3958/3629 3962/3962/3361
f 3962/3962/3361 3963/3963/3632 3961/3961/3631
f 3962/3962/3361 3958/3958/3629 3964/3964/3471
f 3964/3964/3471 3965/3965/3633 3962/3962/3361
f 3966/3966/3634 3962/3962/3361 3965/3965/3633
f 3967/3967/3635 3962/3962/3361 3966/3966/3634
f 3968/3968/3636 3967/3967/3635 3966/3966/3634
f 3965/3965/3633 3969/3969/3637 3966/3966/3634
f 3970/3970/3638 3966/3966/3634 3969/3969/3637
f 3966/3966/3634 3970/3970/3638 3971/3971/3639
f 3971/3971/3639 3968/3968/3636 3966/3966/3634
f 3972/3972/3640 3968/3968/3636 3971/3971/3639
f 3965/3965/3633 3964/3964/3471 3973/3973/3470
f 3974/3974/3641 3965/3965/3633 3973/3973/3470
f 3974/3974/3641 3969/3969/3637 3965/3965/3633
f 3973/3973/3470 3975/3975/3642 3974/3974/3641
f 3973/3973/3470 3976/3976/3643 3975/3975/3642
f 3977/3977/3644 3975/3975/3642 3976/3976/3643
f 3977/3977/3644 3976/3976/3643 3978/3978/3645
f 3970/3970/3638 3969/3969/3637 3979/3979/3646
f 3970/3970/3638 3979/3979/3646 3980/3980/3647
f 3970/3970/3638 3980/3980/3647 3981/3981/3648
f 3970/3970/3638 3981/3981/3648 3971/3971/3639
f 3972/3972/3640 3971/3971/3639 3981/3981/3648
f 3972/3972/3640 3981/3981/3648 3982/3982/3649
f 3981/3981/3648 3983/3983/3650 3982/3982/3649
f 3981/3981/3648 3980/3980/3647 3983/3983/3650
f 3980/3980/3647 3984/3984/3651 3983/3983/3650
f 3984/3984/3651 3982/3982/3649 3983/3983/3650
f 3980/3980/3647 3985/3985/3652 3984/3984/3651
f 3980/3980/3647 3986/3986/3653 3985/3985/3652
f 3987/3987/3654 3985/3985/3652 3986/3986/3653
f 3986/3986/3653 3988/3988/3655 3987/3987/3654
f 3988/3988/3655 3986/3986/3653 3989/3989/3656
f 3989/3989/3656 3990/3990/3657 3988/3988/3655
f 3988/3988/3655 3990/3990/3657 3991/3991/3658
f 3988/3988/3655 3991/3991/3658 3987/3987/3654
f 3990/3990/3657 3992/3992/3659 3991/3991/3658
f 3991/3991/3658 3992/3992/3659 3993/3993/3660
f 3993/3993/3660 3994/3994/3333 3991/3991/3658
f 3991/3991/3658 3994/3994/3333 3995/3995/3661
f 3987/3987/3654 3991/3991/3658 3995/3995/3661
f 3996/3996/3662 3987/3987/3654 3995/3995/3661
f 3996/3996/3662 3984/3984/3651 3985/3985/3652
f 3985/3985/3652 3987/3987/3654 3996/3996/3662
f 3995/3995/3661 3997/3997/3663 3996/3996/3662
f 3997/3997/3663 3995/3995/3661 3998/3998/3450
f 3995/3995/3661 3994/3994/3333 3998/3998/3450
f 3998/3998/3450 3999/3999/3664 3997/3997/3663
f 3997/3997/3663 3999/3999/3664 4000/4000/3665
f 3997/3997/3663 4000/4000/3665 4001/4001/3666
f 4001/4001/3666 3996/3996/3662 3997/3997/3663
f 3990/3990/3657 3989/3989/3656 4002/4002/3667
f 4003/4003/3668 3990/3990/3657 4002/4002/3667
f 3990/3990/3657 4003/4003/3668 4004/4004/3669
f 3990/3990/3657 4004/4004/3669 3992/3992/3659
f 3992/3992/3659 4004/4004/3669 3993/3993/3660
f 3993/3993/3660 4004/4004/3669 4005/4005/3414
f 4006/4006/3670 4005/4005/3414 4004/4004/3669
f 4006/4006/3670 4007/4007/3415 4005/4005/3414
f 4006/4006/3670 4004/4004/3669 4008/4008/3671
f 4008/4008/3671 4004/4004/3669 4009/4009/3672
f 4010/4010/3673 4008/4008/3671 4009/4009/3672
f 4009/4009/3672 4002/4002/3667 4011/4011/3674
f 4012/4012/3675 4008/4008/3671 4010/4010/3673
f 4013/4013/3676 4010/4010/3673 4009/4009/3672
f 4013/4013/3676 4009/4009/3672 4011/4011/3674
f 4014/4014/3677 4010/4010/3673 4013/4013/3676
f 4012/4012/3675 4010/4010/3673 4014/4014/3677
f 4013/4013/3676 4015/4015/3678 4014/4014/3677
f 4013/4013/3676 4016/4016/3679 4015/4015/3678
f 4016/4016/3679 4011/4011/3674 4002/4002/3667
f 4013/4013/3676 4011/4011/3674 4016/4016/3679
f 4017/4017/3680 4016/4016/3679 4002/4002/3667
f 4006/4006/3670 4008/4008/3671 4018/4018/3681
f 4007/4007/3415 4006/4006/3670 4018/4018/3681
f 4008/4008/3671 4012/4012/3675 4018/4018/3681
f 4019/4019/3682 4007/4007/3415 4018/4018/3681
f 4014/4014/3677 4020/4020/3683 4012/4012/3675
f 4012/4012/3675 4020/4020/3683 4018/4018/3681
f 4021/4021/3684 4019/4019/3682 4018/4018/3681
f 4021/4021/3684 4018/4018/3681 4020/4020/3683
f 4022/4022/3685 4021/4021/3684 4020/4020/3683
f 4015/4015/3678 4023/4023/3686 4014/4014/3677
f 4024/4024/3687 4016/4016/3679 4017/4017/3680
f 4016/4016/3679 4024/4024/3687 4015/4015/3678
f 4015/4015/3678 4024/4024/3687 4023/4023/3686
f 4017/4017/3680 4025/4025/3688 4024/4024/3687
f 4023/4023/3686 4024/4024/3687 4026/4026/3689
f 4027/4027/3690 4026/4026/3689 4024/4024/3687
f 4025/4025/3688 4027/4027/3690 4024/4024/3687
f 4023/4023/3686 4028/4028/3691 4014/4014/3677
f 4022/4022/3685 4020/4020/3683 4028/4028/3691
f 4023/4023/3686 4026/4026/3689 4028/4028/3691
f 4014/4014/3677 4028/4028/3691 4020/4020/3683
f 4022/4022/3685 4028/4028/3691 4029/4029/3692
f 4026/4026/3689 4029/4029/3692 4028/4028/3691
f 4022/4022/3685 4029/4029/3692 4030/4030/3693
f 4022/4022/3685 4030/4030/3693 4021/4021/3684
f 4031/4031/3694 4030/4030/3693 4029/4029/3692
f 4032/4032/3695 4031/4031/3694 4029/4029/3692
f 4032/4032/3695 4033/4033/3696 4031/4031/3694
f 4034/4034/3697 4021/4021/3684 4030/4030/3693
f 4035/4035/3698 4021/4021/3684 4034/4034/3697
f 4036/4036/3699 4035/4035/3698 4034/4034/3697
f 4036/4036/3699 4037/4037/3419 4035/4035/3698
f 4037/4037/3419 4019/4019/3682 4035/4035/3698
f 4038/4038/3700 4032/4032/3695 4029/4029/3692
f 4026/4026/3689 4038/4038/3700 4029/4029/3692
f 4026/4026/3689 4027/4027/3690 4038/4038/3700
f 4034/4034/3697 4030/4030/3693 4039/4039/3701
f 4039/4039/3701 4030/4030/3693 4031/4031/3694
f 4039/4039/3701 4031/4031/3694 4040/4040/3702
f 4031/4031/3694 4033/4033/3696 4040/4040/3702
f 4032/4032/3695 4038/4038/3700 4041/4041/3703
f 4032/4032/3695 4041/4041/3703 4033/4033/3696
f 4027/4027/3690 4042/4042/3704 4038/4038/3700
f 4042/4042/3704 4027/4027/3690 4043/4043/3705
f 4038/4038/3700 4042/4042/3704 4044/4044/3706
f 4042/4042/3704 4045/4045/3707 4044/4044/3706
f 4046/4046/3708 4044/4044/3706 4045/4045/3707
f 4044/4044/3706 4046/4046/3708 4047/4047/3709
f 4047/4047/3709 4046/4046/3708 4048/4048/3710
f 4048/4048/3710 4046/4046/3708 4049/4049/3711
f 4046/4046/3708 4045/4045/3707 4049/4049/3711
f 4050/4050/3712 4049/4049/3711 4045/4045/3707
f 4050/4050/3712 4045/4045/3707 4042/4042/3704
f 4051/4051/3713 4049/4049/3711 4050/4050/3712
f 4049/4049/3711 4051/4051/3713 4052/4052/3714
f 4048/4048/3710 4049/4049/3711 4052/4052/3714
f 4053/4053/3715 4048/4048/3710 4052/4052/3714
f 4053/4053/3715 4052/4052/3714 4054/4054/3716
f 4055/4055/3717 4054/4054/3716 4052/4052/3714
f 4052/4052/3714 4051/4051/3713 4055/4055/3717
f 4056/4056/3718 4054/4054/3716 4055/4055/3717
f 4056/4056/3718 4055/4055/3717 4057/4057/3719
f 4057/4057/3719 4055/4055/3717 4058/4058/3720
f 4051/4051/3713 4058/4058/3720 4055/4055/3717
f 4058/4058/3720 4059/4059/3721 4057/4057/3719
f 4060/4060/3722 4057/4057/3719 4059/4059/3721
f 4060/4060/3722 4059/4059/3721 4061/4061/3723
f 4062/4062/3724 4059/4059/3721 4058/4058/3720
f 4062/4062/3724 4063/4063/3725 4059/4059/3721
f 4063/4063/3725 4061/4061/3723 4059/4059/3721
f 4057/4057/3719 4060/4060/3722 4064/4064/3726
f 4064/4064/3726 4056/4056/3718 4057/4057/3719
f 4064/4064/3726 4060/4060/3722 4065/4065/3727
f 4065/4065/3727 4066/4066/3728 4064/4064/3726
f 4066/4066/3728 4067/4067/3729 4064/4064/3726
f 4067/4067/3729 4056/4056/3718 4064/4064/3726
f 4068/4068/3730 4054/4054/3716 4056/4056/3718
f 4067/4067/3729 4068/4068/3730 4056/4056/3718
f 4053/4053/3715 4054/4054/3716 4068/4068/3730
f 4058/4058/3720 4069/4069/3731 4062/4062/3724
f 4058/4058/3720 4051/4051/3713 4069/4069/3731
f 4050/4050/3712 4069/4069/3731 4051/4051/3713
f 4062/4062/3724 4069/4069/3731 4043/4043/3705
f 4025/4025/3688 4062/4062/3724 4043/4043/3705
f 4025/4025/3688 4063/4063/3725 4062/4062/3724
f 4070/4070/3732 4043/4043/3705 4069/4069/3731
f 4069/4069/3731 4050/4050/3712 4070/4070/3732
f 4067/4067/3729 4066/4066/3728 4071/4071/3733
f 4067/4067/3729 4071/4071/3733 4072/4072/3734
f 4067/4067/3729 4072/4072/3734 4068/4068/3730
f 4068/4068/3730 4072/4072/3734 4053/4053/3715
f 4053/4053/3715 4072/4072/3734 4073/4073/3735
f 4072/4072/3734 4074/4074/3736 4073/4073/3735
f 4072/4072/3734 4071/4071/3733 4074/4074/3736
f 4066/4066/3728 4075/4075/3737 4071/4071/3733
f 4076/4076/3738 4074/4074/3736 4071/4071/3733
f 4077/4077/3739 4074/4074/3736 4076/4076/3738
f 4078/4078/3740 4074/4074/3736 4077/4077/3739
f 4079/4079/3741 4071/4071/3733 4075/4075/3737
f 4075/4075/3737 4080/4080/3742 4079/4079/3741
f 4075/4075/3737 4081/4081/3743 4080/4080/3742
f 4082/4082/3702 4080/4080/3742 4081/4081/3743
f 4083/4083/3744 4082/4082/3702 4081/4081/3743
f 4083/4083/3744 4084/4084/3701 4082/4082/3702
f 4085/4085/3697 4084/4084/3701 4083/4083/3744
f 4083/4083/3744 4086/4086/3745 4085/4085/3697
f 4087/4087/3699 4085/4085/3697 4086/4086/3745
f 4086/4086/3745 3977/3977/3644 4087/4087/3699
f 4086/4086/3745 4083/4083/3744 4088/4088/3746
f 4083/4083/3744 4089/4089/3747 4088/4088/3746
f 4083/4083/3744 4081/4081/3743 4089/4089/3747
f 4090/4090/3748 4079/4079/3741 4080/4080/3742
f 4090/4090/3748 4091/4091/3749 4079/4079/3741
f 4079/4079/3741 4091/4091/3749 4092/4092/3750
f 4071/4071/3733 4079/4079/3741 4092/4092/3750
f 4092/4092/3750 4091/4091/3749 4093/4093/3751
f 4093/4093/3751 4094/4094/3752 4092/4092/3750
f 4094/4094/3752 4095/4095/3753 4092/4092/3750
f 4092/4092/3750 4095/4095/3753 4076/4076/3738
f 4076/4076/3738 4071/4071/3733 4092/4092/3750
f 4094/4094/3752 4096/4096/3754 4095/4095/3753
f 4095/4095/3753 4096/4096/3754 4076/4076/3738
f 4077/4077/3739 4076/4076/3738 4096/4096/3754
f 4077/4077/3739 4096/4096/3754 4097/4097/3755
f 4096/4096/3754 4098/4098/3756 4097/4097/3755
f 4096/4096/3754 4099/4099/3757 4098/4098/3756
f 4096/4096/3754 4094/4094/3752 4099/4099/3757
f 4100/4100/3758 4098/4098/3756 4099/4099/3757
f 4100/4100/3758 4101/4101/3759 4098/4098/3756
f 4102/4102/3760 4097/4097/3755 4098/4098/3756
f 4098/4098/3756 4101/4101/3759 4102/4102/3760
f 4103/4103/3761 4077/4077/3739 4097/4097/3755
f 4101/4101/3759 4104/4104/3762 4102/4102/3760
f 4097/4097/3755 4102/4102/3760 4105/4105/3763
f 4104/4104/3762 4105/4105/3763 4102/4102/3760
f 4105/4105/3763 4106/4106/3764 4097/4097/3755
f 4097/4097/3755 4106/4106/3764 4103/4103/3761
f 4107/4107/3765 4103/4103/3761 4106/4106/3764
f 4107/4107/3765 4108/4108/3766 4103/4103/3761
f 4108/4108/3766 4107/4107/3765 4109/4109/3767
f 4108/4108/3766 4109/4109/3767 4110/4110/3768
f 4110/4110/3768 4074/4074/3736 4108/4108/3766
f 4074/4074/3736 4110/4110/3768 4111/4111/3769
f 4111/4111/3769 4110/4110/3768 4112/4112/3770
f 4112/4112/3770 4110/4110/3768 4109/4109/3767
f 4112/4112/3770 4109/4109/3767 4113/4113/3771
f 4114/4114/3772 4112/4112/3770 4113/4113/3771
f 4114/4114/3772 4115/4115/3773 4112/4112/3770
f 4116/4116/3774 4112/4112/3770 4115/4115/3773
f 4111/4111/3769 4112/4112/3770 4116/4116/3774
f 4116/4116/3774 4115/4115/3773 4117/4117/3775
f 4118/4118/3776 4117/4117/3775 4115/4115/3773
f 4048/4048/3710 4117/4117/3775 4118/4118/3776
f 4048/4048/3710 4053/4053/3715 4117/4117/3775
f 4053/4053/3715 4116/4116/3774 4117/4117/3775
f 4047/4047/3709 4048/4048/3710 4118/4118/3776
f 4047/4047/3709 4118/4118/3776 4119/4119/3777
f 4047/4047/3709 4119/4119/3777 4044/4044/3706
f 4120/4120/3778 4044/4044/3706 4119/4119/3777
f 4120/4120/3778 4119/4119/3777 4121/4121/3779
f 4041/4041/3703 4120/4120/3778 4121/4121/3779
f 4121/4121/3779 4119/4119/3777 4122/4122/3780
f 4118/4118/3776 4122/4122/3780 4119/4119/3777
f 4122/4122/3780 4123/4123/3781 4121/4121/3779
f 4121/4121/3779 4124/4124/3497 4041/4041/3703
f 4123/4123/3781 4124/4124/3497 4121/4121/3779
f 4041/4041/3703 4124/4124/3497 4125/4125/3782
f 4126/4126/3783 4125/4125/3782 4124/4124/3497
f 4127/4127/3784 4126/4126/3783 4124/4124/3497
f 4127/4127/3784 4124/4124/3497 4123/4123/3781
f 4127/4127/3784 4123/4123/3781 4128/4128/3785
f 4041/4041/3703 4125/4125/3782 4033/4033/3696
f 4125/4125/3782 4129/4129/3742 4033/4033/3696
f 4125/4125/3782 4126/4126/3783 4130/4130/3786
f 4125/4125/3782 4130/4130/3786 4129/4129/3742
f 4126/4126/3783 4131/4131/3787 4130/4130/3786
f 4131/4131/3787 4129/4129/3742 4130/4130/3786
f 4132/4132/3788 4131/4131/3787 4126/4126/3783
f 4127/4127/3784 4128/4128/3785 4133/4133/3789
f 4134/4134/3790 4127/4127/3784 4133/4133/3789
f 4134/4134/3790 4133/4133/3789 4132/4132/3788
f 4134/4134/3790 4132/4132/3788 4126/4126/3783
f 4134/4134/3790 4126/4126/3783 4127/4127/3784
f 4033/4033/3696 4129/4129/3742 4040/4040/3702
f 4133/4133/3789 4135/4135/3791 4132/4132/3788
f 4133/4133/3789 4136/4136/3792 4135/4135/3791
f 4137/4137/3793 4136/4136/3792 4133/4133/3789
f 4128/4128/3785 4137/4137/3793 4133/4133/3789
f 4135/4135/3791 4136/4136/3792 4138/4138/3794
f 4138/4138/3794 4136/4136/3792 4139/4139/3795
f 4140/4140/3796 4139/4139/3795 4136/4136/3792
f 4137/4137/3793 4140/4140/3796 4136/4136/3792
f 4137/4137/3793 4128/4128/3785 4141/4141/3797
f 4137/4137/3793 4141/4141/3797 4142/4142/3798
f 4140/4140/3796 4137/4137/3793 4142/4142/3798
f 4142/4142/3798 4141/4141/3797 4115/4115/3773
f 4118/4118/3776 4115/4115/3773 4141/4141/3797
f 4118/4118/3776 4141/4141/3797 4122/4122/3780
f 4122/4122/3780 4141/4141/3797 4123/4123/3781
f 4128/4128/3785 4123/4123/3781 4141/4141/3797
f 4142/4142/3798 4115/4115/3773 4114/4114/3772
f 4143/4143/3799 4139/4139/3795 4140/4140/3796
f 4140/4140/3796 4142/4142/3798 4143/4143/3799
f 4142/4142/3798 4144/4144/3800 4143/4143/3799
f 4144/4144/3800 4142/4142/3798 4114/4114/3772
f 4144/4144/3800 4145/4145/3801 4143/4143/3799
f 4146/4146/3802 4143/4143/3799 4145/4145/3801
f 4146/4146/3802 4147/4147/3803 4143/4143/3799
f 4138/4138/3794 4139/4139/3795 4147/4147/3803
f 4147/4147/3803 4139/4139/3795 4143/4143/3799
f 4148/4148/3804 4147/4147/3803 4146/4146/3802
f 4149/4149/3805 4148/4148/3804 4146/4146/3802
f 4149/4149/3805 4150/4150/3806 4148/4148/3804
f 4151/4151/3757 4148/4148/3804 4150/4150/3806
f 4147/4147/3803 4148/4148/3804 4151/4151/3757
f 4152/4152/3807 4149/4149/3805 4146/4146/3802
f 4145/4145/3801 4153/4153/3808 4146/4146/3802
f 4152/4152/3807 4146/4146/3802 4153/4153/3808
f 4152/4152/3807 4153/4153/3808 4154/4154/3809
f 4153/4153/3808 4155/4155/3810 4154/4154/3809
f 4153/4153/3808 4156/4156/3811 4155/4155/3810
f 4145/4145/3801 4156/4156/3811 4153/4153/3808
f 4152/4152/3807 4154/4154/3809 4157/4157/3812
f 4158/4158/3762 4152/4152/3807 4157/4157/3812
f 4149/4149/3805 4152/4152/3807 4158/4158/3762
f 4159/4159/3813 4149/4149/3805 4158/4158/3762
f 4159/4159/3813 4150/4150/3806 4149/4149/3805
f 4156/4156/3811 4145/4145/3801 4160/4160/3679
f 4161/4161/3814 4160/4160/3679 4145/4145/3801
f 4161/4161/3814 4162/4162/3815 4160/4160/3679
f 4161/4161/3814 4113/4113/3771 4162/4162/3815
f 4113/4113/3771 4109/4109/3767 4162/4162/3815
f 4163/4163/3816 4162/4162/3815 4109/4109/3767
f 4109/4109/3767 4107/4107/3765 4163/4163/3816
f 4107/4107/3765 4164/4164/3817 4163/4163/3816
f 4107/4107/3765 4106/4106/3764 4164/4164/3817
f 4162/4162/3815 4163/4163/3816 4165/4165/3818
f 4163/4163/3816 4164/4164/3817 4165/4165/3818
f 4165/4165/3818 4160/4160/3679 4162/4162/3815
f 4166/4166/3819 4156/4156/3811 4160/4160/3679
f 4156/4156/3811 4166/4166/3819 4155/4155/3810
f 4167/4167/3820 4155/4155/3810 4166/4166/3819
f 4166/4166/3819 4168/4168/3821 4167/4167/3820
f 4166/4166/3819 4169/4169/3822 4168/4168/3821
f 4166/4166/3819 4160/4160/3679 4169/4169/3822
f 4170/4170/3823 4168/4168/3821 4169/4169/3822
f 4165/4165/3818 4171/4171/3824 4160/4160/3679
f 4164/4164/3817 4171/4171/3824 4165/4165/3818
f 4169/4169/3822 4160/4160/3679 4171/4171/3824
f 4172/4172/3825 4169/4169/3822 4171/4171/3824
f 4173/4173/3826 4172/4172/3825 4171/4171/3824
f 4164/4164/3817 4173/4173/3826 4171/4171/3824
f 4106/4106/3764 4173/4173/3826 4164/4164/3817
f 4106/4106/3764 4174/4174/3827 4173/4173/3826
f 4174/4174/3827 4175/4175/3828 4173/4173/3826
f 4173/4173/3826 4176/4176/3829 4172/4172/3825
f 4173/4173/3826 4175/4175/3828 4176/4176/3829
f 4177/4177/3830 4168/4168/3821 4170/4170/3823
f 4178/4178/3831 4168/4168/3821 4177/4177/3830
f 4178/4178/3831 4177/4177/3830 4179/4179/3832
f 4179/4179/3832 4180/4180/3793 4178/4178/3831
f 4179/4179/3832 4181/4181/3833 4180/4180/3793
f 4180/4180/3793 4181/4181/3833 4182/4182/3834
f 4183/4183/3835 4182/4182/3834 4181/4181/3833
f 4183/4183/3835 4184/4184/3836 4182/4182/3834
f 4185/4185/3837 4184/4184/3836 4183/4183/3835
f 4184/4184/3836 4185/4185/3837 4186/4186/3838
f 4186/4186/3838 4187/4187/3839 4184/4184/3836
f 4184/4184/3836 4187/4187/3839 4182/4182/3834
f 4188/4188/3840 4182/4182/3834 4187/4187/3839
f 4189/4189/3395 4181/4181/3833 4179/4179/3832
f 4181/4181/3833 4189/4189/3395 4183/4183/3835
f 4179/4179/3832 4190/4190/3841 4189/4189/3395
f 4190/4190/3841 4179/4179/3832 4177/4177/3830
f 4190/4190/3841 4191/4191/3842 4189/4189/3395
f 4190/4190/3841 4192/4192/3843 4191/4191/3842
f 4190/4190/3841 4193/4193/3844 4192/4192/3843
f 4193/4193/3844 4194/4194/3845 4192/4192/3843
f 4193/4193/3844 4195/4195/3846 4194/4194/3845
f 4195/4195/3846 4196/4196/3360 4194/4194/3845
f 4194/4194/3845 4196/4196/3360 4197/4197/3847
f 4198/4198/3848 4197/4197/3847 4196/4196/3360
f 4199/4199/3849 4198/4198/3848 4196/4196/3360
f 4196/4196/3360 4195/4195/3846 4199/4199/3849
f 4199/4199/3849 4200/4200/3850 4198/4198/3848
f 4200/4200/3850 4201/4201/3851 4198/4198/3848
f 4202/4202/3852 4201/4201/3851 4200/4200/3850
f 4203/4203/3853 4198/4198/3848 4201/4201/3851
f 4204/4204/3854 4197/4197/3847 4198/4198/3848
f 4204/4204/3854 4198/4198/3848 4203/4203/3853
f 4205/4205/3855 4197/4197/3847 4204/4204/3854
f 4203/4203/3853 4206/4206/3856 4204/4204/3854
f 4206/4206/3856 4205/4205/3855 4204/4204/3854
f 4207/4207/3857 4205/4205/3855 4206/4206/3856
f 4195/4195/3846 4208/4208/3858 4199/4199/3849
f 4193/4193/3844 4208/4208/3858 4195/4195/3846
f 4207/4207/3857 4209/4209/3859 4205/4205/3855
f 4205/4205/3855 4209/4209/3859 4210/4210/3860
f 4205/4205/3855 4210/4210/3860 4197/4197/3847
f 4175/4175/3828 4199/4199/3849 4208/4208/3858
f 4200/4200/3850 4199/4199/3849 4175/4175/3828
f 4175/4175/3828 4208/4208/3858 4176/4176/3829
f 4211/4211/3861 4176/4176/3829 4208/4208/3858
f 4172/4172/3825 4176/4176/3829 4211/4211/3861
f 4172/4172/3825 4211/4211/3861 4169/4169/3822
f 4170/4170/3823 4169/4169/3822 4211/4211/3861
f 4208/4208/3858 4212/4212/3862 4211/4211/3861
f 4212/4212/3862 4170/4170/3823 4211/4211/3861
f 4170/4170/3823 4212/4212/3862 4177/4177/3830
f 4212/4212/3862 4208/4208/3858 4193/4193/3844
f 4190/4190/3841 4212/4212/3862 4193/4193/3844
f 4177/4177/3830 4212/4212/3862 4190/4190/3841
f 4209/4209/3859 4207/4207/3857 4213/4213/3863
f 4213/4213/3863 4214/4214/3864 4209/4209/3859
f 4213/4213/3863 4215/4215/3865 4214/4214/3864
f 4215/4215/3865 4213/4213/3863 4216/4216/3866
f 4216/4216/3866 4213/4213/3863 4217/4217/3867
f 4216/4216/3866 4217/4217/3867 4218/4218/3868
f 4219/4219/3869 4218/4218/3868 4217/4217/3867
f 4219/4219/3869 4217/4217/3867 4220/4220/3492
f 4220/4220/3492 4221/4221/3870 4219/4219/3869
f 4220/4220/3492 4217/4217/3867 4222/4222/3491
f 4220/4220/3492 4223/4223/3871 4221/4221/3870
f 4224/4224/3791 4221/4221/3870 4223/4223/3871
f 4225/4225/3872 4220/4220/3492 4222/4222/3491
f 4223/4223/3871 4220/4220/3492 4225/4225/3872
f 4226/4226/3838 4223/4223/3871 4225/4225/3872
f 4225/4225/3872 4227/4227/3839 4226/4226/3838
f 4225/4225/3872 4228/4228/3873 4227/4227/3839
f 4225/4225/3872 4222/4222/3491 4228/4228/3873
f 4222/4222/3491 4206/4206/3856 4228/4228/3873
f 4229/4229/3874 4215/4215/3865 4216/4216/3866
f 4216/4216/3866 4218/4218/3868 4229/4229/3874
f 4229/4229/3874 4230/4230/3875 4215/4215/3865
f 4229/4229/3874 4231/4231/3876 4230/4230/3875
f 4231/4231/3876 4232/4232/3877 4230/4230/3875
f 4230/4230/3875 4232/4232/3877 4233/4233/3878
f 4230/4230/3875 4233/4233/3878 4215/4215/3865
f 4214/4214/3864 4215/4215/3865 4233/4233/3878
f 4233/4233/3878 4232/4232/3877 4234/4234/3879
f 4233/4233/3878 4234/4234/3879 4235/4235/3880
f 4233/4233/3878 4235/4235/3880 4236/4236/3881
f 4233/4233/3878 4236/4236/3881 4214/4214/3864
f 4237/4237/3882 4236/4236/3881 4235/4235/3880
f 4238/4238/3883 4237/4237/3882 4235/4235/3880
f 4234/4234/3879 4238/4238/3883 4235/4235/3880
f 4234/4234/3879 4232/4232/3877 4239/4239/3884
f 4240/4240/3885 4239/4239/3884 4232/4232/3877
f 4240/4240/3885 4232/4232/3877 4241/4241/3886
f 4231/4231/3876 4241/4241/3886 4232/4232/3877
f 4239/4239/3884 4240/4240/3885 4242/4242/3887
f 4243/4243/3888 4242/4242/3887 4240/4240/3885
f 4244/4244/3350 4243/4243/3888 4240/4240/3885
f 4244/4244/3350 4240/4240/3885 4241/4241/3886
f 4245/4245/3889 4242/4242/3887 4243/4243/3888
f 4243/4243/3888 4246/4246/3871 4245/4245/3889
f 4242/4242/3887 4245/4245/3889 4185/4185/3837
f 4245/4245/3889 4246/4246/3871 4186/4186/3838
f 4185/4185/3837 4245/4245/3889 4186/4186/3838
f 4183/4183/3835 4242/4242/3887 4185/4185/3837
f 4191/4191/3842 4237/4237/3882 4238/4238/3883
f 4192/4192/3843 4237/4237/3882 4191/4191/3842
f 4237/4237/3882 4192/4192/3843 4194/4194/3845
f 4194/4194/3845 4210/4210/3860 4237/4237/3882
f 4191/4191/3842 4238/4238/3883 4247/4247/3890
f 4183/4183/3835 4247/4247/3890 4242/4242/3887
f 4242/4242/3887 4247/4247/3890 4248/4248/3891
f 4248/4248/3891 4247/4247/3890 4238/4238/3883
f 4242/4242/3887 4248/4248/3891 4239/4239/3884
f 4248/4248/3891 4238/4238/3883 4234/4234/3879
f 4239/4239/3884 4248/4248/3891 4234/4234/3879
f 4247/4247/3890 4183/4183/3835 4189/4189/3395
f 4189/4189/3395 4191/4191/3842 4247/4247/3890
f 4197/4197/3847 4210/4210/3860 4194/4194/3845
f 4249/4249/3892 4250/4250/3791 4246/4246/3871
f 4243/4243/3888 4251/4251/3893 4249/4249/3892
f 4244/4244/3350 4251/4251/3893 4243/4243/3888
f 4243/4243/3888 4249/4249/3892 4246/4246/3871
f 4237/4237/3882 4210/4210/3860 4236/4236/3881
f 4210/4210/3860 4209/4209/3859 4236/4236/3881
f 4209/4209/3859 4214/4214/3864 4236/4236/3881
f 3837/3837/3515 3687/3687/3371 3681/3681/3365
f 3837/3837/3515 3681/3681/3365 3678/3678/3362
f 3678/3678/3362 3836/3836/3514 3837/3837/3515
f 3836/3836/3514 3678/3678/3362 4252/4252/3894
f 4253/4253/3895 3836/3836/3514 4252/4252/3894
f 4252/4252/3894 4254/4254/3896 4253/4253/3895
f 4255/4255/3897 4253/4253/3895 4254/4254/3896
f 4256/4256/3898 4255/4255/3897 4254/4254/3896
f 4256/4256/3898 4257/4257/3899 4255/4255/3897
f 4256/4256/3898 4258/4258/3900 4257/4257/3899
f 4258/4258/3900 4256/4256/3898 4259/4259/3901
f 4260/4260/3902 4258/4258/3900 4259/4259/3901
f 4260/4260/3902 4261/4261/3903 4258/4258/3900
f 4258/4258/3900 4262/4262/3904 4257/4257/3899
f 4263/4263/3905 4262/4262/3904 4258/4258/3900
f 4261/4261/3903 4263/4263/3905 4258/4258/3900
f 4262/4262/3904 4263/4263/3905 4264/4264/3906
f 4257/4257/3899 4262/4262/3904 4264/4264/3906
f 4257/4257/3899 4264/4264/3906 4265/4265/3907
f 4257/4257/3899 4265/4265/3907 4255/4255/3897
f 4266/4266/3908 4265/4265/3907 4264/4264/3906
f 4266/4266/3908 4267/4267/3909 4265/4265/3907
f 4268/4268/3910 4265/4265/3907 4267/4267/3909
f 4265/4265/3907 4268/4268/3910 4255/4255/3897
f 4261/4261/3903 4269/4269/3895 4263/4263/3905
f 4269/4269/3895 4270/4270/3508 4263/4263/3905
f 4263/4263/3905 4270/4270/3508 4264/4264/3906
f 4266/4266/3908 4264/4264/3906 4271/4271/3911
f 4270/4270/3508 4271/4271/3911 4264/4264/3906
f 4270/4270/3508 4272/4272/3912 4271/4271/3911
f 4271/4271/3911 4273/4273/3913 4266/4266/3908
f 4271/4271/3911 4274/4274/3914 4273/4273/3913
f 4275/4275/3915 4266/4266/3908 4273/4273/3913
f 4266/4266/3908 4275/4275/3915 4267/4267/3909
f 4267/4267/3909 4275/4275/3915 4276/4276/3916
f 4276/4276/3916 4275/4275/3915 4277/4277/3917
f 4276/4276/3916 4277/4277/3917 4278/4278/3918
f 4278/4278/3918 4279/4279/3919 4276/4276/3916
f 4275/4275/3915 4280/4280/3535 4277/4277/3917
f 4280/4280/3535 4281/4281/3920 4277/4277/3917
f 4282/4282/3921 4281/4281/3920 4280/4280/3535
f 4283/4283/3922 4282/4282/3921 4280/4280/3535
f 4283/4283/3922 4280/4280/3535 4284/4284/3923
f 4273/4273/3913 4284/4284/3923 4275/4275/3915
f 4275/4275/3915 4284/4284/3923 4280/4280/3535
f 4282/4282/3921 4285/4285/3924 4281/4281/3920
f 4285/4285/3924 4286/4286/3925 4281/4281/3920
f 4287/4287/3926 4286/4286/3925 4285/4285/3924
f 4281/4281/3920 4288/4288/3927 4277/4277/3917
f 4281/4281/3920 4286/4286/3925 4288/4288/3927
f 4278/4278/3918 4277/4277/3917 4288/4288/3927
f 4282/4282/3921 4283/4283/3922 4289/4289/3928
f 4289/4289/3928 4283/4283/3922 4284/4284/3923
f 4289/4289/3928 4284/4284/3923 4290/4290/3929
f 4289/4289/3928 4290/4290/3929 4291/4291/3930
f 4290/4290/3929 4274/4274/3914 4291/4291/3930
f 4292/4292/3750 4291/4291/3930 4274/4274/3914
f 4289/4289/3928 4291/4291/3930 4293/4293/3931
f 4293/4293/3931 4291/4291/3930 4294/4294/3932
f 4294/4294/3932 4295/4295/3933 4293/4293/3931
f 4296/4296/3934 4293/4293/3931 4295/4295/3933
f 4297/4297/3935 4296/4296/3934 4295/4295/3933
f 4295/4295/3933 4298/4298/3936 4297/4297/3935
f 4298/4298/3936 4295/4295/3933 4294/4294/3932
f 4299/4299/3937 4297/4297/3935 4298/4298/3936
f 4300/4300/3938 4299/4299/3937 4298/4298/3936
f 4301/4301/3939 4299/4299/3937 4300/4300/3938
f 4302/4302/3940 4301/4301/3939 4300/4300/3938
f 4302/4302/3940 4300/4300/3938 4303/4303/3941
f 4303/4303/3941 4300/4300/3938 4304/4304/3942
f 4300/4300/3938 4298/4298/3936 4304/4304/3942
f 4301/4301/3939 4305/4305/3943 4299/4299/3937
f 4299/4299/3937 4305/4305/3943 4306/4306/3944
f 4306/4306/3944 4297/4297/3935 4299/4299/3937
f 4305/4305/3943 4307/4307/3945 4306/4306/3944
f 4308/4308/3946 4296/4296/3934 4297/4297/3935
f 4308/4308/3946 4297/4297/3935 4306/4306/3944
f 4309/4309/3947 4302/4302/3940 4303/4303/3941
f 4309/4309/3947 4303/4303/3941 4310/4310/3948
f 4303/4303/3941 4304/4304/3942 4311/4311/3949
f 4304/4304/3942 4298/4298/3936 4311/4311/3949
f 4303/4303/3941 4311/4311/3949 4292/4292/3750
f 4292/4292/3750 4310/4310/3948 4303/4303/3941
f 4312/4312/3950 4310/4310/3948 4292/4292/3750
f 4310/4310/3948 4312/4312/3950 4313/4313/3951
f 4309/4309/3947 4310/4310/3948 4313/4313/3951
f 4314/4314/3952 4313/4313/3951 4312/4312/3950
f 4315/4315/3953 4313/4313/3951 4314/4314/3952
f 4315/4315/3953 4309/4309/3947 4313/4313/3951
f 4316/4316/3954 4315/4315/3953 4314/4314/3952
f 4316/4316/3954 4314/4314/3952 4317/4317/3955
f 4318/4318/3956 4316/4316/3954 4317/4317/3955
f 4317/4317/3955 4314/4314/3952 4269/4269/3895
f 4317/4317/3955 4269/4269/3895 4319/4319/3957
f 4320/4320/3958 4317/4317/3955 4319/4319/3957
f 4318/4318/3956 4317/4317/3955 4320/4320/3958
f 4318/4318/3956 4320/4320/3958 4321/4321/3959
f 4322/4322/3960 4321/4321/3959 4320/4320/3958
f 4320/4320/3958 4319/4319/3957 4323/4323/3961
f 4324/4324/3962 4320/4320/3958 4323/4323/3961
f 4322/4322/3960 4320/4320/3958 4324/4324/3962
f 4323/4323/3961 4319/4319/3957 4325/4325/3364
f 4323/4323/3961 4325/4325/3364 4324/4324/3962
f 4326/4326/3963 4325/4325/3364 4319/4319/3957
f 4261/4261/3903 4326/4326/3963 4319/4319/3957
f 4261/4261/3903 4319/4319/3957 4269/4269/3895
f 4325/4325/3364 4327/4327/3946 4324/4324/3962
f 4326/4326/3963 4261/4261/3903 4328/4328/3964
f 4329/4329/3965 4322/4322/3960 4324/4324/3962
f 4328/4328/3964 4330/4330/3966 4326/4326/3963
f 4330/4330/3966 4325/4325/3364 4326/4326/3963
f 4325/4325/3364 4331/4331/3967 4327/4327/3946
f 4325/4325/3364 4330/4330/3966 4331/4331/3967
f 4330/4330/3966 4332/4332/3968 4331/4331/3967
f 4328/4328/3964 4332/4332/3968 4330/4330/3966
f 4328/4328/3964 4333/4333/3969 4332/4332/3968
f 4260/4260/3902 4333/4333/3969 4328/4328/3964
f 4328/4328/3964 4261/4261/3903 4260/4260/3902
f 4260/4260/3902 4259/4259/3901 4333/4333/3969
f 4259/4259/3901 4334/4334/3970 4333/4333/3969
f 4334/4334/3970 4259/4259/3901 4335/4335/3714
f 4336/4336/3971 4335/4335/3714 4259/4259/3901
f 4336/4336/3971 4337/4337/3972 4335/4335/3714
f 4254/4254/3896 4337/4337/3972 4336/4336/3971
f 4337/4337/3972 4254/4254/3896 4252/4252/3894
f 3680/3680/3364 4337/4337/3972 4252/4252/3894
f 3680/3680/3364 4252/4252/3894 3678/3678/3362
f 4338/4338/3973 4337/4337/3972 3680/3680/3364
f 4339/4339/3974 4338/4338/3973 3680/3680/3364
f 4336/4336/3971 4256/4256/3898 4254/4254/3896
f 4336/4336/3971 4259/4259/3901 4256/4256/3898
f 4340/4340/3975 4335/4335/3714 4337/4337/3972
f 4338/4338/3973 4340/4340/3975 4337/4337/3972
f 3680/3680/3364 3682/3682/3366 4339/4339/3974
f 4341/4341/3976 4342/4342/3977 4343/4343/3978
f 4342/4342/3977 4341/4341/3976 4344/4344/3979
f 4344/4344/3979 4285/4285/3924 4342/4342/3977
f 4342/4342/3977 4285/4285/3924 4282/4282/3921
f 4342/4342/3977 4282/4282/3921 4345/4345/3980
f 4343/4343/3978 4342/4342/3977 4345/4345/3980
f 4345/4345/3980 4282/4282/3921 4289/4289/3928
f 4293/4293/3931 4345/4345/3980 4289/4289/3928
f 4343/4343/3978 4345/4345/3980 4293/4293/3931
f 4344/4344/3979 4287/4287/3926 4285/4285/3924
f 4341/4341/3976 4343/4343/3978 4346/4346/3981
f 4347/4347/3982 4341/4341/3976 4346/4346/3981
f 4343/4343/3978 4296/4296/3934 4346/4346/3981
f 4343/4343/3978 4293/4293/3931 4296/4296/3934
f 4347/4347/3982 4346/4346/3981 4308/4308/3946
f 4346/4346/3981 4296/4296/3934 4308/4308/3946
f 4287/4287/3926 4348/4348/3714 4286/4286/3925
f 4288/4288/3927 4286/4286/3925 4348/4348/3714
f 4288/4288/3927 4348/4348/3714 4349/4349/3975
f 4350/4350/3983 4288/4288/3927 4349/4349/3975
f 4278/4278/3918 4288/4288/3927 4350/4350/3983
f 4351/4351/3984 4278/4278/3918 4350/4350/3983
f 4350/4350/3983 4352/4352/3985 4351/4351/3984
f 4351/4351/3984 4352/4352/3985 3863/3863/3541
f 4351/4351/3984 3863/3863/3541 3862/3862/3540
f 3864/3864/3542 3863/3863/3541 4352/4352/3985
f 4353/4353/3986 3864/3864/3542 4352/4352/3985
f 4354/4354/3987 4353/4353/3986 4352/4352/3985
f 4350/4350/3983 4354/4354/3987 4352/4352/3985
f 4350/4350/3983 4349/4349/3975 4354/4354/3987
f 3862/3862/3540 4355/4355/3988 4351/4351/3984
f 4351/4351/3984 4356/4356/3989 4278/4278/3918
f 4279/4279/3919 4278/4278/3918 4356/4356/3989
f 4356/4356/3989 4357/4357/3990 4279/4279/3919
f 4358/4358/3991 4357/4357/3990 4356/4356/3989
f 4279/4279/3919 4357/4357/3990 4359/4359/3992
f 4279/4279/3919 4359/4359/3992 4276/4276/3916
f 4359/4359/3992 4267/4267/3909 4276/4276/3916
f 4359/4359/3992 4268/4268/3910 4267/4267/3909
f 4357/4357/3990 4360/4360/3993 4359/4359/3992
f 4268/4268/3910 4359/4359/3992 4360/4360/3993
f 4358/4358/3991 4360/4360/3993 4357/4357/3990
f 4268/4268/3910 4360/4360/3993 4255/4255/3897
f 4253/4253/3895 4255/4255/3897 4360/4360/3993
f 4361/4361/3994 4253/4253/3895 4360/4360/3993
f 4358/4358/3991 4361/4361/3994 4360/4360/3993
f 4361/4361/3994 3836/3836/3514 4253/4253/3895
f 4361/4361/3994 3834/3834/3512 3836/3836/3514
f 4361/4361/3994 3842/3842/3520 3834/3834/3512
f 4358/4358/3991 3842/3842/3520 4361/4361/3994
f 4355/4355/3988 3842/3842/3520 4358/4358/3991
f 3842/3842/3520 4355/4355/3988 3851/3851/3529
f 3851/3851/3529 4355/4355/3988 3853/3853/3531
f 4355/4355/3988 4358/4358/3991 4362/4362/3995
f 4355/4355/3988 4362/4362/3995 4351/4351/3984
f 4362/4362/3995 4356/4356/3989 4351/4351/3984
f 4355/4355/3988 3862/3862/3540 3853/3853/3531
f 4356/4356/3989 4362/4362/3995 4358/4358/3991
f 4298/4298/3936 4294/4294/3932 4311/4311/3949
f 4311/4311/3949 4294/4294/3932 4291/4291/3930
f 4292/4292/3750 4311/4311/3949 4291/4291/3930
f 4312/4312/3950 4292/4292/3750 4363/4363/3996
f 4312/4312/3950 4363/4363/3996 4364/4364/3997
f 4364/4364/3997 4363/4363/3996 4272/4272/3912
f 4270/4270/3508 4364/4364/3997 4272/4272/3912
f 4272/4272/3912 4363/4363/3996 4365/4365/3998
f 4365/4365/3998 4363/4363/3996 4292/4292/3750
f 4272/4272/3912 4365/4365/3998 4271/4271/3911
f 4269/4269/3895 4364/4364/3997 4270/4270/3508
f 4314/4314/3952 4364/4364/3997 4269/4269/3895
f 4314/4314/3952 4312/4312/3950 4364/4364/3997
f 4271/4271/3911 4365/4365/3998 4274/4274/3914
f 4365/4365/3998 4292/4292/3750 4274/4274/3914
f 4274/4274/3914 4290/4290/3929 4273/4273/3913
f 4290/4290/3929 4284/4284/3923 4273/4273/3913
f 3698/3698/3382 3712/3712/3396 3697/3697/3381
f 3712/3712/3396 3701/3701/3385 3697/3697/3381
f 3698/3698/3382 3819/3819/3497 3712/3712/3396
f 3698/3698/3382 3700/3700/3384 3819/3819/3497
f 3707/3707/3391 3710/3710/3394 4366/4366/3999
f 4366/4366/3999 3706/3706/3390 3707/3707/3391
f 4366/4366/3999 3710/3710/3394 3745/3745/3429
f 4367/4367/4000 4368/4368/4001 4369/4369/4002
f 4369/4369/4002 4370/4370/4003 4367/4367/4000
f 4368/4368/4001 4367/4367/4000 4371/4371/4004
f 4371/4371/4004 4372/4372/4005 4368/4368/4001
f 4373/4373/4006 4372/4372/4005 4371/4371/4004
f 4372/4372/4005 4373/4373/4006 4374/4374/4007
f 4375/4375/4008 4374/4374/4007 4373/4373/4006
f 4373/4373/4006 4376/4376/4009 4375/4375/4008
f 4377/4377/4010 4375/4375/4008 4376/4376/4009
f 4375/4375/4008 4377/4377/4010 4378/4378/4011
f 4379/4379/4012 4370/4370/4003 4369/4369/4002
f 4380/4380/4013 4370/4370/4003 4379/4379/4012
f 4381/4381/4014 4380/4380/4013 4379/4379/4012
f 4382/4382/4015 4380/4380/4013 4381/4381/4014
f 4382/4382/4015 4381/4381/4014 4383/4383/4016
f 4383/4383/4016 4384/4384/4016 4382/4382/4015
f 4379/4379/4012 4385/4385/4017 4381/4381/4014
f 4386/4386/4018 4387/4387/4019 4388/4388/4020
f 4389/4389/4020 4388/4388/4020 4387/4387/4019
f 4390/4390/4021 4387/4387/4019 4386/4386/4018
f 4386/4386/4018 4391/4391/4022 4390/4390/4021
f 4392/4392/4023 4390/4390/4021 4391/4391/4022
f 4390/4390/4021 4392/4392/4023 4393/4393/4024
f 4393/4393/4024 4392/4392/4023 4394/4394/4025
f 4394/4394/4025 4395/4395/4026 4393/4393/4024
f 4388/4388/4020 4389/4389/4020 4396/4396/4027
f 4396/4396/4027 4397/4397/4028 4388/4388/4020
f 4397/4397/4028 4396/4396/4027 4398/4398/3626
f 4396/4396/4027 4399/4399/3626 4398/4398/3626
f 4400/4400/4029 4395/4395/4026 4394/4394/4025
f 4401/4401/4030 4400/4400/4029 4394/4394/4025
f 4400/4400/4029 4401/4401/4030 4402/4402/4031
f 4402/4402/4031 4403/4403/4032 4400/4400/4029
f 4001/4001/3666 3984/3984/3651 3996/3996/3662
f 4001/4001/3666 3982/3982/3649 3984/3984/3651
f 4000/4000/3665 4404/4404/4033 4001/4001/3666
f 3999/3999/3664 4405/4405/4034 4000/4000/3665
f 4081/4081/3743 4066/4066/3728 4065/4065/3727
f 4081/4081/3743 4065/4065/3727 4089/4089/3747
f 4089/4089/3747 4065/4065/3727 4406/4406/4035
f 4065/4065/3727 4060/4060/3722 4406/4406/4035
f 4089/4089/3747 4406/4406/4035 4088/4088/3746
f 4406/4406/4035 4407/4407/4036 4088/4088/3746
f 4407/4407/4036 4406/4406/4035 4060/4060/3722
f 4088/4088/3746 4407/4407/4036 4408/4408/4037
f 4407/4407/4036 4409/4409/3847 4408/4408/4037
f 3975/3975/3642 4408/4408/4037 4409/4409/3847
f 4409/4409/3847 4407/4407/4036 4061/4061/3723
f 4061/4061/3723 4407/4407/4036 4060/4060/3722
f 4410/4410/4038 4409/4409/3847 4061/4061/3723
f 4409/4409/3847 4410/4410/4038 4411/4411/4039
f 4412/4412/4040 4411/4411/4039 4410/4410/4038
f 4412/4412/4040 3979/3979/3646 4411/4411/4039
f 4411/4411/4039 3979/3979/3646 3969/3969/3637
f 4412/4412/4040 3980/3980/3647 3979/3979/3646
f 3986/3986/3653 3980/3980/3647 4412/4412/4040
f 3989/3989/3656 3986/3986/3653 4412/4412/4040
f 4412/4412/4040 4002/4002/3667 3989/3989/3656
f 4002/4002/3667 4412/4412/4040 4017/4017/3680
f 4410/4410/4038 4017/4017/3680 4412/4412/4040
f 4410/4410/4038 4025/4025/3688 4017/4017/3680
f 4025/4025/3688 4410/4410/4038 4063/4063/3725
f 4410/4410/4038 4061/4061/3723 4063/4063/3725
f 4408/4408/4037 3975/3975/3642 3977/3977/3644
f 4413/4413/4041 4411/4411/4039 3969/3969/3637
f 4413/4413/4041 3969/3969/3637 3974/3974/3641
f 3975/3975/3642 4413/4413/4041 3974/3974/3641
f 4409/4409/3847 4413/4413/4041 3975/3975/3642
f 4411/4411/4039 4413/4413/4041 4409/4409/3847
f 4086/4086/3745 4408/4408/4037 3977/3977/3644
f 4408/4408/4037 4086/4086/3745 4088/4088/3746
f 4087/4087/3699 3977/3977/3644 3978/3978/3645
f 4009/4009/3672 4414/4414/4042 4002/4002/3667
f 4414/4414/4042 4009/4009/3672 4004/4004/3669
f 4003/4003/3668 4414/4414/4042 4004/4004/3669
f 4414/4414/4042 4003/4003/3668 4002/4002/3667
f 4111/4111/3769 4116/4116/3774 4073/4073/3735
f 4073/4073/3735 4116/4116/3774 4053/4053/3715
f 4073/4073/3735 4074/4074/3736 4111/4111/3769
f 4074/4074/3736 4078/4078/3740 4108/4108/3766
f 4078/4078/3740 4103/4103/3761 4108/4108/3766
f 4103/4103/3761 4078/4078/3740 4077/4077/3739
f 4415/4415/3840 4228/4228/3873 4416/4416/4043
f 4416/4416/4043 4201/4201/3851 4415/4415/3840
f 4416/4416/4043 4203/4203/3853 4201/4201/3851
f 4416/4416/4043 4228/4228/3873 4203/4203/3853
f 4203/4203/3853 4228/4228/3873 4206/4206/3856
f 4227/4227/3839 4228/4228/3873 4415/4415/3840
f 4207/4207/3857 4206/4206/3856 4222/4222/3491
f 4207/4207/3857 4222/4222/3491 4217/4217/3867
f 4213/4213/3863 4207/4207/3857 4217/4217/3867
f 4188/4188/3840 4417/4417/3851 4418/4418/4044
f 4188/4188/3840 4418/4418/4044 4419/4419/4045
f 4182/4182/3834 4188/4188/3840 4419/4419/4045
f 4419/4419/4045 4180/4180/3793 4182/4182/3834
f 4418/4418/4044 4417/4417/3851 4420/4420/4046
f 4418/4418/4044 4420/4420/4046 4419/4419/4045
f 4419/4419/4045 4421/4421/4047 4180/4180/3793
f 4419/4419/4045 4420/4420/4046 4421/4421/4047
f 4420/4420/4046 4422/4422/4048 4421/4421/4047
f 4422/4422/4048 4420/4420/4046 4423/4423/4049
f 4417/4417/3851 4423/4423/4049 4420/4420/4046
f 4424/4424/4050 4422/4422/4048 4423/4423/4049
f 4167/4167/3820 4421/4421/4047 4422/4422/4048
f 4167/4167/3820 4422/4422/4048 4155/4155/3810
f 4155/4155/3810 4422/4422/4048 4425/4425/4051
f 4425/4425/4051 4154/4154/3809 4155/4155/3810
f 4167/4167/3820 4168/4168/3821 4421/4421/4047
f 4178/4178/3831 4421/4421/4047 4168/4168/3821
f 4180/4180/3793 4421/4421/4047 4178/4178/3831
f 4422/4422/4048 4424/4424/4050 4426/4426/4052
f 4425/4425/4051 4422/4422/4048 4426/4426/4052
f 4425/4425/4051 4427/4427/4053 4154/4154/3809
f 4427/4427/4053 4425/4425/4051 4426/4426/4052
f 4157/4157/3812 4154/4154/3809 4427/4427/4053
f 4035/4035/3698 4019/4019/3682 4021/4021/3684
f 4037/4037/3419 4007/4007/3415 4019/4019/3682
f 4036/4036/3699 4428/4428/3480 4037/4037/3419
f 4429/4429/4054 4430/4430/4055 4431/4431/4056
f 4432/4432/4057 4430/4430/4055 4429/4429/4054
f 4433/4433/4058 4430/4430/4055 4432/4432/4057
f 4431/4431/4056 4430/4430/4055 4434/4434/4059
f 4434/4434/4059 4430/4430/4055 4435/4435/4060
f 4435/4435/4060 4430/4430/4055 4436/4436/4061
f 4436/4436/4061 4430/4430/4055 4437/4437/4062
f 4437/4437/4062 4430/4430/4055 4438/4438/4063
f 4438/4438/4063 4430/4430/4055 4439/4439/4064
f 4439/4439/4064 4430/4430/4055 4440/4440/4065
f 4441/4441/4066 4430/4430/4055 4433/4433/4058
f 4442/4442/4067 4430/4430/4055 4441/4441/4066
f 4443/4443/4068 4430/4430/4055 4442/4442/4067
f 4444/4444/4069 4430/4430/4055 4443/4443/4068
f 4445/4445/4070 4430/4430/4055 4444/4444/4069
f 4446/4446/4071 4430/4430/4055 4445/4445/4070
f 4446/4446/4071 4447/4447/4072 4430/4430/4055
f 4447/4447/4072 4448/4448/4073 4430/4430/4055
f 4440/4440/4065 4430/4430/4055 4448/4448/4073
f 4147/4147/3803 4151/4151/3757 4138/4138/3794
f 4113/4113/3771 4161/4161/3814 4449/4449/4074
f 4161/4161/3814 4144/4144/3800 4449/4449/4074
f 4161/4161/3814 4145/4145/3801 4144/4144/3800
f 4114/4114/3772 4449/4449/4074 4144/4144/3800
f 4449/4449/4074 4114/4114/3772 4113/4113/3771
f 4038/4038/3700 4120/4120/3778 4041/4041/3703
f 4120/4120/3778 4038/4038/3700 4044/4044/3706
f 4450/4450/4075 3766/3766/3449 3764/3764/3349
f 3709/3709/3393 3684/3684/3368 3686/3686/3370
f 4070/4070/3732 4050/4050/3712 4042/4042/3704
f 4070/4070/3732 4042/4042/3704 4043/4043/3705
f 4043/4043/3705 4027/4027/3690 4025/4025/3688
f 4451/4451/4076 4452/4452/4076 4453/4453/4077
f 4453/4453/4077 4454/4454/4078 4451/4451/4076
f 4452/4452/4076 4451/4451/4076 4455/4455/4016
f 4455/4455/4016 4456/4456/4079 4452/4452/4076
f 4456/4456/4079 4455/4455/4016 4457/4457/4080
f 4457/4457/4080 4455/4455/4016 4458/4458/4081
f 4453/4453/4077 4459/4459/4082 4454/4454/4078
f 4460/4460/4083 4454/4454/4078 4459/4459/4082
f 4460/4460/4083 4459/4459/4082 4461/4461/4084
f 4460/4460/4083 4461/4461/4084 4462/4462/4084
f 4463/4463/4085 4464/4464/4085 4465/4465/4086
f 4466/4466/4087 4465/4465/4086 4464/4464/4085
f 4464/4464/4085 4463/4463/4085 4467/4467/4088
f 4468/4468/3607 4467/4467/4088 4463/4463/4085
f 4467/4467/4088 4468/4468/3607 4469/4469/4089
f 4467/4467/4088 4469/4469/4089 4470/4470/4090
f 4471/4471/4091 4465/4465/4086 4466/4466/4087
f 4471/4471/4091 4466/4466/4087 4472/4472/4092
f 4471/4471/4091 4472/4472/4092 4473/4473/4093
f 4473/4473/4093 4472/4472/4092 4474/4474/4094
f 4475/4475/4095 4476/4476/4096 4477/4477/4097
f 4475/4475/4095 4478/4478/4098 4476/4476/4096
f 4479/4479/4099 4477/4477/4097 4476/4476/4096
f 4476/4476/4096 4480/4480/4100 4479/4479/4099
f 4479/4479/4099 4480/4480/4100 4475/4475/4095
f 4480/4480/4100 4478/4478/4098 4475/4475/4095
f 4481/4481/4101 4482/4482/3477 4483/4483/4015
f 4482/4482/3477 4484/4484/4015 4483/4483/4015
f 4482/4482/3477 4481/4481/4101 4485/4485/4102
f 4485/4485/4102 4486/4486/4103 4482/4482/3477
f 4483/4483/4015 4486/4486/4103 4485/4485/4102
f 4483/4483/4015 4484/4484/4015 4486/4486/4103
f 4487/4487/4104 3784/3784/3465 3793/3793/3474
f 4488/4488/4105 4487/4487/4104 3793/3793/3474
f 3784/3784/3465 4487/4487/4104 3783/3783/3464
f 4489/4489/4106 4490/4490/4107 4491/4491/4108
f 4490/4490/4107 4489/4489/4106 4492/4492/4109
f 4492/4492/4109 4489/4489/4106 4493/4493/4110
f 4494/4494/4111 4493/4493/4110 4489/4489/4106
f 4493/4493/4110 4494/4494/4111 4495/4495/4112
f 4492/4492/4109 4493/4493/4110 4496/4496/4113
f 4496/4496/4113 4493/4493/4110 4495/4495/4112
f 4494/4494/4111 4497/4497/4114 4495/4495/4112
f 4497/4497/4114 4494/4494/4111 4498/4498/4115
f 4494/4494/4111 4499/4499/4116 4498/4498/4115
f 4489/4489/4106 4499/4499/4116 4494/4494/4111
f 4499/4499/4116 4489/4489/4106 4491/4491/4108
f 4499/4499/4116 4500/4500/4117 4498/4498/4115
f 4500/4500/4117 4499/4499/4116 4491/4491/4108
f 3962/3962/3361 4501/4501/4118 3963/3963/3632
f 3963/3963/3632 4501/4501/4118 4502/4502/4119
f 3967/3967/3635 4501/4501/4118 3962/3962/3361
f 4175/4175/3828 4503/4503/4120 4200/4200/3850
f 4200/4200/3850 4503/4503/4120 4504/4504/4121
f 4504/4504/4121 4202/4202/3852 4200/4200/3850
f 4503/4503/4120 4175/4175/3828 4505/4505/4122
f 4503/4503/4120 4505/4505/4122 4506/4506/4052
f 4504/4504/4121 4503/4503/4120 4506/4506/4052
f 4505/4505/4122 4175/4175/3828 4174/4174/3827
f 4505/4505/4122 4174/4174/3827 4507/4507/4123
f 4505/4505/4122 4507/4507/4123 4508/4508/4124
f 4505/4505/4122 4508/4508/4124 4506/4506/4052
f 4509/4509/3812 4508/4508/4124 4507/4507/4123
f 4106/4106/3764 4507/4507/4123 4174/4174/3827
f 4105/4105/3763 4507/4507/4123 4106/4106/3764
f 4507/4507/4123 4105/4105/3763 4104/4104/3762
f 4104/4104/3762 4509/4509/3812 4507/4507/4123
f 4510/4510/4125 4511/4511/4126 4512/4512/4127
f 4513/4513/4128 4511/4511/4126 4510/4510/4125
f 4511/4511/4126 4513/4513/4128 4514/4514/4129
f 4515/4515/4130 4514/4514/4129 4513/4513/4128
f 4516/4516/4131 4510/4510/4125 4512/4512/4127
f 4517/4517/4131 4510/4510/4125 4516/4516/4131
f 4514/4514/4129 4515/4515/4130 4518/4518/4132
f 4519/4519/4133 4518/4518/4132 4515/4515/4130
f 4518/4518/4132 4519/4519/4133 4520/4520/4134
f 4521/4521/4135 4520/4520/4134 4519/4519/4133
f 4520/4520/4134 4521/4521/4135 4522/4522/4136
f 4523/4523/4137 4522/4522/4136 4521/4521/4135
f 4522/4522/4136 4523/4523/4137 4524/4524/4138
f 4525/4525/4139 4524/4524/4138 4523/4523/4137
f 4526/4526/4140 4524/4524/4138 4525/4525/4139
f 4525/4525/4139 4527/4527/4141 4526/4526/4140
f 4527/4527/4141 4528/4528/4142 4526/4526/4140
f 4528/4528/4142 4527/4527/4141 4529/4529/4143
f 4529/4529/4143 4530/4530/3361 4528/4528/4142
f 4531/4531/3361 4528/4528/4142 4530/4530/3361
f 4532/4532/4144 4533/4533/3723 4534/4534/4145
f 4535/4535/4146 4532/4532/4144 4534/4534/4145
f 4536/4536/4147 4532/4532/4144 4535/4535/4146
f 4532/4532/4144 4536/4536/4147 4537/4537/4148
f 4538/4538/4149 4537/4537/4148 4536/4536/4147
f 4537/4537/4148 4538/4538/4149 4539/4539/4150
f 4538/4538/4149 4540/4540/4151 4539/4539/4150
f 4539/4539/4150 4540/4540/4151 4541/4541/4152
f 4540/4540/4151 4542/4542/4153 4541/4541/4152
f 4541/4541/4152 4542/4542/4153 4543/4543/4154
f 4542/4542/4153 4544/4544/4155 4543/4543/4154
f 4545/4545/4156 4543/4543/4154 4544/4544/4155
f 4546/4546/4157 4545/4545/4156 4544/4544/4155
f 4547/4547/4158 4546/4546/4157 4544/4544/4155
f 4548/4548/4159 4549/4549/4160 4550/4550/4161
f 4549/4549/4160 4551/4551/4162 4550/4550/4161
f 4550/4550/4161 4552/4552/4163 4548/4548/4159
f 4550/4550/4161 4553/4553/4164 4552/4552/4163
f 4554/4554/4165 4551/4551/4162 4549/4549/4160
f 4554/4554/4165 4555/4555/4166 4551/4551/4162
f 4556/4556/4167 4555/4555/4166 4554/4554/4165
f 4556/4556/4167 4557/4557/4168 4555/4555/4166
f 4557/4557/4168 4556/4556/4167 4558/4558/4169
f 4558/4558/4169 4559/4559/4170 4557/4557/4168
f 4560/4560/4171 4559/4559/4170 4558/4558/4169
f 4560/4560/4171 4561/4561/4172 4559/4559/4170
f 4562/4562/4173 4561/4561/4172 4560/4560/4171
f 4562/4562/4173 4563/4563/4174 4561/4561/4172
f 4563/4563/4174 4562/4562/4173 4564/4564/4175
f 4564/4564/4175 4565/4565/4176 4563/4563/4174
f 4565/4565/4176 4564/4564/4175 4566/4566/4177
f 4566/4566/4177 4567/4567/4178 4565/4565/4176
f 4567/4567/4178 4566/4566/4177 4568/4568/4179
f 4568/4568/4179 4566/4566/4177 4569/4569/4179
f 4570/4570/3382 4571/4571/4180 4572/4572/4181
f 4573/4573/3355 4571/4571/4180 4570/4570/3382
f 4574/4574/4182 4573/4573/3355 4570/4570/3382
f 4575/4575/4183 4573/4573/3355 4574/4574/4182
f 4576/4576/4184 4575/4575/4183 4574/4574/4182
f 4577/4577/4185 4570/4570/3382 4572/4572/4181
f 4578/4578/4186 4575/4575/4183 4576/4576/4184
f 4579/4579/4187 4578/4578/4186 4576/4576/4184
f 4578/4578/4186 4579/4579/4187 4580/4580/4188
f 4581/4581/4189 4580/4580/4188 4579/4579/4187
f 4582/4582/4190 4580/4580/4188 4581/4581/4189
f 4581/4581/4189 4583/4583/4191 4582/4582/4190
f 4583/4583/4191 4584/4584/4192 4582/4582/4190
f 4584/4584/4192 4585/4585/4193 4582/4582/4190
f 4586/4586/4194 4587/4587/4194 4588/4588/4194
f 4588/4588/4194 4589/4589/4195 4586/4586/4194
f 4590/4590/4196 4591/4591/4197 4592/4592/4198
f 4592/4592/4198 4593/4593/4199 4590/4590/4196
f 4590/4590/4196 4593/4593/4199 4594/4594/4200
f 4594/4594/4200 4593/4593/4199 4592/4592/4198
f 4595/4595/4201 4590/4590/4196 4594/4594/4200
f 4594/4594/4200 4592/4592/4198 4596/4596/4202
f 4596/4596/4202 4592/4592/4198 4591/4591/4197
f 4591/4591/4197 4597/4597/4203 4596/4596/4202
f 4597/4597/4203 4591/4591/4197 4590/4590/4196
f 4590/4590/4196 4595/4595/4201 4597/4597/4203
f 4598/4598/4204 4599/4599/4205 4600/4600/4206
f 4599/4599/4205 4601/4601/4207 4600/4600/4206
f 4602/4602/4208 4601/4601/4207 4599/4599/4205
f 4603/4603/4209 4601/4601/4207 4602/4602/4208
f 4598/4598/4204 4600/4600/4206 4604/4604/4210
f 4604/4604/4210 4600/4600/4206 4605/4605/4211
f 4606/4606/4212 4603/4603/4209 4602/4602/4208
f 4607/4607/4213 4603/4603/4209 4606/4606/4212
f 4608/4608/4214 4607/4607/4213 4606/4606/4212
f 4609/4609/4215 4607/4607/4213 4608/4608/4214
f 4610/4610/3894 4609/4609/4215 4608/4608/4214
f 4611/4611/4216 4609/4609/4215 4610/4610/3894
f 4612/4612/4217 4611/4611/4216 4610/4610/3894
f 4613/4613/4218 4611/4611/4216 4612/4612/4217
f 4614/4614/4219 4613/4613/4218 4612/4612/4217
f 4614/4614/4219 4615/4615/4220 4613/4613/4218
f 4614/4614/4219 4616/4616/4221 4615/4615/4220
f 4617/4617/4222 4615/4615/4220 4616/4616/4221
f 4617/4617/4222 4616/4616/4221 4618/4618/4223
f 4618/4618/4223 4616/4616/4221 4619/4619/4223
f 4620/4620/4224 4621/4621/4225 4622/4622/4226
f 4620/4620/4224 4622/4622/4226 4623/4623/4227
f 4624/4624/4226 4623/4623/4227 4622/4622/4226
f 4625/4625/4226 4624/4624/4226 4622/4622/4226
f 4626/4626/4228 4624/4624/4226 4625/4625/4226
f 4627/4627/4229 4626/4626/4228 4625/4625/4226
f 4628/4628/4230 4626/4626/4228 4627/4627/4229
f 4629/4629/4231 4628/4628/4230 4627/4627/4229
f 4628/4628/4230 4629/4629/4231 4630/4630/4232
f 4631/4631/4233 4630/4630/4232 4629/4629/4231
f 4630/4630/4232 4631/4631/4233 4632/4632/4234
f 4632/4632/4234 4631/4631/4233 4633/4633/4235
f 4632/4632/4234 4633/4633/4235 4634/4634/4236
f 4632/4632/4234 4634/4634/4236 4635/4635/4237
f 4636/4636/4238 4637/4637/4239 4638/4638/4240
f 4639/4639/4241 4637/4637/4239 4636/4636/4238
f 4638/4638/4240 4640/4640/4242 4636/4636/4238
f 4640/4640/4242 4641/4641/4243 4636/4636/4238
f 4642/4642/4244 4637/4637/4239 4639/4639/4241
f 4639/4639/4241 4643/4643/4245 4642/4642/4244
f 4644/4644/4246 4642/4642/4244 4643/4643/4245
f 4643/4643/4245 4645/4645/4247 4644/4644/4246
f 4645/4645/4247 4646/4646/4248 4644/4644/4246
f 4645/4645/4247 4647/4647/4249 4646/4646/4248
f 4648/4648/4250 4646/4646/4248 4647/4647/4249
f 4647/4647/4249 4649/4649/4251 4648/4648/4250
f 4650/4650/4252 4648/4648/4250 4649/4649/4251
f 4649/4649/4251 4651/4651/4253 4650/4650/4252
f 4652/4652/4254 4650/4650/4252 4651/4651/4253
f 4651/4651/4253 4653/4653/4255 4652/4652/4254
f 4654/4654/4256 4652/4652/4254 4653/4653/4255
f 4654/4654/4256 4653/4653/4255 4655/4655/4257
f 4655/4655/4257 4656/4656/3377 4654/4654/4256
f 4657/4657/3377 4654/4654/4256 4656/4656/3377
f 4658/4658/4258 4659/4659/4259 4660/4660/4260
f 4661/4661/4261 4660/4660/4260 4659/4659/4259
f 4660/4660/4260 4661/4661/4261 4662/4662/4262
f 4663/4663/3665 4662/4662/4262 4661/4661/4261
f 4662/4662/4262 4663/4663/3665 4664/4664/4263
f 4658/4658/4258 4660/4660/4260 4665/4665/4264
f 4663/4663/3665 4666/4666/4265 4664/4664/4263
f 4664/4664/4263 4666/4666/4265 4667/4667/4266
f 4666/4666/4265 4668/4668/4267 4667/4667/4266
f 4667/4667/4266 4668/4668/4267 4669/4669/4268
f 4669/4669/4268 4668/4668/4267 4670/4670/4269
f 4669/4669/4268 4670/4670/4269 4671/4671/4270
f 4670/4670/4269 4672/4672/4271 4671/4671/4270
f 4670/4670/4269 4673/4673/4272 4672/4672/4271
f 4674/4674/4273 4675/4675/4274 4676/4676/4273
f 4676/4676/4273 4677/4677/4273 4674/4674/4273
f 4678/4678/4275 4679/4679/4276 4680/4680/4277
f 4680/4680/4277 4681/4681/4278 4678/4678/4275
f 4680/4680/4277 4682/4682/4279 4681/4681/4278
f 4681/4681/4278 4682/4682/4279 4678/4678/4275
f 4682/4682/4279 4680/4680/4277 4683/4683/4280
f 4684/4684/4281 4678/4678/4275 4682/4682/4279
f 4679/4679/4276 4678/4678/4275 4684/4684/4281
f 4684/4684/4281 4685/4685/4282 4679/4679/4276
f 4680/4680/4277 4679/4679/4276 4685/4685/4282
f 4685/4685/4282 4683/4683/4280 4680/4680/4277
f 4075/4075/3737 4066/4066/3728 4081/4081/3743
f 4686/4686/4283 4687/4687/4284 4688/4688/4285
f 4688/4688/4285 4689/4689/4286 4686/4686/4283
f 4690/4690/4287 4687/4687/4284 4686/4686/4283
f 4686/4686/4283 4691/4691/4288 4690/4690/4287
f 4692/4692/4289 4690/4690/4287 4691/4691/4288
f 4691/4691/4288 4693/4693/4290 4692/4692/4289
f 4692/4692/4289 4694/4694/4291 4690/4690/4287
f 4692/4692/4289 4695/4695/4292 4694/4694/4291
f 4694/4694/4291 4695/4695/4292 4696/4696/3959
f 4695/4695/4292 4697/4697/3959 4696/4696/3959
f 4696/4696/3959 4697/4697/3959 4698/4698/4262
f 4698/4698/4262 4699/4699/4293 4696/4696/3959
f 4700/4700/4294 4696/4696/3959 4699/4699/4293
f 4699/4699/4293 4701/4701/4295 4700/4700/4294
f 4700/4700/4294 4701/4701/4295 4702/4702/3956
f 4700/4700/4294 4702/4702/3956 4703/4703/3959
f 4704/4704/4296 4700/4700/4294 4703/4703/3959
f 4705/4705/4297 4704/4704/4296 4703/4703/3959
f 4706/4706/4298 4704/4704/4296 4705/4705/4297
f 4705/4705/4297 4707/4707/4299 4706/4706/4298
f 4694/4694/4291 4696/4696/3959 4708/4708/3680
f 4696/4696/3959 4700/4700/4294 4708/4708/3680
f 4708/4708/3680 4700/4700/4294 4704/4704/4296
f 4694/4694/4291 4708/4708/3680 4709/4709/4300
f 4704/4704/4296 4706/4706/4298 4709/4709/4300
f 4709/4709/4300 4708/4708/3680 4704/4704/4296
f 4709/4709/4300 4690/4690/4287 4694/4694/4291
f 4709/4709/4300 4687/4687/4284 4690/4690/4287
f 4706/4706/4298 4687/4687/4284 4709/4709/4300
f 4710/4710/4301 4706/4706/4298 4707/4707/4299
f 4711/4711/4302 4706/4706/4298 4710/4710/4301
f 4711/4711/4302 4687/4687/4284 4706/4706/4298
f 4687/4687/4284 4711/4711/4302 4688/4688/4285
f 4712/4712/3939 4711/4711/4302 4710/4710/4301
f 4688/4688/4285 4711/4711/4302 4712/4712/3939
f 4713/4713/4303 4688/4688/4285 4712/4712/3939
f 4714/4714/3940 4713/4713/4303 4712/4712/3939
f 4688/4688/4285 4713/4713/4303 4689/4689/4286
f 4715/4715/4304 4689/4689/4286 4713/4713/4303
f 4713/4713/4303 4716/4716/4305 4715/4715/4304
f 4717/4717/4306 4716/4716/4305 4713/4713/4303
f 4713/4713/4303 4714/4714/3940 4717/4717/4306
f 4718/4718/4307 4715/4715/4304 4716/4716/4305
f 4715/4715/4304 4718/4718/4307 4719/4719/4308
f 4716/4716/4305 4720/4720/4309 4718/4718/4307
f 4721/4721/4310 4720/4720/4309 4716/4716/4305
f 4717/4717/4306 4721/4721/4310 4716/4716/4305
f 4721/4721/4310 4722/4722/4311 4720/4720/4309
f 4722/4722/4311 4723/4723/4312 4720/4720/4309
f 4722/4722/4311 4724/4724/4313 4723/4723/4312
f 4724/4724/4313 4725/4725/4314 4723/4723/4312
f 4726/4726/4315 4721/4721/4310 4717/4717/4306
f 4717/4717/4306 4714/4714/3940 4727/4727/4316
f 4721/4721/4310 4726/4726/4315 4728/4728/4317
f 4722/4722/4311 4721/4721/4310 4728/4728/4317
f 4726/4726/4315 4729/4729/4318 4728/4728/4317
f 4722/4722/4311 4728/4728/4317 4730/4730/4319
f 4730/4730/4319 4724/4724/4313 4722/4722/4311
f 4729/4729/4318 4730/4730/4319 4728/4728/4317
f 4731/4731/4320 4726/4726/4315 4717/4717/4306
f 4717/4717/4306 4727/4727/4316 4731/4731/4320
f 4732/4732/4321 4726/4726/4315 4731/4731/4320
f 4730/4730/4319 4733/4733/4322 4724/4724/4313
f 4723/4723/4312 4725/4725/4314 4734/4734/4323
f 4734/4734/4323 4735/4735/4324 4723/4723/4312
f 4723/4723/4312 4735/4735/4324 4720/4720/4309
f 4736/4736/3915 4735/4735/4324 4734/4734/4323
f 4737/4737/4325 4733/4733/4322 4730/4730/4319
f 4730/4730/4319 4738/4738/4326 4737/4737/4325
f 4730/4730/4319 4729/4729/4318 4738/4738/4326
f 4737/4737/4325 4738/4738/4326 4739/4739/4327
f 4738/4738/4326 4740/4740/4328 4739/4739/4327
f 4740/4740/4328 4738/4738/4326 4729/4729/4318
f 4741/4741/4293 4739/4739/4327 4740/4740/4328
f 4742/4742/4262 4739/4739/4327 4741/4741/4293
f 4741/4741/4293 4740/4740/4328 4743/4743/4329
f 4740/4740/4328 4729/4729/4318 4743/4743/4329
f 4744/4744/3953 4743/4743/4329 4732/4732/4321
f 4744/4744/3953 4732/4732/4321 4731/4731/4320
f 4743/4743/4329 4745/4745/4295 4741/4741/4293
f 4745/4745/4295 4743/4743/4329 4746/4746/3954
f 4746/4746/3954 4743/4743/4329 4744/4744/3953
f 4745/4745/4295 4746/4746/3954 4747/4747/4330
f 4743/4743/4329 4748/4748/4331 4732/4732/4321
f 4743/4743/4329 4729/4729/4318 4748/4748/4331
f 4735/4735/4324 4736/4736/3915 4749/4749/4332
f 4750/4750/4333 4735/4735/4324 4749/4749/4332
f 4749/4749/4332 4736/4736/3915 4751/4751/4334
f 4749/4749/4332 4751/4751/4334 4752/4752/4335
f 4752/4752/4335 4753/4753/4336 4749/4749/4332
f 4750/4750/4333 4749/4749/4332 4754/4754/4337
f 4754/4754/4337 4749/4749/4332 4753/4753/4336
f 4754/4754/4337 4720/4720/4309 4750/4750/4333
f 4735/4735/4324 4750/4750/4333 4720/4720/4309
f 4720/4720/4309 4754/4754/4337 4718/4718/4307
f 4754/4754/4337 4755/4755/4338 4718/4718/4307
f 4718/4718/4307 4755/4755/4338 4719/4719/4308
f 4755/4755/4338 4756/4756/4339 4719/4719/4308
f 4719/4719/4308 4756/4756/4339 4757/4757/4340
f 4757/4757/4340 4758/4758/4341 4719/4719/4308
f 4719/4719/4308 4758/4758/4341 4715/4715/4304
f 4689/4689/4286 4715/4715/4304 4758/4758/4341
f 4759/4759/4342 4689/4689/4286 4758/4758/4341
f 4758/4758/4341 4757/4757/4340 4760/4760/4343
f 4761/4761/4344 4760/4760/4343 4757/4757/4340
f 4757/4757/4340 4762/4762/4345 4761/4761/4344
f 4762/4762/4345 4757/4757/4340 4756/4756/4339
f 4762/4762/4345 4763/4763/4346 4761/4761/4344
f 4760/4760/4343 4761/4761/4344 4764/4764/4347
f 4765/4765/4348 4759/4759/4342 4758/4758/4341
f 4760/4760/4343 4765/4765/4348 4758/4758/4341
f 4766/4766/4349 4761/4761/4344 4763/4763/4346
f 4764/4764/4347 4761/4761/4344 4766/4766/4349
f 4763/4763/4346 4767/4767/4350 4766/4766/4349
f 4760/4760/4343 4768/4768/4351 4765/4765/4348
f 4765/4765/4348 4768/4768/4351 4769/4769/4283
f 4770/4770/4352 4759/4759/4342 4765/4765/4348
f 4765/4765/4348 4769/4769/4283 4770/4770/4352
f 4770/4770/4352 4771/4771/4353 4759/4759/4342
f 4771/4771/4353 4689/4689/4286 4759/4759/4342
f 4689/4689/4286 4771/4771/4353 4686/4686/4283
f 4772/4772/4354 4771/4771/4353 4770/4770/4352
f 4693/4693/4290 4771/4771/4353 4772/4772/4354
f 4693/4693/4290 4691/4691/4288 4771/4771/4353
f 4771/4771/4353 4691/4691/4288 4686/4686/4283
f 4770/4770/4352 4773/4773/4355 4772/4772/4354
f 4769/4769/4283 4773/4773/4355 4770/4770/4352
f 4774/4774/4356 4773/4773/4355 4769/4769/4283
f 4775/4775/4357 4774/4774/4356 4769/4769/4283
f 4769/4769/4283 4776/4776/4358 4775/4775/4357
f 4769/4769/4283 4768/4768/4351 4776/4776/4358
f 4768/4768/4351 4777/4777/4359 4776/4776/4358
f 4777/4777/4359 4768/4768/4351 4778/4778/4360
f 4776/4776/4358 4777/4777/4359 4779/4779/4361
f 4779/4779/4361 4775/4775/4357 4776/4776/4358
f 4777/4777/4359 4780/4780/4362 4779/4779/4361
f 4781/4781/4363 4780/4780/4362 4777/4777/4359
f 4781/4781/4363 4777/4777/4359 4778/4778/4360
f 4781/4781/4363 4778/4778/4360 4782/4782/4364
f 4766/4766/4349 4781/4781/4363 4782/4782/4364
f 4767/4767/4350 4781/4781/4363 4766/4766/4349
f 4780/4780/4362 4781/4781/4363 4767/4767/4350
f 4778/4778/4360 4764/4764/4347 4782/4782/4364
f 4766/4766/4349 4782/4782/4364 4764/4764/4347
f 4760/4760/4343 4764/4764/4347 4778/4778/4360
f 4778/4778/4360 4768/4768/4351 4760/4760/4343
f 4783/4783/4365 4763/4763/4346 4762/4762/4345
f 4762/4762/4345 4784/4784/4366 4783/4783/4365
f 4783/4783/4365 4784/4784/4366 4785/4785/4367
f 4784/4784/4366 4762/4762/4345 4786/4786/4368
f 4786/4786/4368 4787/4787/4369 4784/4784/4366
f 4787/4787/4369 4785/4785/4367 4784/4784/4366
f 4788/4788/4370 4785/4785/4367 4787/4787/4369
f 4756/4756/4339 4786/4786/4368 4762/4762/4345
f 4789/4789/4371 4786/4786/4368 4756/4756/4339
f 4786/4786/4368 4789/4789/4371 4787/4787/4369
f 4756/4756/4339 4755/4755/4338 4789/4789/4371
f 4788/4788/4370 4787/4787/4369 4790/4790/4372
f 4790/4790/4372 4787/4787/4369 4789/4789/4371
f 4790/4790/4372 4789/4789/4371 4791/4791/4373
f 4755/4755/4338 4791/4791/4373 4789/4789/4371
f 4791/4791/4373 4792/4792/4374 4790/4790/4372
f 4792/4792/4374 4793/4793/4375 4790/4790/4372
f 4790/4790/4372 4794/4794/4376 4788/4788/4370
f 4790/4790/4372 4793/4793/4375 4794/4794/4376
f 4791/4791/4373 4795/4795/4377 4792/4792/4374
f 4796/4796/4378 4792/4792/4374 4795/4795/4377
f 4754/4754/4337 4791/4791/4373 4755/4755/4338
f 4754/4754/4337 4797/4797/4379 4791/4791/4373
f 4795/4795/4377 4791/4791/4373 4797/4797/4379
f 4753/4753/4336 4797/4797/4379 4754/4754/4337
f 4797/4797/4379 4753/4753/4336 4795/4795/4377
f 4795/4795/4377 4753/4753/4336 4752/4752/4335
f 4752/4752/4335 4796/4796/4378 4795/4795/4377
f 4798/4798/4380 4799/4799/4381 4800/4800/4382
f 4800/4800/4382 4801/4801/4383 4798/4798/4380
f 4798/4798/4380 4801/4801/4383 4802/4802/4384
f 4802/4802/4384 4803/4803/4385 4798/4798/4380
f 4802/4802/4384 4804/4804/4386 4803/4803/4385
f 4804/4804/4386 4805/4805/4387 4803/4803/4385
f 4804/4804/4386 4802/4802/4384 4806/4806/4388
f 4806/4806/4388 4807/4807/3752 4804/4804/4386
f 4807/4807/3752 4806/4806/4388 4808/4808/4389
f 4808/4808/4389 4809/4809/4390 4807/4807/3752
f 4810/4810/4094 4809/4809/4390 4808/4808/4389
f 4811/4811/4391 4810/4810/4094 4808/4808/4389
f 4801/4801/4383 4812/4812/4392 4802/4802/4384
f 4813/4813/4393 4806/4806/4388 4802/4802/4384
f 4812/4812/4392 4813/4813/4393 4802/4802/4384
f 4814/4814/4394 4806/4806/4388 4813/4813/4393
f 4808/4808/4389 4814/4814/4394 4811/4811/4391
f 4808/4808/4389 4806/4806/4388 4814/4814/4394
f 4811/4811/4391 4814/4814/4394 4815/4815/4395
f 4816/4816/3350 4815/4815/4395 4814/4814/4394
f 4814/4814/4394 4813/4813/4393 4817/4817/3836
f 4813/4813/4393 4812/4812/4392 4817/4817/3836
f 4814/4814/4394 4817/4817/3836 4818/4818/4396
f 4817/4817/3836 4819/4819/4397 4818/4818/4396
f 4817/4817/3836 4812/4812/4392 4820/4820/4398
f 4820/4820/4398 4819/4819/4397 4817/4817/3836
f 4821/4821/4399 4820/4820/4398 4812/4812/4392
f 4820/4820/4398 4821/4821/4399 4819/4819/4397
f 4821/4821/4399 4822/4822/4400 4819/4819/4397
f 4822/4822/4400 4821/4821/4399 4823/4823/4401
f 4800/4800/4382 4823/4823/4401 4821/4821/4399
f 4821/4821/4399 4801/4801/4383 4800/4800/4382
f 4801/4801/4383 4821/4821/4399 4812/4812/4392
f 4824/4824/4402 4823/4823/4401 4800/4800/4382
f 4823/4823/4401 4824/4824/4402 4825/4825/4403
f 4799/4799/4381 4824/4824/4402 4800/4800/4382
f 4799/4799/4381 4826/4826/4404 4824/4824/4402
f 4827/4827/4405 4824/4824/4402 4826/4826/4404
f 4827/4827/4405 4828/4828/4351 4824/4824/4402
f 4824/4824/4402 4828/4828/4351 4825/4825/4403
f 4829/4829/3874 4825/4825/4403 4828/4828/4351
f 4830/4830/4406 4826/4826/4404 4799/4799/4381
f 4830/4830/4406 4831/4831/4407 4826/4826/4404
f 4799/4799/4381 4832/4832/4408 4830/4830/4406
f 4831/4831/4407 4830/4830/4406 4833/4833/4409
f 4833/4833/4409 4834/4834/4410 4831/4831/4407
f 4829/4829/3874 4828/4828/4351 4835/4835/4411
f 4836/4836/4412 4835/4835/4411 4828/4828/4351
f 4836/4836/4412 4837/4837/4413 4835/4835/4411
f 4838/4838/3876 4829/4829/3874 4835/4835/4411
f 4837/4837/4413 4838/4838/3876 4835/4835/4411
f 4839/4839/4414 4838/4838/3876 4837/4837/4413
f 4840/4840/4415 4839/4839/4414 4837/4837/4413
f 4840/4840/4415 4837/4837/4413 4836/4836/4412
f 4841/4841/4416 4839/4839/4414 4840/4840/4415
f 4839/4839/4414 4841/4841/4416 4842/4842/4391
f 4841/4841/4416 4843/4843/4417 4842/4842/4391
f 4843/4843/4417 4844/4844/4094 4842/4842/4391
f 4842/4842/4391 4845/4845/4418 4839/4839/4414
f 4839/4839/4414 4845/4845/4418 4846/4846/3886
f 4846/4846/3886 4838/4838/3876 4839/4839/4414
f 4847/4847/4419 4846/4846/3886 4845/4845/4418
f 4834/4834/4410 4833/4833/4409 4848/4848/4420
f 4848/4848/4420 4849/4849/4421 4834/4834/4410
f 4848/4848/4420 4850/4850/4422 4849/4849/4421
f 4850/4850/4422 4848/4848/4420 4851/4851/4423
f 4852/4852/4424 4851/4851/4423 4848/4848/4420
f 4852/4852/4424 4848/4848/4420 4853/4853/4425
f 4853/4853/4425 4854/4854/4426 4852/4852/4424
f 4855/4855/4427 4854/4854/4426 4853/4853/4425
f 4853/4853/4425 4856/4856/4428 4855/4855/4427
f 4855/4855/4427 4857/4857/4429 4854/4854/4426
f 4857/4857/4429 4855/4855/4427 4858/4858/4430
f 4859/4859/4431 4857/4857/4429 4858/4858/4430
f 4860/4860/4432 4859/4859/4431 4858/4858/4430
f 4859/4859/4431 4860/4860/4432 4861/4861/4433
f 4850/4850/4422 4851/4851/4423 4862/4862/4434
f 4863/4863/4435 4849/4849/4421 4850/4850/4422
f 4849/4849/4421 4863/4863/4435 4834/4834/4410
f 4863/4863/4435 4864/4864/4436 4834/4834/4410
f 4850/4850/4422 4865/4865/4437 4863/4863/4435
f 4850/4850/4422 4862/4862/4434 4865/4865/4437
f 4862/4862/4434 4866/4866/4438 4865/4865/4437
f 4858/4858/4430 4867/4867/4439 4860/4860/4432
f 4867/4867/4439 4858/4858/4430 4868/4868/4440
f 4868/4868/4440 4855/4855/4427 4856/4856/4428
f 4858/4858/4430 4855/4855/4427 4868/4868/4440
f 4861/4861/4433 4860/4860/4432 4869/4869/4441
f 4867/4867/4439 4869/4869/4441 4860/4860/4432
f 4867/4867/4439 4870/4870/4442 4869/4869/4441
f 4870/4870/4442 4867/4867/4439 4871/4871/4443
f 4868/4868/4440 4871/4871/4443 4867/4867/4439
f 4872/4872/3839 4869/4869/4441 4870/4870/4442
f 4832/4832/4408 4872/4872/3839 4870/4870/4442
f 4873/4873/4444 4872/4872/3839 4832/4832/4408
f 4873/4873/4444 4874/4874/4445 4872/4872/3839
f 4805/4805/4387 4874/4874/4445 4873/4873/4444
f 4803/4803/4385 4805/4805/4387 4873/4873/4444
f 4875/4875/4446 4872/4872/3839 4874/4874/4445
f 4875/4875/4446 4869/4869/4441 4872/4872/3839
f 4803/4803/4385 4873/4873/4444 4798/4798/4380
f 4873/4873/4444 4799/4799/4381 4798/4798/4380
f 4799/4799/4381 4873/4873/4444 4832/4832/4408
f 4832/4832/4408 4870/4870/4442 4830/4830/4406
f 4871/4871/4443 4830/4830/4406 4870/4870/4442
f 4833/4833/4409 4830/4830/4406 4871/4871/4443
f 4848/4848/4420 4833/4833/4409 4871/4871/4443
f 4876/4876/4447 4848/4848/4420 4871/4871/4443
f 4875/4875/4446 4877/4877/4448 4869/4869/4441
f 4848/4848/4420 4876/4876/4447 4853/4853/4425
f 4856/4856/4428 4853/4853/4425 4876/4876/4447
f 4876/4876/4447 4868/4868/4440 4856/4856/4428
f 4876/4876/4447 4871/4871/4443 4868/4868/4440
f 4869/4869/4441 4877/4877/4448 4861/4861/4433
f 4748/4748/4331 4726/4726/4315 4732/4732/4321
f 4748/4748/4331 4729/4729/4318 4726/4726/4315
f 4727/4727/4316 4744/4744/3953 4731/4731/4320
f 4878/4878/3907 4816/4816/3350 4814/4814/4394
f 4878/4878/3907 4814/4814/4394 4818/4818/4396
f 4879/4879/4449 4880/4880/4450 4881/4881/4451
f 4880/4880/4450 4879/4879/4449 4882/4882/4452
f 4880/4880/4450 4882/4882/4452 4865/4865/4437
f 4865/4865/4437 4866/4866/4438 4880/4880/4450
f 4882/4882/4452 4863/4863/4435 4865/4865/4437
f 4863/4863/4435 4882/4882/4452 4864/4864/4436
f 4879/4879/4449 4883/4883/4453 4882/4882/4452
f 4882/4882/4452 4883/4883/4453 4864/4864/4436
f 4879/4879/4449 4881/4881/4451 4884/4884/4454
f 4883/4883/4453 4879/4879/4449 4884/4884/4454
f 4881/4881/4451 4885/4885/4455 4884/4884/4454
f 4884/4884/4454 4886/4886/4456 4883/4883/4453
f 4883/4883/4453 4886/4886/4456 4864/4864/4436
f 4864/4864/4436 4886/4886/4456 4831/4831/4407
f 4831/4831/4407 4886/4886/4456 4826/4826/4404
f 4886/4886/4456 4827/4827/4405 4826/4826/4404
f 4834/4834/4410 4864/4864/4436 4831/4831/4407
f 4827/4827/4405 4886/4886/4456 4887/4887/4457
f 4886/4886/4456 4884/4884/4454 4887/4887/4457
f 4828/4828/4351 4827/4827/4405 4887/4887/4457
f 4836/4836/4412 4828/4828/4351 4887/4887/4457
f 4836/4836/4412 4887/4887/4457 4888/4888/4458
f 4884/4884/4454 4888/4888/4458 4887/4887/4457
f 4889/4889/4459 4836/4836/4412 4888/4888/4458
f 4840/4840/4415 4836/4836/4412 4889/4889/4459
f 4889/4889/4459 4841/4841/4416 4840/4840/4415
f 4889/4889/4459 4890/4890/4460 4841/4841/4416
f 4890/4890/4460 4843/4843/4417 4841/4841/4416
f 4890/4890/4460 4891/4891/4461 4843/4843/4417
f 4892/4892/4296 4891/4891/4461 4890/4890/4460
f 4892/4892/4296 4890/4890/4460 4889/4889/4459
f 4891/4891/4461 4892/4892/4296 4893/4893/4462
f 4885/4885/4455 4893/4893/4462 4892/4892/4296
f 4889/4889/4459 4888/4888/4458 4894/4894/4463
f 4889/4889/4459 4894/4894/4463 4892/4892/4296
f 4894/4894/4463 4888/4888/4458 4884/4884/4454
f 4884/4884/4454 4892/4892/4296 4894/4894/4463
f 4884/4884/4454 4885/4885/4455 4892/4892/4296
